n,width,arm,r,pass,idx,test_error
1000,1024,fwd,,,0,17.62
1000,1024,fwd,,,1,17.56
1000,1024,fwd,,,2,19.189999999999998
1000,1024,fwd,,,3,17.400000000000006
1000,1024,fwd,,,4,17.879999999999995
1000,1024,fwd,,,5,18.689999999999994
1000,1024,fwd,,,6,17.630000000000003
1000,1024,fwd,,,7,17.84
1000,1024,fwd,,,8,18.23
1000,1024,fwd,,,9,17.390000000000004
1000,1024,rcfopcitm,10,1,0,17.989999999999995
1000,1024,rcfopcitm,10,1,1,17.910000000000004
1000,1024,rcfopcitm,10,1,2,17.43
1000,1024,rcfopcitm,10,1,3,17.42
1000,1024,rcfopcitm,10,1,4,18.010000000000005
1000,1024,rcfopcitm,10,1,5,19.730000000000004
1000,1024,rcfopcitm,10,1,6,18.069999999999997
1000,1024,rcfopcitm,10,1,7,17.310000000000002
1000,1024,rcfopcitm,10,1,8,17.659999999999997
1000,1024,rcfopcitm,10,1,9,17.569999999999997
1000,1024,rcfopcitm,10,10,0,19.27
1000,1024,rcfopcitm,10,10,1,19.679999999999996
1000,1024,rcfopcitm,10,10,2,21.319999999999993
1000,1024,rcfopcitm,10,10,3,20.68
1000,1024,rcfopcitm,10,10,4,19.430000000000003
1000,1024,rcfopcitm,10,10,5,19.630000000000003
1000,1024,rcfopcitm,10,10,6,20.26
1000,1024,rcfopcitm,10,10,7,19.489999999999995
1000,1024,rcfopcitm,10,10,8,20.520000000000003
1000,1024,rcfopcitm,10,10,9,21.16
1000,1024,rcfopcitm,10,2,0,17.95
1000,1024,rcfopcitm,10,2,1,19.869999999999997
1000,1024,rcfopcitm,10,2,2,17.600000000000005
1000,1024,rcfopcitm,10,2,3,17.44
1000,1024,rcfopcitm,10,2,4,18.06
1000,1024,rcfopcitm,10,2,5,17.490000000000006
1000,1024,rcfopcitm,10,2,6,17.190000000000005
1000,1024,rcfopcitm,10,2,7,17.259999999999998
1000,1024,rcfopcitm,10,2,8,17.410000000000004
1000,1024,rcfopcitm,10,2,9,17.759999999999998
1000,1024,rcfopcitm,10,3,0,17.600000000000005
1000,1024,rcfopcitm,10,3,1,17.130000000000003
1000,1024,rcfopcitm,10,3,2,17.200000000000003
1000,1024,rcfopcitm,10,3,3,17.12
1000,1024,rcfopcitm,10,3,4,19.240000000000002
1000,1024,rcfopcitm,10,3,5,17.679999999999996
1000,1024,rcfopcitm,10,3,6,17.959999999999997
1000,1024,rcfopcitm,10,3,7,17.56
1000,1024,rcfopcitm,10,3,8,17.520000000000003
1000,1024,rcfopcitm,10,3,9,17.15
1000,1024,rcfopcitm,10,4,0,17.349999999999998
1000,1024,rcfopcitm,10,4,1,17.689999999999994
1000,1024,rcfopcitm,10,4,2,16.800000000000004
1000,1024,rcfopcitm,10,4,3,16.669999999999995
1000,1024,rcfopcitm,10,4,4,19.08
1000,1024,rcfopcitm,10,4,5,16.679999999999996
1000,1024,rcfopcitm,10,4,6,17.159999999999997
1000,1024,rcfopcitm,10,4,7,16.65
1000,1024,rcfopcitm,10,4,8,17.959999999999997
1000,1024,rcfopcitm,10,4,9,16.700000000000003
1000,1024,rcfopcitm,10,5,0,17.549999999999997
1000,1024,rcfopcitm,10,5,1,16.849999999999998
1000,1024,rcfopcitm,10,5,2,16.82
1000,1024,rcfopcitm,10,5,3,18.759999999999998
1000,1024,rcfopcitm,10,5,4,17.800000000000004
1000,1024,rcfopcitm,10,5,5,16.369999999999997
1000,1024,rcfopcitm,10,5,6,16.690000000000005
1000,1024,rcfopcitm,10,5,7,16.679999999999996
1000,1024,rcfopcitm,10,5,8,17.390000000000004
1000,1024,rcfopcitm,10,5,9,16.63
1000,1024,rcfopcitm,10,6,0,17.43
1000,1024,rcfopcitm,10,6,1,16.080000000000005
1000,1024,rcfopcitm,10,6,2,16.600000000000005
1000,1024,rcfopcitm,10,6,3,18.310000000000002
1000,1024,rcfopcitm,10,6,4,16.190000000000005
1000,1024,rcfopcitm,10,6,5,17.44
1000,1024,rcfopcitm,10,6,6,17.330000000000002
1000,1024,rcfopcitm,10,6,7,16.190000000000005
1000,1024,rcfopcitm,10,6,8,16.14
1000,1024,rcfopcitm,10,6,9,16.64
1000,1024,rcfopcitm,10,7,0,16.42
1000,1024,rcfopcitm,10,7,1,16.53
1000,1024,rcfopcitm,10,7,2,16.1
1000,1024,rcfopcitm,10,7,3,18.159999999999997
1000,1024,rcfopcitm,10,7,4,16.690000000000005
1000,1024,rcfopcitm,10,7,5,17.01
1000,1024,rcfopcitm,10,7,6,17.679999999999996
1000,1024,rcfopcitm,10,7,7,16.310000000000002
1000,1024,rcfopcitm,10,7,8,16.71
1000,1024,rcfopcitm,10,7,9,17.069999999999997
1000,1024,rcfopcitm,10,8,0,17.44
1000,1024,rcfopcitm,10,8,1,17.740000000000002
1000,1024,rcfopcitm,10,8,2,18.489999999999995
1000,1024,rcfopcitm,10,8,3,17.200000000000003
1000,1024,rcfopcitm,10,8,4,16.759999999999998
1000,1024,rcfopcitm,10,8,5,16.679999999999996
1000,1024,rcfopcitm,10,8,6,16.990000000000006
1000,1024,rcfopcitm,10,8,7,16.600000000000005
1000,1024,rcfopcitm,10,8,8,17.23
1000,1024,rcfopcitm,10,8,9,16.95
1000,1024,rcfopcitm,10,9,0,18.300000000000004
1000,1024,rcfopcitm,10,9,1,17.889999999999993
1000,1024,rcfopcitm,10,9,2,19.120000000000005
1000,1024,rcfopcitm,10,9,3,17.100000000000005
1000,1024,rcfopcitm,10,9,4,17.049999999999997
1000,1024,rcfopcitm,10,9,5,17.800000000000004
1000,1024,rcfopcitm,10,9,6,18.310000000000002
1000,1024,rcfopcitm,10,9,7,17.879999999999995
1000,1024,rcfopcitm,10,9,8,18.899999999999995
1000,1024,rcfopcitm,10,9,9,18.259999999999998
1000,1024,rcfopcitm,12,1,0,19.610000000000007
1000,1024,rcfopcitm,12,1,1,17.610000000000003
1000,1024,rcfopcitm,12,1,2,18.100000000000005
1000,1024,rcfopcitm,12,1,3,17.54
1000,1024,rcfopcitm,12,1,4,18.000000000000004
1000,1024,rcfopcitm,12,1,5,17.549999999999997
1000,1024,rcfopcitm,12,1,6,17.459999999999997
1000,1024,rcfopcitm,12,1,7,18.169999999999998
1000,1024,rcfopcitm,12,1,8,18.120000000000005
1000,1024,rcfopcitm,12,1,9,17.349999999999998
1000,1024,rcfopcitm,12,10,0,18.520000000000003
1000,1024,rcfopcitm,12,10,1,19.14
1000,1024,rcfopcitm,12,10,2,18.279999999999998
1000,1024,rcfopcitm,12,10,3,18.64
1000,1024,rcfopcitm,12,10,4,19.479999999999997
1000,1024,rcfopcitm,12,10,5,19.979999999999997
1000,1024,rcfopcitm,12,10,6,19.020000000000003
1000,1024,rcfopcitm,12,10,7,18.789999999999996
1000,1024,rcfopcitm,12,10,8,19.759999999999998
1000,1024,rcfopcitm,12,10,9,18.44
1000,1024,rcfopcitm,12,2,0,17.259999999999998
1000,1024,rcfopcitm,12,2,1,19.369999999999997
1000,1024,rcfopcitm,12,2,2,17.740000000000002
1000,1024,rcfopcitm,12,2,3,18.03
1000,1024,rcfopcitm,12,2,4,18.06
1000,1024,rcfopcitm,12,2,5,17.53
1000,1024,rcfopcitm,12,2,6,17.900000000000006
1000,1024,rcfopcitm,12,2,7,17.330000000000002
1000,1024,rcfopcitm,12,2,8,17.24
1000,1024,rcfopcitm,12,2,9,17.36
1000,1024,rcfopcitm,12,3,0,17.820000000000004
1000,1024,rcfopcitm,12,3,1,16.849999999999998
1000,1024,rcfopcitm,12,3,2,17.630000000000003
1000,1024,rcfopcitm,12,3,3,16.93
1000,1024,rcfopcitm,12,3,4,16.769999999999996
1000,1024,rcfopcitm,12,3,5,17.15
1000,1024,rcfopcitm,12,3,6,17.400000000000006
1000,1024,rcfopcitm,12,3,7,16.849999999999998
1000,1024,rcfopcitm,12,3,8,19.130000000000003
1000,1024,rcfopcitm,12,3,9,17.689999999999994
1000,1024,rcfopcitm,12,4,0,17.549999999999997
1000,1024,rcfopcitm,12,4,1,17.849999999999998
1000,1024,rcfopcitm,12,4,2,16.779999999999994
1000,1024,rcfopcitm,12,4,3,16.910000000000004
1000,1024,rcfopcitm,12,4,4,18.930000000000003
1000,1024,rcfopcitm,12,4,5,17.110000000000003
1000,1024,rcfopcitm,12,4,6,16.759999999999998
1000,1024,rcfopcitm,12,4,7,17.279999999999994
1000,1024,rcfopcitm,12,4,8,16.910000000000004
1000,1024,rcfopcitm,12,4,9,16.559999999999995
1000,1024,rcfopcitm,12,5,0,17.689999999999994
1000,1024,rcfopcitm,12,5,1,17.689999999999994
1000,1024,rcfopcitm,12,5,2,16.51
1000,1024,rcfopcitm,12,5,3,16.579999999999995
1000,1024,rcfopcitm,12,5,4,17.349999999999998
1000,1024,rcfopcitm,12,5,5,16.42
1000,1024,rcfopcitm,12,5,6,18.720000000000002
1000,1024,rcfopcitm,12,5,7,16.879999999999995
1000,1024,rcfopcitm,12,5,8,16.410000000000004
1000,1024,rcfopcitm,12,5,9,16.400000000000002
1000,1024,rcfopcitm,12,6,0,16.579999999999995
1000,1024,rcfopcitm,12,6,1,17.659999999999997
1000,1024,rcfopcitm,12,6,2,16.469999999999995
1000,1024,rcfopcitm,12,6,3,17.169999999999995
1000,1024,rcfopcitm,12,6,4,17.000000000000004
1000,1024,rcfopcitm,12,6,5,16.43
1000,1024,rcfopcitm,12,6,6,16.979999999999997
1000,1024,rcfopcitm,12,6,7,16.049999999999997
1000,1024,rcfopcitm,12,6,8,16.659999999999997
1000,1024,rcfopcitm,12,6,9,18.479999999999997
1000,1024,rcfopcitm,12,7,0,17.25
1000,1024,rcfopcitm,12,7,1,17.200000000000003
1000,1024,rcfopcitm,12,7,2,16.82
1000,1024,rcfopcitm,12,7,3,16.969999999999995
1000,1024,rcfopcitm,12,7,4,18.55
1000,1024,rcfopcitm,12,7,5,17.779999999999994
1000,1024,rcfopcitm,12,7,6,17.44
1000,1024,rcfopcitm,12,7,7,16.600000000000005
1000,1024,rcfopcitm,12,7,8,17.369999999999997
1000,1024,rcfopcitm,12,7,9,16.859999999999996
1000,1024,rcfopcitm,12,8,0,19.040000000000003
1000,1024,rcfopcitm,12,8,1,20.199999999999996
1000,1024,rcfopcitm,12,8,2,18.899999999999995
1000,1024,rcfopcitm,12,8,3,19.510000000000005
1000,1024,rcfopcitm,12,8,4,20.06
1000,1024,rcfopcitm,12,8,5,18.92
1000,1024,rcfopcitm,12,8,6,18.069999999999997
1000,1024,rcfopcitm,12,8,7,20.35
1000,1024,rcfopcitm,12,8,8,18.23
1000,1024,rcfopcitm,12,8,9,19.669999999999998
1000,1024,rcfopcitm,12,9,0,20.109999999999996
1000,1024,rcfopcitm,12,9,1,19.85
1000,1024,rcfopcitm,12,9,2,19.630000000000003
1000,1024,rcfopcitm,12,9,3,19.279999999999998
1000,1024,rcfopcitm,12,9,4,18.700000000000006
1000,1024,rcfopcitm,12,9,5,17.520000000000003
1000,1024,rcfopcitm,12,9,6,19.420000000000005
1000,1024,rcfopcitm,12,9,7,19.06
1000,1024,rcfopcitm,12,9,8,19.840000000000003
1000,1024,rcfopcitm,12,9,9,18.459999999999997
1000,1024,rcfopcitm,2,1,0,17.25
1000,1024,rcfopcitm,2,1,1,19.179999999999996
1000,1024,rcfopcitm,2,1,2,17.510000000000005
1000,1024,rcfopcitm,2,1,3,17.789999999999996
1000,1024,rcfopcitm,2,1,4,17.34
1000,1024,rcfopcitm,2,1,5,17.600000000000005
1000,1024,rcfopcitm,2,1,6,17.62
1000,1024,rcfopcitm,2,1,7,17.94
1000,1024,rcfopcitm,2,1,8,18.220000000000002
1000,1024,rcfopcitm,2,1,9,17.390000000000004
1000,1024,rcfopcitm,2,10,0,17.56
1000,1024,rcfopcitm,2,10,1,17.769999999999996
1000,1024,rcfopcitm,2,10,2,17.01
1000,1024,rcfopcitm,2,10,3,17.689999999999994
1000,1024,rcfopcitm,2,10,4,18.020000000000003
1000,1024,rcfopcitm,2,10,5,17.73
1000,1024,rcfopcitm,2,10,6,17.889999999999993
1000,1024,rcfopcitm,2,10,7,19.910000000000004
1000,1024,rcfopcitm,2,10,8,18.220000000000002
1000,1024,rcfopcitm,2,10,9,18.130000000000003
1000,1024,rcfopcitm,2,2,0,17.490000000000006
1000,1024,rcfopcitm,2,2,1,17.820000000000004
1000,1024,rcfopcitm,2,2,2,17.469999999999995
1000,1024,rcfopcitm,2,2,3,17.849999999999998
1000,1024,rcfopcitm,2,2,4,17.379999999999995
1000,1024,rcfopcitm,2,2,5,17.959999999999997
1000,1024,rcfopcitm,2,2,6,19.340000000000003
1000,1024,rcfopcitm,2,2,7,17.94
1000,1024,rcfopcitm,2,2,8,17.25
1000,1024,rcfopcitm,2,2,9,18.25
1000,1024,rcfopcitm,2,3,0,17.97
1000,1024,rcfopcitm,2,3,1,17.97
1000,1024,rcfopcitm,2,3,2,19.410000000000004
1000,1024,rcfopcitm,2,3,3,17.400000000000006
1000,1024,rcfopcitm,2,3,4,18.110000000000003
1000,1024,rcfopcitm,2,3,5,17.159999999999997
1000,1024,rcfopcitm,2,3,6,17.56
1000,1024,rcfopcitm,2,3,7,17.740000000000002
1000,1024,rcfopcitm,2,3,8,17.94
1000,1024,rcfopcitm,2,3,9,17.459999999999997
1000,1024,rcfopcitm,2,4,0,17.97
1000,1024,rcfopcitm,2,4,1,17.090000000000003
1000,1024,rcfopcitm,2,4,2,17.75
1000,1024,rcfopcitm,2,4,3,17.469999999999995
1000,1024,rcfopcitm,2,4,4,19.799999999999997
1000,1024,rcfopcitm,2,4,5,17.579999999999995
1000,1024,rcfopcitm,2,4,6,17.510000000000005
1000,1024,rcfopcitm,2,4,7,18.020000000000003
1000,1024,rcfopcitm,2,4,8,18.089999999999996
1000,1024,rcfopcitm,2,4,9,18.14
1000,1024,rcfopcitm,2,5,0,18.079999999999995
1000,1024,rcfopcitm,2,5,1,17.720000000000002
1000,1024,rcfopcitm,2,5,2,18.069999999999997
1000,1024,rcfopcitm,2,5,3,18.010000000000005
1000,1024,rcfopcitm,2,5,4,17.75
1000,1024,rcfopcitm,2,5,5,17.330000000000002
1000,1024,rcfopcitm,2,5,6,18.06
1000,1024,rcfopcitm,2,5,7,17.630000000000003
1000,1024,rcfopcitm,2,5,8,19.610000000000007
1000,1024,rcfopcitm,2,5,9,17.600000000000005
1000,1024,rcfopcitm,2,6,0,19.669999999999998
1000,1024,rcfopcitm,2,6,1,17.94
1000,1024,rcfopcitm,2,6,2,17.65
1000,1024,rcfopcitm,2,6,3,17.789999999999996
1000,1024,rcfopcitm,2,6,4,17.759999999999998
1000,1024,rcfopcitm,2,6,5,17.510000000000005
1000,1024,rcfopcitm,2,6,6,17.200000000000003
1000,1024,rcfopcitm,2,6,7,17.95
1000,1024,rcfopcitm,2,6,8,17.95
1000,1024,rcfopcitm,2,6,9,18.010000000000005
1000,1024,rcfopcitm,2,7,0,19.699999999999996
1000,1024,rcfopcitm,2,7,1,17.789999999999996
1000,1024,rcfopcitm,2,7,2,18.010000000000005
1000,1024,rcfopcitm,2,7,3,17.879999999999995
1000,1024,rcfopcitm,2,7,4,18.089999999999996
1000,1024,rcfopcitm,2,7,5,18.120000000000005
1000,1024,rcfopcitm,2,7,6,18.159999999999997
1000,1024,rcfopcitm,2,7,7,17.520000000000003
1000,1024,rcfopcitm,2,7,8,17.600000000000005
1000,1024,rcfopcitm,2,7,9,17.110000000000003
1000,1024,rcfopcitm,2,8,0,17.600000000000005
1000,1024,rcfopcitm,2,8,1,17.24
1000,1024,rcfopcitm,2,8,2,17.959999999999997
1000,1024,rcfopcitm,2,8,3,18.069999999999997
1000,1024,rcfopcitm,2,8,4,17.65
1000,1024,rcfopcitm,2,8,5,17.779999999999994
1000,1024,rcfopcitm,2,8,6,17.769999999999996
1000,1024,rcfopcitm,2,8,7,18.400000000000006
1000,1024,rcfopcitm,2,8,8,17.910000000000004
1000,1024,rcfopcitm,2,8,9,19.740000000000002
1000,1024,rcfopcitm,2,9,0,17.959999999999997
1000,1024,rcfopcitm,2,9,1,18.45
1000,1024,rcfopcitm,2,9,2,18.04
1000,1024,rcfopcitm,2,9,3,19.759999999999998
1000,1024,rcfopcitm,2,9,4,17.73
1000,1024,rcfopcitm,2,9,5,17.610000000000003
1000,1024,rcfopcitm,2,9,6,17.04
1000,1024,rcfopcitm,2,9,7,17.700000000000003
1000,1024,rcfopcitm,2,9,8,18.05
1000,1024,rcfopcitm,2,9,9,17.65
1000,1024,rcfopcitm,3,1,0,17.75
1000,1024,rcfopcitm,3,1,1,17.800000000000004
1000,1024,rcfopcitm,3,1,2,19.179999999999996
1000,1024,rcfopcitm,3,1,3,17.400000000000006
1000,1024,rcfopcitm,3,1,4,17.410000000000004
1000,1024,rcfopcitm,3,1,5,18.240000000000002
1000,1024,rcfopcitm,3,1,6,17.269999999999996
1000,1024,rcfopcitm,3,1,7,17.32
1000,1024,rcfopcitm,3,1,8,17.94
1000,1024,rcfopcitm,3,1,9,17.65
1000,1024,rcfopcitm,3,10,0,17.45
1000,1024,rcfopcitm,3,10,1,16.84
1000,1024,rcfopcitm,3,10,2,19.389999999999997
1000,1024,rcfopcitm,3,10,3,17.01
1000,1024,rcfopcitm,3,10,4,17.15
1000,1024,rcfopcitm,3,10,5,17.659999999999997
1000,1024,rcfopcitm,3,10,6,18.04
1000,1024,rcfopcitm,3,10,7,17.12
1000,1024,rcfopcitm,3,10,8,17.349999999999998
1000,1024,rcfopcitm,3,10,9,17.549999999999997
1000,1024,rcfopcitm,3,2,0,17.169999999999995
1000,1024,rcfopcitm,3,2,1,17.56
1000,1024,rcfopcitm,3,2,2,19.25
1000,1024,rcfopcitm,3,2,3,17.130000000000003
1000,1024,rcfopcitm,3,2,4,18.100000000000005
1000,1024,rcfopcitm,3,2,5,17.979999999999997
1000,1024,rcfopcitm,3,2,6,18.06
1000,1024,rcfopcitm,3,2,7,17.92
1000,1024,rcfopcitm,3,2,8,17.369999999999997
1000,1024,rcfopcitm,3,2,9,17.830000000000002
1000,1024,rcfopcitm,3,3,0,17.900000000000006
1000,1024,rcfopcitm,3,3,1,18.069999999999997
1000,1024,rcfopcitm,3,3,2,17.32
1000,1024,rcfopcitm,3,3,3,18.200000000000006
1000,1024,rcfopcitm,3,3,4,18.06
1000,1024,rcfopcitm,3,3,5,17.130000000000003
1000,1024,rcfopcitm,3,3,6,17.830000000000002
1000,1024,rcfopcitm,3,3,7,17.610000000000003
1000,1024,rcfopcitm,3,3,8,19.56
1000,1024,rcfopcitm,3,3,9,17.25
1000,1024,rcfopcitm,3,4,0,18.110000000000003
1000,1024,rcfopcitm,3,4,1,17.130000000000003
1000,1024,rcfopcitm,3,4,2,18.020000000000003
1000,1024,rcfopcitm,3,4,3,19.630000000000003
1000,1024,rcfopcitm,3,4,4,18.240000000000002
1000,1024,rcfopcitm,3,4,5,17.769999999999996
1000,1024,rcfopcitm,3,4,6,17.390000000000004
1000,1024,rcfopcitm,3,4,7,17.679999999999996
1000,1024,rcfopcitm,3,4,8,17.23
1000,1024,rcfopcitm,3,4,9,17.459999999999997
1000,1024,rcfopcitm,3,5,0,17.310000000000002
1000,1024,rcfopcitm,3,5,1,19.66
1000,1024,rcfopcitm,3,5,2,17.679999999999996
1000,1024,rcfopcitm,3,5,3,18.089999999999996
1000,1024,rcfopcitm,3,5,4,17.110000000000003
1000,1024,rcfopcitm,3,5,5,18.23
1000,1024,rcfopcitm,3,5,6,17.86
1000,1024,rcfopcitm,3,5,7,17.049999999999997
1000,1024,rcfopcitm,3,5,8,17.210000000000004
1000,1024,rcfopcitm,3,5,9,17.869999999999997
1000,1024,rcfopcitm,3,6,0,17.179999999999996
1000,1024,rcfopcitm,3,6,1,17.04
1000,1024,rcfopcitm,3,6,2,18.279999999999998
1000,1024,rcfopcitm,3,6,3,17.849999999999998
1000,1024,rcfopcitm,3,6,4,17.36
1000,1024,rcfopcitm,3,6,5,17.97
1000,1024,rcfopcitm,3,6,6,17.079999999999995
1000,1024,rcfopcitm,3,6,7,17.820000000000004
1000,1024,rcfopcitm,3,6,8,17.700000000000003
1000,1024,rcfopcitm,3,6,9,19.869999999999997
1000,1024,rcfopcitm,3,7,0,17.869999999999997
1000,1024,rcfopcitm,3,7,1,17.32
1000,1024,rcfopcitm,3,7,2,17.889999999999993
1000,1024,rcfopcitm,3,7,3,18.189999999999994
1000,1024,rcfopcitm,3,7,4,17.659999999999997
1000,1024,rcfopcitm,3,7,5,19.66
1000,1024,rcfopcitm,3,7,6,17.259999999999998
1000,1024,rcfopcitm,3,7,7,17.810000000000002
1000,1024,rcfopcitm,3,7,8,17.06
1000,1024,rcfopcitm,3,7,9,17.42
1000,1024,rcfopcitm,3,8,0,17.610000000000003
1000,1024,rcfopcitm,3,8,1,19.650000000000002
1000,1024,rcfopcitm,3,8,2,18.179999999999996
1000,1024,rcfopcitm,3,8,3,17.43
1000,1024,rcfopcitm,3,8,4,17.779999999999994
1000,1024,rcfopcitm,3,8,5,17.800000000000004
1000,1024,rcfopcitm,3,8,6,16.969999999999995
1000,1024,rcfopcitm,3,8,7,17.700000000000003
1000,1024,rcfopcitm,3,8,8,17.23
1000,1024,rcfopcitm,3,8,9,17.23
1000,1024,rcfopcitm,3,9,0,17.479999999999997
1000,1024,rcfopcitm,3,9,1,17.259999999999998
1000,1024,rcfopcitm,3,9,2,17.169999999999995
1000,1024,rcfopcitm,3,9,3,17.54
1000,1024,rcfopcitm,3,9,4,19.520000000000003
1000,1024,rcfopcitm,3,9,5,18.079999999999995
1000,1024,rcfopcitm,3,9,6,16.879999999999995
1000,1024,rcfopcitm,3,9,7,17.34
1000,1024,rcfopcitm,3,9,8,17.769999999999996
1000,1024,rcfopcitm,3,9,9,17.23
1000,1024,rcfopcitm,5,1,0,17.43
1000,1024,rcfopcitm,5,1,1,17.97
1000,1024,rcfopcitm,5,1,2,18.000000000000004
1000,1024,rcfopcitm,5,1,3,17.759999999999998
1000,1024,rcfopcitm,5,1,4,19.340000000000003
1000,1024,rcfopcitm,5,1,5,17.200000000000003
1000,1024,rcfopcitm,5,1,6,18.289999999999996
1000,1024,rcfopcitm,5,1,7,17.25
1000,1024,rcfopcitm,5,1,8,17.410000000000004
1000,1024,rcfopcitm,5,1,9,17.73
1000,1024,rcfopcitm,5,10,0,17.569999999999997
1000,1024,rcfopcitm,5,10,1,18.269999999999996
1000,1024,rcfopcitm,5,10,2,16.400000000000002
1000,1024,rcfopcitm,5,10,3,16.410000000000004
1000,1024,rcfopcitm,5,10,4,16.569999999999997
1000,1024,rcfopcitm,5,10,5,17.03
1000,1024,rcfopcitm,5,10,6,16.62
1000,1024,rcfopcitm,5,10,7,16.190000000000005
1000,1024,rcfopcitm,5,10,8,16.910000000000004
1000,1024,rcfopcitm,5,10,9,16.279999999999994
1000,1024,rcfopcitm,5,2,0,17.630000000000003
1000,1024,rcfopcitm,5,2,1,17.42
1000,1024,rcfopcitm,5,2,2,18.06
1000,1024,rcfopcitm,5,2,3,19.510000000000005
1000,1024,rcfopcitm,5,2,4,17.23
1000,1024,rcfopcitm,5,2,5,17.84
1000,1024,rcfopcitm,5,2,6,17.290000000000006
1000,1024,rcfopcitm,5,2,7,17.689999999999994
1000,1024,rcfopcitm,5,2,8,17.279999999999994
1000,1024,rcfopcitm,5,2,9,17.86
1000,1024,rcfopcitm,5,3,0,17.190000000000005
1000,1024,rcfopcitm,5,3,1,17.43
1000,1024,rcfopcitm,5,3,2,17.410000000000004
1000,1024,rcfopcitm,5,3,3,17.14
1000,1024,rcfopcitm,5,3,4,17.689999999999994
1000,1024,rcfopcitm,5,3,5,17.84
1000,1024,rcfopcitm,5,3,6,17.820000000000004
1000,1024,rcfopcitm,5,3,7,17.400000000000006
1000,1024,rcfopcitm,5,3,8,18.169999999999998
1000,1024,rcfopcitm,5,3,9,19.789999999999996
1000,1024,rcfopcitm,5,4,0,17.900000000000006
1000,1024,rcfopcitm,5,4,1,17.589999999999996
1000,1024,rcfopcitm,5,4,2,17.159999999999997
1000,1024,rcfopcitm,5,4,3,17.159999999999997
1000,1024,rcfopcitm,5,4,4,17.330000000000002
1000,1024,rcfopcitm,5,4,5,19.710000000000004
1000,1024,rcfopcitm,5,4,6,17.020000000000003
1000,1024,rcfopcitm,5,4,7,17.62
1000,1024,rcfopcitm,5,4,8,17.369999999999997
1000,1024,rcfopcitm,5,4,9,17.500000000000004
1000,1024,rcfopcitm,5,5,0,16.900000000000006
1000,1024,rcfopcitm,5,5,1,16.900000000000006
1000,1024,rcfopcitm,5,5,2,17.049999999999997
1000,1024,rcfopcitm,5,5,3,17.200000000000003
1000,1024,rcfopcitm,5,5,4,17.290000000000006
1000,1024,rcfopcitm,5,5,5,17.589999999999996
1000,1024,rcfopcitm,5,5,6,17.349999999999998
1000,1024,rcfopcitm,5,5,7,17.86
1000,1024,rcfopcitm,5,5,8,17.369999999999997
1000,1024,rcfopcitm,5,5,9,19.45
1000,1024,rcfopcitm,5,6,0,17.24
1000,1024,rcfopcitm,5,6,1,17.01
1000,1024,rcfopcitm,5,6,2,19.210000000000004
1000,1024,rcfopcitm,5,6,3,17.910000000000004
1000,1024,rcfopcitm,5,6,4,16.75
1000,1024,rcfopcitm,5,6,5,16.71
1000,1024,rcfopcitm,5,6,6,16.82
1000,1024,rcfopcitm,5,6,7,17.079999999999995
1000,1024,rcfopcitm,5,6,8,16.869999999999997
1000,1024,rcfopcitm,5,6,9,17.269999999999996
1000,1024,rcfopcitm,5,7,0,16.82
1000,1024,rcfopcitm,5,7,1,16.900000000000006
1000,1024,rcfopcitm,5,7,2,16.74
1000,1024,rcfopcitm,5,7,3,16.720000000000002
1000,1024,rcfopcitm,5,7,4,17.169999999999995
1000,1024,rcfopcitm,5,7,5,18.03
1000,1024,rcfopcitm,5,7,6,18.930000000000003
1000,1024,rcfopcitm,5,7,7,16.74
1000,1024,rcfopcitm,5,7,8,16.969999999999995
1000,1024,rcfopcitm,5,7,9,17.210000000000004
1000,1024,rcfopcitm,5,8,0,18.740000000000002
1000,1024,rcfopcitm,5,8,1,16.520000000000003
1000,1024,rcfopcitm,5,8,2,16.63
1000,1024,rcfopcitm,5,8,3,17.049999999999997
1000,1024,rcfopcitm,5,8,4,16.610000000000003
1000,1024,rcfopcitm,5,8,5,16.479999999999993
1000,1024,rcfopcitm,5,8,6,16.800000000000004
1000,1024,rcfopcitm,5,8,7,16.45
1000,1024,rcfopcitm,5,8,8,17.090000000000003
1000,1024,rcfopcitm,5,8,9,17.95
1000,1024,rcfopcitm,5,9,0,17.23
1000,1024,rcfopcitm,5,9,1,17.25
1000,1024,rcfopcitm,5,9,2,16.810000000000002
1000,1024,rcfopcitm,5,9,3,16.62
1000,1024,rcfopcitm,5,9,4,17.769999999999996
1000,1024,rcfopcitm,5,9,5,16.379999999999995
1000,1024,rcfopcitm,5,9,6,16.669999999999995
1000,1024,rcfopcitm,5,9,7,16.669999999999995
1000,1024,rcfopcitm,5,9,8,18.56
1000,1024,rcfopcitm,5,9,9,16.459999999999997
1000,1024,rcfopcitm,7,1,0,17.310000000000002
1000,1024,rcfopcitm,7,1,1,17.900000000000006
1000,1024,rcfopcitm,7,1,2,18.06
1000,1024,rcfopcitm,7,1,3,19.279999999999998
1000,1024,rcfopcitm,7,1,4,17.810000000000002
1000,1024,rcfopcitm,7,1,5,17.56
1000,1024,rcfopcitm,7,1,6,17.400000000000006
1000,1024,rcfopcitm,7,1,7,17.300000000000004
1000,1024,rcfopcitm,7,1,8,17.23
1000,1024,rcfopcitm,7,1,9,17.95
1000,1024,rcfopcitm,7,10,0,16.190000000000005
1000,1024,rcfopcitm,7,10,1,17.169999999999995
1000,1024,rcfopcitm,7,10,2,16.62
1000,1024,rcfopcitm,7,10,3,16.659999999999997
1000,1024,rcfopcitm,7,10,4,16.790000000000006
1000,1024,rcfopcitm,7,10,5,17.03
1000,1024,rcfopcitm,7,10,6,17.679999999999996
1000,1024,rcfopcitm,7,10,7,16.830000000000002
1000,1024,rcfopcitm,7,10,8,18.089999999999996
1000,1024,rcfopcitm,7,10,9,16.73
1000,1024,rcfopcitm,7,2,0,17.349999999999998
1000,1024,rcfopcitm,7,2,1,17.379999999999995
1000,1024,rcfopcitm,7,2,2,17.349999999999998
1000,1024,rcfopcitm,7,2,3,17.290000000000006
1000,1024,rcfopcitm,7,2,4,17.849999999999998
1000,1024,rcfopcitm,7,2,5,19.499999999999996
1000,1024,rcfopcitm,7,2,6,17.800000000000004
1000,1024,rcfopcitm,7,2,7,17.789999999999996
1000,1024,rcfopcitm,7,2,8,17.369999999999997
1000,1024,rcfopcitm,7,2,9,17.830000000000002
1000,1024,rcfopcitm,7,3,0,17.279999999999994
1000,1024,rcfopcitm,7,3,1,17.53
1000,1024,rcfopcitm,7,3,2,19.520000000000003
1000,1024,rcfopcitm,7,3,3,17.740000000000002
1000,1024,rcfopcitm,7,3,4,17.34
1000,1024,rcfopcitm,7,3,5,17.810000000000002
1000,1024,rcfopcitm,7,3,6,17.190000000000005
1000,1024,rcfopcitm,7,3,7,17.14
1000,1024,rcfopcitm,7,3,8,17.73
1000,1024,rcfopcitm,7,3,9,17.25
1000,1024,rcfopcitm,7,4,0,17.73
1000,1024,rcfopcitm,7,4,1,17.190000000000005
1000,1024,rcfopcitm,7,4,2,17.210000000000004
1000,1024,rcfopcitm,7,4,3,17.100000000000005
1000,1024,rcfopcitm,7,4,4,19.230000000000004
1000,1024,rcfopcitm,7,4,5,17.469999999999995
1000,1024,rcfopcitm,7,4,6,17.459999999999997
1000,1024,rcfopcitm,7,4,7,16.92
1000,1024,rcfopcitm,7,4,8,17.100000000000005
1000,1024,rcfopcitm,7,4,9,17.789999999999996
1000,1024,rcfopcitm,7,5,0,16.769999999999996
1000,1024,rcfopcitm,7,5,1,16.679999999999996
1000,1024,rcfopcitm,7,5,2,16.71
1000,1024,rcfopcitm,7,5,3,17.25
1000,1024,rcfopcitm,7,5,4,17.84
1000,1024,rcfopcitm,7,5,5,17.15
1000,1024,rcfopcitm,7,5,6,16.759999999999998
1000,1024,rcfopcitm,7,5,7,18.910000000000004
1000,1024,rcfopcitm,7,5,8,17.069999999999997
1000,1024,rcfopcitm,7,5,9,16.93
1000,1024,rcfopcitm,7,6,0,16.830000000000002
1000,1024,rcfopcitm,7,6,1,18.94
1000,1024,rcfopcitm,7,6,2,16.790000000000006
1000,1024,rcfopcitm,7,6,3,16.459999999999997
1000,1024,rcfopcitm,7,6,4,17.020000000000003
1000,1024,rcfopcitm,7,6,5,16.469999999999995
1000,1024,rcfopcitm,7,6,6,17.630000000000003
1000,1024,rcfopcitm,7,6,7,17.01
1000,1024,rcfopcitm,7,6,8,16.390000000000004
1000,1024,rcfopcitm,7,6,9,16.520000000000003
1000,1024,rcfopcitm,7,7,0,16.410000000000004
1000,1024,rcfopcitm,7,7,1,16.459999999999997
1000,1024,rcfopcitm,7,7,2,17.589999999999996
1000,1024,rcfopcitm,7,7,3,18.389999999999993
1000,1024,rcfopcitm,7,7,4,17.379999999999995
1000,1024,rcfopcitm,7,7,5,16.400000000000002
1000,1024,rcfopcitm,7,7,6,16.779999999999994
1000,1024,rcfopcitm,7,7,7,17.290000000000006
1000,1024,rcfopcitm,7,7,8,16.659999999999997
1000,1024,rcfopcitm,7,7,9,16.300000000000004
1000,1024,rcfopcitm,7,8,0,16.569999999999997
1000,1024,rcfopcitm,7,8,1,16.45
1000,1024,rcfopcitm,7,8,2,16.700000000000003
1000,1024,rcfopcitm,7,8,3,17.069999999999997
1000,1024,rcfopcitm,7,8,4,16.200000000000003
1000,1024,rcfopcitm,7,8,5,17.700000000000003
1000,1024,rcfopcitm,7,8,6,17.01
1000,1024,rcfopcitm,7,8,7,16.34
1000,1024,rcfopcitm,7,8,8,16.610000000000003
1000,1024,rcfopcitm,7,8,9,18.14
1000,1024,rcfopcitm,7,9,0,16.590000000000003
1000,1024,rcfopcitm,7,9,1,16.82
1000,1024,rcfopcitm,7,9,2,17.049999999999997
1000,1024,rcfopcitm,7,9,3,16.490000000000006
1000,1024,rcfopcitm,7,9,4,18.089999999999996
1000,1024,rcfopcitm,7,9,5,16.43
1000,1024,rcfopcitm,7,9,6,16.700000000000003
1000,1024,rcfopcitm,7,9,7,16.43
1000,1024,rcfopcitm,7,9,8,17.700000000000003
1000,1024,rcfopcitm,7,9,9,16.830000000000002
1000,128,fwd,,,0,17.23
1000,128,fwd,,,1,16.900000000000006
1000,128,fwd,,,2,17.62
1000,128,fwd,,,3,17.390000000000004
1000,128,fwd,,,4,16.92
1000,128,fwd,,,5,17.24
1000,128,fwd,,,6,16.73
1000,128,fwd,,,7,16.669999999999995
1000,128,fwd,,,8,17.500000000000004
1000,128,fwd,,,9,18.35
1000,128,rcfopcitm,10,1,0,16.03
1000,128,rcfopcitm,10,1,1,16.700000000000003
1000,128,rcfopcitm,10,1,2,16.92
1000,128,rcfopcitm,10,1,3,17.349999999999998
1000,128,rcfopcitm,10,1,4,17.390000000000004
1000,128,rcfopcitm,10,1,5,16.590000000000003
1000,128,rcfopcitm,10,1,6,17.589999999999996
1000,128,rcfopcitm,10,1,7,18.45
1000,128,rcfopcitm,10,1,8,17.12
1000,128,rcfopcitm,10,1,9,17.259999999999998
1000,128,rcfopcitm,10,10,0,19.45
1000,128,rcfopcitm,10,10,1,20.36
1000,128,rcfopcitm,10,10,2,19.950000000000003
1000,128,rcfopcitm,10,10,3,19.14
1000,128,rcfopcitm,10,10,4,19.45
1000,128,rcfopcitm,10,10,5,18.92
1000,128,rcfopcitm,10,10,6,19.220000000000002
1000,128,rcfopcitm,10,10,7,20.430000000000003
1000,128,rcfopcitm,10,10,8,18.910000000000004
1000,128,rcfopcitm,10,10,9,20.35
1000,128,rcfopcitm,10,2,0,17.65
1000,128,rcfopcitm,10,2,1,17.520000000000003
1000,128,rcfopcitm,10,2,2,18.35
1000,128,rcfopcitm,10,2,3,17.56
1000,128,rcfopcitm,10,2,4,17.290000000000006
1000,128,rcfopcitm,10,2,5,17.210000000000004
1000,128,rcfopcitm,10,2,6,16.33
1000,128,rcfopcitm,10,2,7,16.75
1000,128,rcfopcitm,10,2,8,17.73
1000,128,rcfopcitm,10,2,9,16.490000000000006
1000,128,rcfopcitm,10,3,0,17.479999999999997
1000,128,rcfopcitm,10,3,1,17.579999999999995
1000,128,rcfopcitm,10,3,2,17.84
1000,128,rcfopcitm,10,3,3,16.43
1000,128,rcfopcitm,10,3,4,17.290000000000006
1000,128,rcfopcitm,10,3,5,17.500000000000004
1000,128,rcfopcitm,10,3,6,18.189999999999994
1000,128,rcfopcitm,10,3,7,16.939999999999998
1000,128,rcfopcitm,10,3,8,17.879999999999995
1000,128,rcfopcitm,10,3,9,16.93
1000,128,rcfopcitm,10,4,0,18.35
1000,128,rcfopcitm,10,4,1,17.44
1000,128,rcfopcitm,10,4,2,17.86
1000,128,rcfopcitm,10,4,3,17.830000000000002
1000,128,rcfopcitm,10,4,4,16.690000000000005
1000,128,rcfopcitm,10,4,5,17.100000000000005
1000,128,rcfopcitm,10,4,6,18.110000000000003
1000,128,rcfopcitm,10,4,7,18.489999999999995
1000,128,rcfopcitm,10,4,8,18.020000000000003
1000,128,rcfopcitm,10,4,9,17.659999999999997
1000,128,rcfopcitm,10,5,0,18.910000000000004
1000,128,rcfopcitm,10,5,1,19.06
1000,128,rcfopcitm,10,5,2,18.14
1000,128,rcfopcitm,10,5,3,18.47
1000,128,rcfopcitm,10,5,4,19.499999999999996
1000,128,rcfopcitm,10,5,5,18.35
1000,128,rcfopcitm,10,5,6,18.159999999999997
1000,128,rcfopcitm,10,5,7,17.24
1000,128,rcfopcitm,10,5,8,18.220000000000002
1000,128,rcfopcitm,10,5,9,17.679999999999996
1000,128,rcfopcitm,10,6,0,18.930000000000003
1000,128,rcfopcitm,10,6,1,20.25
1000,128,rcfopcitm,10,6,2,19.930000000000003
1000,128,rcfopcitm,10,6,3,18.279999999999998
1000,128,rcfopcitm,10,6,4,19.230000000000004
1000,128,rcfopcitm,10,6,5,19.099999999999994
1000,128,rcfopcitm,10,6,6,19.910000000000004
1000,128,rcfopcitm,10,6,7,18.130000000000003
1000,128,rcfopcitm,10,6,8,19.920000000000005
1000,128,rcfopcitm,10,6,9,18.810000000000006
1000,128,rcfopcitm,10,7,0,21.450000000000003
1000,128,rcfopcitm,10,7,1,19.979999999999997
1000,128,rcfopcitm,10,7,2,18.66
1000,128,rcfopcitm,10,7,3,20.420000000000005
1000,128,rcfopcitm,10,7,4,19.430000000000003
1000,128,rcfopcitm,10,7,5,20.520000000000003
1000,128,rcfopcitm,10,7,6,18.789999999999996
1000,128,rcfopcitm,10,7,7,20.340000000000003
1000,128,rcfopcitm,10,7,8,19.16
1000,128,rcfopcitm,10,7,9,21.509999999999994
1000,128,rcfopcitm,10,8,0,20.709999999999994
1000,128,rcfopcitm,10,8,1,20.709999999999994
1000,128,rcfopcitm,10,8,2,22.309999999999995
1000,128,rcfopcitm,10,8,3,19.110000000000007
1000,128,rcfopcitm,10,8,4,19.479999999999997
1000,128,rcfopcitm,10,8,5,19.489999999999995
1000,128,rcfopcitm,10,8,6,19.94
1000,128,rcfopcitm,10,8,7,20.109999999999996
1000,128,rcfopcitm,10,8,8,19.810000000000006
1000,128,rcfopcitm,10,8,9,21.16
1000,128,rcfopcitm,10,9,0,19.130000000000003
1000,128,rcfopcitm,10,9,1,19.840000000000003
1000,128,rcfopcitm,10,9,2,21.619999999999994
1000,128,rcfopcitm,10,9,3,19.94
1000,128,rcfopcitm,10,9,4,20.26
1000,128,rcfopcitm,10,9,5,19.210000000000004
1000,128,rcfopcitm,10,9,6,19.289999999999996
1000,128,rcfopcitm,10,9,7,19.650000000000002
1000,128,rcfopcitm,10,9,8,19.710000000000004
1000,128,rcfopcitm,10,9,9,19.830000000000002
1000,128,rcfopcitm,12,1,0,18.310000000000002
1000,128,rcfopcitm,12,1,1,16.859999999999996
1000,128,rcfopcitm,12,1,2,17.36
1000,128,rcfopcitm,12,1,3,15.910000000000002
1000,128,rcfopcitm,12,1,4,16.690000000000005
1000,128,rcfopcitm,12,1,5,17.179999999999996
1000,128,rcfopcitm,12,1,6,16.569999999999997
1000,128,rcfopcitm,12,1,7,17.23
1000,128,rcfopcitm,12,1,8,17.65
1000,128,rcfopcitm,12,1,9,17.600000000000005
1000,128,rcfopcitm,12,10,0,20.58
1000,128,rcfopcitm,12,10,1,19.479999999999997
1000,128,rcfopcitm,12,10,2,20.209999999999994
1000,128,rcfopcitm,12,10,3,19.220000000000002
1000,128,rcfopcitm,12,10,4,19.889999999999997
1000,128,rcfopcitm,12,10,5,19.599999999999994
1000,128,rcfopcitm,12,10,6,19.810000000000006
1000,128,rcfopcitm,12,10,7,19.720000000000006
1000,128,rcfopcitm,12,10,8,19.369999999999997
1000,128,rcfopcitm,12,10,9,20.66
1000,128,rcfopcitm,12,2,0,17.159999999999997
1000,128,rcfopcitm,12,2,1,18.259999999999998
1000,128,rcfopcitm,12,2,2,16.669999999999995
1000,128,rcfopcitm,12,2,3,17.669999999999998
1000,128,rcfopcitm,12,2,4,17.069999999999997
1000,128,rcfopcitm,12,2,5,16.180000000000007
1000,128,rcfopcitm,12,2,6,17.190000000000005
1000,128,rcfopcitm,12,2,7,16.439999999999998
1000,128,rcfopcitm,12,2,8,17.959999999999997
1000,128,rcfopcitm,12,2,9,17.56
1000,128,rcfopcitm,12,3,0,17.630000000000003
1000,128,rcfopcitm,12,3,1,17.94
1000,128,rcfopcitm,12,3,2,17.23
1000,128,rcfopcitm,12,3,3,17.630000000000003
1000,128,rcfopcitm,12,3,4,18.35
1000,128,rcfopcitm,12,3,5,17.579999999999995
1000,128,rcfopcitm,12,3,6,17.000000000000004
1000,128,rcfopcitm,12,3,7,17.630000000000003
1000,128,rcfopcitm,12,3,8,16.51
1000,128,rcfopcitm,12,3,9,17.179999999999996
1000,128,rcfopcitm,12,4,0,17.900000000000006
1000,128,rcfopcitm,12,4,1,18.92
1000,128,rcfopcitm,12,4,2,17.169999999999995
1000,128,rcfopcitm,12,4,3,17.97
1000,128,rcfopcitm,12,4,4,18.689999999999994
1000,128,rcfopcitm,12,4,5,18.05
1000,128,rcfopcitm,12,4,6,18.430000000000003
1000,128,rcfopcitm,12,4,7,17.520000000000003
1000,128,rcfopcitm,12,4,8,17.93
1000,128,rcfopcitm,12,4,9,19.199999999999996
1000,128,rcfopcitm,12,5,0,18.899999999999995
1000,128,rcfopcitm,12,5,1,17.53
1000,128,rcfopcitm,12,5,2,18.96
1000,128,rcfopcitm,12,5,3,18.710000000000004
1000,128,rcfopcitm,12,5,4,18.310000000000002
1000,128,rcfopcitm,12,5,5,18.189999999999994
1000,128,rcfopcitm,12,5,6,18.53
1000,128,rcfopcitm,12,5,7,19.77
1000,128,rcfopcitm,12,5,8,17.830000000000002
1000,128,rcfopcitm,12,5,9,19.540000000000003
1000,128,rcfopcitm,12,6,0,20.530000000000005
1000,128,rcfopcitm,12,6,1,18.689999999999994
1000,128,rcfopcitm,12,6,2,19.630000000000003
1000,128,rcfopcitm,12,6,3,20.199999999999996
1000,128,rcfopcitm,12,6,4,20.889999999999997
1000,128,rcfopcitm,12,6,5,18.820000000000004
1000,128,rcfopcitm,12,6,6,18.879999999999995
1000,128,rcfopcitm,12,6,7,19.77
1000,128,rcfopcitm,12,6,8,19.75
1000,128,rcfopcitm,12,6,9,19.510000000000005
1000,128,rcfopcitm,12,7,0,19.35
1000,128,rcfopcitm,12,7,1,19.45
1000,128,rcfopcitm,12,7,2,21.630000000000006
1000,128,rcfopcitm,12,7,3,20.950000000000003
1000,128,rcfopcitm,12,7,4,20.06
1000,128,rcfopcitm,12,7,5,20.009999999999994
1000,128,rcfopcitm,12,7,6,19.06
1000,128,rcfopcitm,12,7,7,20.05
1000,128,rcfopcitm,12,7,8,20.630000000000003
1000,128,rcfopcitm,12,7,9,20.930000000000003
1000,128,rcfopcitm,12,8,0,19.620000000000005
1000,128,rcfopcitm,12,8,1,19.189999999999998
1000,128,rcfopcitm,12,8,2,20.620000000000005
1000,128,rcfopcitm,12,8,3,19.08
1000,128,rcfopcitm,12,8,4,19.27
1000,128,rcfopcitm,12,8,5,20.040000000000003
1000,128,rcfopcitm,12,8,6,19.16
1000,128,rcfopcitm,12,8,7,20.589999999999996
1000,128,rcfopcitm,12,8,8,19.16
1000,128,rcfopcitm,12,8,9,19.05
1000,128,rcfopcitm,12,9,0,19.56
1000,128,rcfopcitm,12,9,1,19.699999999999996
1000,128,rcfopcitm,12,9,2,20.77
1000,128,rcfopcitm,12,9,3,19.25
1000,128,rcfopcitm,12,9,4,19.120000000000005
1000,128,rcfopcitm,12,9,5,19.310000000000006
1000,128,rcfopcitm,12,9,6,20.399999999999995
1000,128,rcfopcitm,12,9,7,19.430000000000003
1000,128,rcfopcitm,12,9,8,19.57
1000,128,rcfopcitm,12,9,9,19.399999999999995
1000,128,rcfopcitm,2,1,0,16.849999999999998
1000,128,rcfopcitm,2,1,1,17.110000000000003
1000,128,rcfopcitm,2,1,2,17.65
1000,128,rcfopcitm,2,1,3,18.300000000000004
1000,128,rcfopcitm,2,1,4,17.279999999999994
1000,128,rcfopcitm,2,1,5,17.600000000000005
1000,128,rcfopcitm,2,1,6,16.600000000000005
1000,128,rcfopcitm,2,1,7,17.259999999999998
1000,128,rcfopcitm,2,1,8,17.110000000000003
1000,128,rcfopcitm,2,1,9,16.95
1000,128,rcfopcitm,2,10,0,17.800000000000004
1000,128,rcfopcitm,2,10,1,17.700000000000003
1000,128,rcfopcitm,2,10,2,16.62
1000,128,rcfopcitm,2,10,3,18.179999999999996
1000,128,rcfopcitm,2,10,4,16.759999999999998
1000,128,rcfopcitm,2,10,5,18.010000000000005
1000,128,rcfopcitm,2,10,6,17.610000000000003
1000,128,rcfopcitm,2,10,7,17.049999999999997
1000,128,rcfopcitm,2,10,8,16.690000000000005
1000,128,rcfopcitm,2,10,9,17.759999999999998
1000,128,rcfopcitm,2,2,0,16.879999999999995
1000,128,rcfopcitm,2,2,1,17.679999999999996
1000,128,rcfopcitm,2,2,2,17.400000000000006
1000,128,rcfopcitm,2,2,3,16.359999999999996
1000,128,rcfopcitm,2,2,4,17.589999999999996
1000,128,rcfopcitm,2,2,5,17.169999999999995
1000,128,rcfopcitm,2,2,6,18.410000000000004
1000,128,rcfopcitm,2,2,7,17.169999999999995
1000,128,rcfopcitm,2,2,8,16.690000000000005
1000,128,rcfopcitm,2,2,9,17.200000000000003
1000,128,rcfopcitm,2,3,0,16.93
1000,128,rcfopcitm,2,3,1,16.249999999999996
1000,128,rcfopcitm,2,3,2,17.500000000000004
1000,128,rcfopcitm,2,3,3,17.12
1000,128,rcfopcitm,2,3,4,18.310000000000002
1000,128,rcfopcitm,2,3,5,17.210000000000004
1000,128,rcfopcitm,2,3,6,17.669999999999998
1000,128,rcfopcitm,2,3,7,17.43
1000,128,rcfopcitm,2,3,8,17.610000000000003
1000,128,rcfopcitm,2,3,9,16.849999999999998
1000,128,rcfopcitm,2,4,0,16.65
1000,128,rcfopcitm,2,4,1,18.210000000000004
1000,128,rcfopcitm,2,4,2,17.410000000000004
1000,128,rcfopcitm,2,4,3,16.84
1000,128,rcfopcitm,2,4,4,17.54
1000,128,rcfopcitm,2,4,5,16.259999999999998
1000,128,rcfopcitm,2,4,6,17.500000000000004
1000,128,rcfopcitm,2,4,7,17.290000000000006
1000,128,rcfopcitm,2,4,8,17.45
1000,128,rcfopcitm,2,4,9,17.12
1000,128,rcfopcitm,2,5,0,17.479999999999997
1000,128,rcfopcitm,2,5,1,17.459999999999997
1000,128,rcfopcitm,2,5,2,18.300000000000004
1000,128,rcfopcitm,2,5,3,16.310000000000002
1000,128,rcfopcitm,2,5,4,17.000000000000004
1000,128,rcfopcitm,2,5,5,17.310000000000002
1000,128,rcfopcitm,2,5,6,17.500000000000004
1000,128,rcfopcitm,2,5,7,17.110000000000003
1000,128,rcfopcitm,2,5,8,16.669999999999995
1000,128,rcfopcitm,2,5,9,17.84
1000,128,rcfopcitm,2,6,0,17.589999999999996
1000,128,rcfopcitm,2,6,1,17.44
1000,128,rcfopcitm,2,6,2,18.189999999999994
1000,128,rcfopcitm,2,6,3,17.190000000000005
1000,128,rcfopcitm,2,6,4,17.65
1000,128,rcfopcitm,2,6,5,17.020000000000003
1000,128,rcfopcitm,2,6,6,16.520000000000003
1000,128,rcfopcitm,2,6,7,16.71
1000,128,rcfopcitm,2,6,8,17.159999999999997
1000,128,rcfopcitm,2,6,9,17.53
1000,128,rcfopcitm,2,7,0,17.179999999999996
1000,128,rcfopcitm,2,7,1,17.700000000000003
1000,128,rcfopcitm,2,7,2,18.289999999999996
1000,128,rcfopcitm,2,7,3,17.14
1000,128,rcfopcitm,2,7,4,16.720000000000002
1000,128,rcfopcitm,2,7,5,16.549999999999997
1000,128,rcfopcitm,2,7,6,17.510000000000005
1000,128,rcfopcitm,2,7,7,17.679999999999996
1000,128,rcfopcitm,2,7,8,17.290000000000006
1000,128,rcfopcitm,2,7,9,17.720000000000002
1000,128,rcfopcitm,2,8,0,18.42
1000,128,rcfopcitm,2,8,1,17.01
1000,128,rcfopcitm,2,8,2,17.479999999999997
1000,128,rcfopcitm,2,8,3,17.190000000000005
1000,128,rcfopcitm,2,8,4,17.64
1000,128,rcfopcitm,2,8,5,17.54
1000,128,rcfopcitm,2,8,6,17.84
1000,128,rcfopcitm,2,8,7,16.979999999999997
1000,128,rcfopcitm,2,8,8,16.379999999999995
1000,128,rcfopcitm,2,8,9,17.73
1000,128,rcfopcitm,2,9,0,16.53
1000,128,rcfopcitm,2,9,1,17.769999999999996
1000,128,rcfopcitm,2,9,2,17.510000000000005
1000,128,rcfopcitm,2,9,3,16.939999999999998
1000,128,rcfopcitm,2,9,4,17.079999999999995
1000,128,rcfopcitm,2,9,5,17.720000000000002
1000,128,rcfopcitm,2,9,6,16.720000000000002
1000,128,rcfopcitm,2,9,7,17.959999999999997
1000,128,rcfopcitm,2,9,8,17.42
1000,128,rcfopcitm,2,9,9,18.369999999999997
1000,128,rcfopcitm,3,1,0,16.810000000000002
1000,128,rcfopcitm,3,1,1,17.259999999999998
1000,128,rcfopcitm,3,1,2,17.43
1000,128,rcfopcitm,3,1,3,16.469999999999995
1000,128,rcfopcitm,3,1,4,16.859999999999996
1000,128,rcfopcitm,3,1,5,17.410000000000004
1000,128,rcfopcitm,3,1,6,17.01
1000,128,rcfopcitm,3,1,7,17.45
1000,128,rcfopcitm,3,1,8,17.740000000000002
1000,128,rcfopcitm,3,1,9,18.320000000000004
1000,128,rcfopcitm,3,10,0,17.569999999999997
1000,128,rcfopcitm,3,10,1,17.579999999999995
1000,128,rcfopcitm,3,10,2,18.269999999999996
1000,128,rcfopcitm,3,10,3,17.569999999999997
1000,128,rcfopcitm,3,10,4,17.600000000000005
1000,128,rcfopcitm,3,10,5,17.720000000000002
1000,128,rcfopcitm,3,10,6,16.359999999999996
1000,128,rcfopcitm,3,10,7,17.42
1000,128,rcfopcitm,3,10,8,17.169999999999995
1000,128,rcfopcitm,3,10,9,16.869999999999997
1000,128,rcfopcitm,3,2,0,16.42
1000,128,rcfopcitm,3,2,1,17.220000000000002
1000,128,rcfopcitm,3,2,2,18.289999999999996
1000,128,rcfopcitm,3,2,3,17.269999999999996
1000,128,rcfopcitm,3,2,4,17.44
1000,128,rcfopcitm,3,2,5,16.879999999999995
1000,128,rcfopcitm,3,2,6,17.42
1000,128,rcfopcitm,3,2,7,17.56
1000,128,rcfopcitm,3,2,8,17.36
1000,128,rcfopcitm,3,2,9,16.65
1000,128,rcfopcitm,3,3,0,17.200000000000003
1000,128,rcfopcitm,3,3,1,16.779999999999994
1000,128,rcfopcitm,3,3,2,16.190000000000005
1000,128,rcfopcitm,3,3,3,16.759999999999998
1000,128,rcfopcitm,3,3,4,17.23
1000,128,rcfopcitm,3,3,5,18.35
1000,128,rcfopcitm,3,3,6,17.43
1000,128,rcfopcitm,3,3,7,17.32
1000,128,rcfopcitm,3,3,8,17.379999999999995
1000,128,rcfopcitm,3,3,9,17.479999999999997
1000,128,rcfopcitm,3,4,0,17.54
1000,128,rcfopcitm,3,4,1,16.959999999999997
1000,128,rcfopcitm,3,4,2,16.890000000000004
1000,128,rcfopcitm,3,4,3,17.069999999999997
1000,128,rcfopcitm,3,4,4,17.390000000000004
1000,128,rcfopcitm,3,4,5,17.679999999999996
1000,128,rcfopcitm,3,4,6,16.190000000000005
1000,128,rcfopcitm,3,4,7,18.130000000000003
1000,128,rcfopcitm,3,4,8,17.500000000000004
1000,128,rcfopcitm,3,4,9,16.979999999999997
1000,128,rcfopcitm,3,5,0,17.56
1000,128,rcfopcitm,3,5,1,17.710000000000004
1000,128,rcfopcitm,3,5,2,17.12
1000,128,rcfopcitm,3,5,3,16.859999999999996
1000,128,rcfopcitm,3,5,4,18.34
1000,128,rcfopcitm,3,5,5,17.45
1000,128,rcfopcitm,3,5,6,17.279999999999994
1000,128,rcfopcitm,3,5,7,17.44
1000,128,rcfopcitm,3,5,8,16.939999999999998
1000,128,rcfopcitm,3,5,9,16.190000000000005
1000,128,rcfopcitm,3,6,0,18.110000000000003
1000,128,rcfopcitm,3,6,1,16.62
1000,128,rcfopcitm,3,6,2,16.439999999999998
1000,128,rcfopcitm,3,6,3,16.92
1000,128,rcfopcitm,3,6,4,17.459999999999997
1000,128,rcfopcitm,3,6,5,17.049999999999997
1000,128,rcfopcitm,3,6,6,17.700000000000003
1000,128,rcfopcitm,3,6,7,17.689999999999994
1000,128,rcfopcitm,3,6,8,17.469999999999995
1000,128,rcfopcitm,3,6,9,17.45
1000,128,rcfopcitm,3,7,0,17.54
1000,128,rcfopcitm,3,7,1,17.03
1000,128,rcfopcitm,3,7,2,16.92
1000,128,rcfopcitm,3,7,3,16.490000000000006
1000,128,rcfopcitm,3,7,4,16.84
1000,128,rcfopcitm,3,7,5,18.06
1000,128,rcfopcitm,3,7,6,17.910000000000004
1000,128,rcfopcitm,3,7,7,17.410000000000004
1000,128,rcfopcitm,3,7,8,17.44
1000,128,rcfopcitm,3,7,9,17.549999999999997
1000,128,rcfopcitm,3,8,0,17.000000000000004
1000,128,rcfopcitm,3,8,1,17.630000000000003
1000,128,rcfopcitm,3,8,2,18.020000000000003
1000,128,rcfopcitm,3,8,3,16.559999999999995
1000,128,rcfopcitm,3,8,4,17.569999999999997
1000,128,rcfopcitm,3,8,5,17.15
1000,128,rcfopcitm,3,8,6,17.75
1000,128,rcfopcitm,3,8,7,17.079999999999995
1000,128,rcfopcitm,3,8,8,17.62
1000,128,rcfopcitm,3,8,9,17.820000000000004
1000,128,rcfopcitm,3,9,0,17.910000000000004
1000,128,rcfopcitm,3,9,1,18.169999999999998
1000,128,rcfopcitm,3,9,2,17.179999999999996
1000,128,rcfopcitm,3,9,3,17.569999999999997
1000,128,rcfopcitm,3,9,4,16.559999999999995
1000,128,rcfopcitm,3,9,5,16.669999999999995
1000,128,rcfopcitm,3,9,6,17.710000000000004
1000,128,rcfopcitm,3,9,7,17.330000000000002
1000,128,rcfopcitm,3,9,8,16.700000000000003
1000,128,rcfopcitm,3,9,9,17.579999999999995
1000,128,rcfopcitm,5,1,0,16.290000000000006
1000,128,rcfopcitm,5,1,1,17.23
1000,128,rcfopcitm,5,1,2,17.53
1000,128,rcfopcitm,5,1,3,18.289999999999996
1000,128,rcfopcitm,5,1,4,17.810000000000002
1000,128,rcfopcitm,5,1,5,17.279999999999994
1000,128,rcfopcitm,5,1,6,16.800000000000004
1000,128,rcfopcitm,5,1,7,17.459999999999997
1000,128,rcfopcitm,5,1,8,16.830000000000002
1000,128,rcfopcitm,5,1,9,17.279999999999994
1000,128,rcfopcitm,5,10,0,19.57
1000,128,rcfopcitm,5,10,1,19.430000000000003
1000,128,rcfopcitm,5,10,2,18.34
1000,128,rcfopcitm,5,10,3,18.47
1000,128,rcfopcitm,5,10,4,19.06
1000,128,rcfopcitm,5,10,5,17.869999999999997
1000,128,rcfopcitm,5,10,6,19.910000000000004
1000,128,rcfopcitm,5,10,7,18.64
1000,128,rcfopcitm,5,10,8,18.36
1000,128,rcfopcitm,5,10,9,18.730000000000004
1000,128,rcfopcitm,5,2,0,16.71
1000,128,rcfopcitm,5,2,1,17.490000000000006
1000,128,rcfopcitm,5,2,2,18.300000000000004
1000,128,rcfopcitm,5,2,3,17.32
1000,128,rcfopcitm,5,2,4,16.34
1000,128,rcfopcitm,5,2,5,17.64
1000,128,rcfopcitm,5,2,6,17.310000000000002
1000,128,rcfopcitm,5,2,7,17.36
1000,128,rcfopcitm,5,2,8,16.679999999999996
1000,128,rcfopcitm,5,2,9,17.34
1000,128,rcfopcitm,5,3,0,18.35
1000,128,rcfopcitm,5,3,1,16.93
1000,128,rcfopcitm,5,3,2,16.34
1000,128,rcfopcitm,5,3,3,16.669999999999995
1000,128,rcfopcitm,5,3,4,17.310000000000002
1000,128,rcfopcitm,5,3,5,17.43
1000,128,rcfopcitm,5,3,6,17.720000000000002
1000,128,rcfopcitm,5,3,7,17.100000000000005
1000,128,rcfopcitm,5,3,8,17.630000000000003
1000,128,rcfopcitm,5,3,9,17.390000000000004
1000,128,rcfopcitm,5,4,0,17.43
1000,128,rcfopcitm,5,4,1,17.610000000000003
1000,128,rcfopcitm,5,4,2,17.62
1000,128,rcfopcitm,5,4,3,16.790000000000006
1000,128,rcfopcitm,5,4,4,16.979999999999997
1000,128,rcfopcitm,5,4,5,17.73
1000,128,rcfopcitm,5,4,6,17.830000000000002
1000,128,rcfopcitm,5,4,7,16.800000000000004
1000,128,rcfopcitm,5,4,8,18.240000000000002
1000,128,rcfopcitm,5,4,9,16.65
1000,128,rcfopcitm,5,5,0,16.769999999999996
1000,128,rcfopcitm,5,5,1,18.130000000000003
1000,128,rcfopcitm,5,5,2,17.679999999999996
1000,128,rcfopcitm,5,5,3,16.900000000000006
1000,128,rcfopcitm,5,5,4,17.810000000000002
1000,128,rcfopcitm,5,5,5,17.910000000000004
1000,128,rcfopcitm,5,5,6,17.479999999999997
1000,128,rcfopcitm,5,5,7,17.500000000000004
1000,128,rcfopcitm,5,5,8,16.849999999999998
1000,128,rcfopcitm,5,5,9,16.93
1000,128,rcfopcitm,5,6,0,18.05
1000,128,rcfopcitm,5,6,1,16.969999999999995
1000,128,rcfopcitm,5,6,2,16.369999999999997
1000,128,rcfopcitm,5,6,3,17.659999999999997
1000,128,rcfopcitm,5,6,4,18.120000000000005
1000,128,rcfopcitm,5,6,5,17.830000000000002
1000,128,rcfopcitm,5,6,6,17.53
1000,128,rcfopcitm,5,6,7,18.069999999999997
1000,128,rcfopcitm,5,6,8,17.130000000000003
1000,128,rcfopcitm,5,6,9,17.600000000000005
1000,128,rcfopcitm,5,7,0,17.210000000000004
1000,128,rcfopcitm,5,7,1,17.979999999999997
1000,128,rcfopcitm,5,7,2,17.959999999999997
1000,128,rcfopcitm,5,7,3,17.15
1000,128,rcfopcitm,5,7,4,17.190000000000005
1000,128,rcfopcitm,5,7,5,16.93
1000,128,rcfopcitm,5,7,6,17.779999999999994
1000,128,rcfopcitm,5,7,7,17.710000000000004
1000,128,rcfopcitm,5,7,8,16.859999999999996
1000,128,rcfopcitm,5,7,9,18.269999999999996
1000,128,rcfopcitm,5,8,0,18.069999999999997
1000,128,rcfopcitm,5,8,1,17.290000000000006
1000,128,rcfopcitm,5,8,2,18.159999999999997
1000,128,rcfopcitm,5,8,3,18.05
1000,128,rcfopcitm,5,8,4,16.74
1000,128,rcfopcitm,5,8,5,16.939999999999998
1000,128,rcfopcitm,5,8,6,16.810000000000002
1000,128,rcfopcitm,5,8,7,18.000000000000004
1000,128,rcfopcitm,5,8,8,17.889999999999993
1000,128,rcfopcitm,5,8,9,17.659999999999997
1000,128,rcfopcitm,5,9,0,16.93
1000,128,rcfopcitm,5,9,1,17.86
1000,128,rcfopcitm,5,9,2,17.849999999999998
1000,128,rcfopcitm,5,9,3,18.05
1000,128,rcfopcitm,5,9,4,18.369999999999997
1000,128,rcfopcitm,5,9,5,17.500000000000004
1000,128,rcfopcitm,5,9,6,18.58
1000,128,rcfopcitm,5,9,7,16.800000000000004
1000,128,rcfopcitm,5,9,8,17.97
1000,128,rcfopcitm,5,9,9,17.93
1000,128,rcfopcitm,7,1,0,17.190000000000005
1000,128,rcfopcitm,7,1,1,17.62
1000,128,rcfopcitm,7,1,2,16.959999999999997
1000,128,rcfopcitm,7,1,3,16.279999999999994
1000,128,rcfopcitm,7,1,4,17.269999999999996
1000,128,rcfopcitm,7,1,5,16.790000000000006
1000,128,rcfopcitm,7,1,6,17.600000000000005
1000,128,rcfopcitm,7,1,7,17.43
1000,128,rcfopcitm,7,1,8,18.369999999999997
1000,128,rcfopcitm,7,1,9,17.100000000000005
1000,128,rcfopcitm,7,10,0,20.530000000000005
1000,128,rcfopcitm,7,10,1,19.799999999999997
1000,128,rcfopcitm,7,10,2,20.979999999999997
1000,128,rcfopcitm,7,10,3,20.650000000000002
1000,128,rcfopcitm,7,10,4,20.130000000000003
1000,128,rcfopcitm,7,10,5,22.07
1000,128,rcfopcitm,7,10,6,20.25
1000,128,rcfopcitm,7,10,7,21.209999999999994
1000,128,rcfopcitm,7,10,8,20.199999999999996
1000,128,rcfopcitm,7,10,9,19.979999999999997
1000,128,rcfopcitm,7,2,0,17.330000000000002
1000,128,rcfopcitm,7,2,1,17.62
1000,128,rcfopcitm,7,2,2,16.220000000000002
1000,128,rcfopcitm,7,2,3,16.95
1000,128,rcfopcitm,7,2,4,17.300000000000004
1000,128,rcfopcitm,7,2,5,16.869999999999997
1000,128,rcfopcitm,7,2,6,17.73
1000,128,rcfopcitm,7,2,7,17.769999999999996
1000,128,rcfopcitm,7,2,8,18.430000000000003
1000,128,rcfopcitm,7,2,9,17.100000000000005
1000,128,rcfopcitm,7,3,0,17.15
1000,128,rcfopcitm,7,3,1,17.630000000000003
1000,128,rcfopcitm,7,3,2,18.240000000000002
1000,128,rcfopcitm,7,3,3,17.520000000000003
1000,128,rcfopcitm,7,3,4,17.130000000000003
1000,128,rcfopcitm,7,3,5,17.959999999999997
1000,128,rcfopcitm,7,3,6,17.279999999999994
1000,128,rcfopcitm,7,3,7,17.000000000000004
1000,128,rcfopcitm,7,3,8,16.64
1000,128,rcfopcitm,7,3,9,17.75
1000,128,rcfopcitm,7,4,0,17.689999999999994
1000,128,rcfopcitm,7,4,1,16.500000000000004
1000,128,rcfopcitm,7,4,2,17.169999999999995
1000,128,rcfopcitm,7,4,3,18.489999999999995
1000,128,rcfopcitm,7,4,4,17.869999999999997
1000,128,rcfopcitm,7,4,5,17.879999999999995
1000,128,rcfopcitm,7,4,6,17.400000000000006
1000,128,rcfopcitm,7,4,7,17.36
1000,128,rcfopcitm,7,4,8,17.159999999999997
1000,128,rcfopcitm,7,4,9,17.879999999999995
1000,128,rcfopcitm,7,5,0,16.790000000000006
1000,128,rcfopcitm,7,5,1,18.610000000000003
1000,128,rcfopcitm,7,5,2,17.290000000000006
1000,128,rcfopcitm,7,5,3,18.089999999999996
1000,128,rcfopcitm,7,5,4,17.269999999999996
1000,128,rcfopcitm,7,5,5,18.069999999999997
1000,128,rcfopcitm,7,5,6,17.630000000000003
1000,128,rcfopcitm,7,5,7,17.689999999999994
1000,128,rcfopcitm,7,5,8,17.630000000000003
1000,128,rcfopcitm,7,5,9,17.25
1000,128,rcfopcitm,7,6,0,18.04
1000,128,rcfopcitm,7,6,1,17.390000000000004
1000,128,rcfopcitm,7,6,2,17.259999999999998
1000,128,rcfopcitm,7,6,3,17.049999999999997
1000,128,rcfopcitm,7,6,4,19.16
1000,128,rcfopcitm,7,6,5,17.669999999999998
1000,128,rcfopcitm,7,6,6,17.869999999999997
1000,128,rcfopcitm,7,6,7,18.089999999999996
1000,128,rcfopcitm,7,6,8,18.769999999999996
1000,128,rcfopcitm,7,6,9,17.959999999999997
1000,128,rcfopcitm,7,7,0,18.53
1000,128,rcfopcitm,7,7,1,19.410000000000004
1000,128,rcfopcitm,7,7,2,18.740000000000002
1000,128,rcfopcitm,7,7,3,18.64
1000,128,rcfopcitm,7,7,4,19.710000000000004
1000,128,rcfopcitm,7,7,5,18.610000000000003
1000,128,rcfopcitm,7,7,6,17.92
1000,128,rcfopcitm,7,7,7,19.189999999999998
1000,128,rcfopcitm,7,7,8,19.94
1000,128,rcfopcitm,7,7,9,19.089999999999996
1000,128,rcfopcitm,7,8,0,18.799999999999994
1000,128,rcfopcitm,7,8,1,20.399999999999995
1000,128,rcfopcitm,7,8,2,18.84
1000,128,rcfopcitm,7,8,3,18.899999999999995
1000,128,rcfopcitm,7,8,4,19.679999999999996
1000,128,rcfopcitm,7,8,5,19.810000000000006
1000,128,rcfopcitm,7,8,6,21.499999999999996
1000,128,rcfopcitm,7,8,7,19.189999999999998
1000,128,rcfopcitm,7,8,8,20.47
1000,128,rcfopcitm,7,8,9,19.489999999999995
1000,128,rcfopcitm,7,9,0,18.97
1000,128,rcfopcitm,7,9,1,20.06
1000,128,rcfopcitm,7,9,2,20.299999999999997
1000,128,rcfopcitm,7,9,3,21.030000000000005
1000,128,rcfopcitm,7,9,4,19.06
1000,128,rcfopcitm,7,9,5,20.58
1000,128,rcfopcitm,7,9,6,21.909999999999997
1000,128,rcfopcitm,7,9,7,21.29
1000,128,rcfopcitm,7,9,8,19.779999999999998
1000,128,rcfopcitm,7,9,9,19.920000000000005
1000,2048,fwd,,,0,17.879999999999995
1000,2048,fwd,,,1,18.820000000000004
1000,2048,fwd,,,2,17.779999999999994
1000,2048,fwd,,,3,17.610000000000003
1000,2048,fwd,,,4,18.430000000000003
1000,2048,fwd,,,5,17.849999999999998
1000,2048,fwd,,,6,17.700000000000003
1000,2048,fwd,,,7,19.010000000000005
1000,2048,fwd,,,8,17.759999999999998
1000,2048,fwd,,,9,18.58
1000,2048,rcfopcitm,10,1,0,17.710000000000004
1000,2048,rcfopcitm,10,1,1,19.56
1000,2048,rcfopcitm,10,1,2,18.740000000000002
1000,2048,rcfopcitm,10,1,3,18.979999999999997
1000,2048,rcfopcitm,10,1,4,18.03
1000,2048,rcfopcitm,10,1,5,17.36
1000,2048,rcfopcitm,10,1,6,18.36
1000,2048,rcfopcitm,10,1,7,18.669999999999998
1000,2048,rcfopcitm,10,1,8,18.010000000000005
1000,2048,rcfopcitm,10,1,9,17.44
1000,2048,rcfopcitm,10,10,0,20.209999999999994
1000,2048,rcfopcitm,10,10,1,19.57
1000,2048,rcfopcitm,10,10,2,20.220000000000006
1000,2048,rcfopcitm,10,10,3,19.08
1000,2048,rcfopcitm,10,10,4,18.86
1000,2048,rcfopcitm,10,10,5,19.650000000000002
1000,2048,rcfopcitm,10,10,6,18.97
1000,2048,rcfopcitm,10,10,7,20.040000000000003
1000,2048,rcfopcitm,10,10,8,21.48
1000,2048,rcfopcitm,10,10,9,22.37
1000,2048,rcfopcitm,10,2,0,19.420000000000005
1000,2048,rcfopcitm,10,2,1,17.459999999999997
1000,2048,rcfopcitm,10,2,2,17.959999999999997
1000,2048,rcfopcitm,10,2,3,18.05
1000,2048,rcfopcitm,10,2,4,18.899999999999995
1000,2048,rcfopcitm,10,2,5,19.730000000000004
1000,2048,rcfopcitm,10,2,6,18.410000000000004
1000,2048,rcfopcitm,10,2,7,17.669999999999998
1000,2048,rcfopcitm,10,2,8,18.06
1000,2048,rcfopcitm,10,2,9,18.769999999999996
1000,2048,rcfopcitm,10,3,0,18.03
1000,2048,rcfopcitm,10,3,1,19.14
1000,2048,rcfopcitm,10,3,2,17.769999999999996
1000,2048,rcfopcitm,10,3,3,20.340000000000003
1000,2048,rcfopcitm,10,3,4,18.53
1000,2048,rcfopcitm,10,3,5,18.979999999999997
1000,2048,rcfopcitm,10,3,6,18.100000000000005
1000,2048,rcfopcitm,10,3,7,17.45
1000,2048,rcfopcitm,10,3,8,17.869999999999997
1000,2048,rcfopcitm,10,3,9,19.230000000000004
1000,2048,rcfopcitm,10,4,0,18.369999999999997
1000,2048,rcfopcitm,10,4,1,18.079999999999995
1000,2048,rcfopcitm,10,4,2,17.379999999999995
1000,2048,rcfopcitm,10,4,3,17.479999999999997
1000,2048,rcfopcitm,10,4,4,18.630000000000003
1000,2048,rcfopcitm,10,4,5,17.75
1000,2048,rcfopcitm,10,4,6,17.410000000000004
1000,2048,rcfopcitm,10,4,7,17.15
1000,2048,rcfopcitm,10,4,8,19.840000000000003
1000,2048,rcfopcitm,10,4,9,18.300000000000004
1000,2048,rcfopcitm,10,5,0,19.110000000000007
1000,2048,rcfopcitm,10,5,1,17.689999999999994
1000,2048,rcfopcitm,10,5,2,17.12
1000,2048,rcfopcitm,10,5,3,17.349999999999998
1000,2048,rcfopcitm,10,5,4,18.369999999999997
1000,2048,rcfopcitm,10,5,5,17.090000000000003
1000,2048,rcfopcitm,10,5,6,17.53
1000,2048,rcfopcitm,10,5,7,17.24
1000,2048,rcfopcitm,10,5,8,17.73
1000,2048,rcfopcitm,10,5,9,17.169999999999995
1000,2048,rcfopcitm,10,6,0,17.379999999999995
1000,2048,rcfopcitm,10,6,1,16.979999999999997
1000,2048,rcfopcitm,10,6,2,17.579999999999995
1000,2048,rcfopcitm,10,6,3,16.939999999999998
1000,2048,rcfopcitm,10,6,4,19.210000000000004
1000,2048,rcfopcitm,10,6,5,17.479999999999997
1000,2048,rcfopcitm,10,6,6,17.190000000000005
1000,2048,rcfopcitm,10,6,7,17.04
1000,2048,rcfopcitm,10,6,8,18.15
1000,2048,rcfopcitm,10,6,9,16.490000000000006
1000,2048,rcfopcitm,10,7,0,16.24
1000,2048,rcfopcitm,10,7,1,18.079999999999995
1000,2048,rcfopcitm,10,7,2,16.990000000000006
1000,2048,rcfopcitm,10,7,3,17.379999999999995
1000,2048,rcfopcitm,10,7,4,17.520000000000003
1000,2048,rcfopcitm,10,7,5,16.490000000000006
1000,2048,rcfopcitm,10,7,6,17.069999999999997
1000,2048,rcfopcitm,10,7,7,16.73
1000,2048,rcfopcitm,10,7,8,18.610000000000003
1000,2048,rcfopcitm,10,7,9,16.92
1000,2048,rcfopcitm,10,8,0,16.369999999999997
1000,2048,rcfopcitm,10,8,1,16.390000000000004
1000,2048,rcfopcitm,10,8,2,17.769999999999996
1000,2048,rcfopcitm,10,8,3,17.110000000000003
1000,2048,rcfopcitm,10,8,4,16.84
1000,2048,rcfopcitm,10,8,5,16.190000000000005
1000,2048,rcfopcitm,10,8,6,18.110000000000003
1000,2048,rcfopcitm,10,8,7,16.879999999999995
1000,2048,rcfopcitm,10,8,8,16.62
1000,2048,rcfopcitm,10,8,9,16.000000000000004
1000,2048,rcfopcitm,10,9,0,17.349999999999998
1000,2048,rcfopcitm,10,9,1,17.32
1000,2048,rcfopcitm,10,9,2,18.240000000000002
1000,2048,rcfopcitm,10,9,3,16.180000000000007
1000,2048,rcfopcitm,10,9,4,17.220000000000002
1000,2048,rcfopcitm,10,9,5,16.64
1000,2048,rcfopcitm,10,9,6,17.86
1000,2048,rcfopcitm,10,9,7,17.200000000000003
1000,2048,rcfopcitm,10,9,8,17.279999999999994
1000,2048,rcfopcitm,10,9,9,17.34
1000,2048,rcfopcitm,12,1,0,18.799999999999994
1000,2048,rcfopcitm,12,1,1,17.789999999999996
1000,2048,rcfopcitm,12,1,2,18.869999999999997
1000,2048,rcfopcitm,12,1,3,17.310000000000002
1000,2048,rcfopcitm,12,1,4,17.779999999999994
1000,2048,rcfopcitm,12,1,5,18.610000000000003
1000,2048,rcfopcitm,12,1,6,19.620000000000005
1000,2048,rcfopcitm,12,1,7,18.799999999999994
1000,2048,rcfopcitm,12,1,8,17.759999999999998
1000,2048,rcfopcitm,12,1,9,17.34
1000,2048,rcfopcitm,12,10,0,18.569999999999997
1000,2048,rcfopcitm,12,10,1,18.810000000000006
1000,2048,rcfopcitm,12,10,2,20.530000000000005
1000,2048,rcfopcitm,12,10,3,18.730000000000004
1000,2048,rcfopcitm,12,10,4,18.589999999999996
1000,2048,rcfopcitm,12,10,5,19.75
1000,2048,rcfopcitm,12,10,6,19.36
1000,2048,rcfopcitm,12,10,7,18.58
1000,2048,rcfopcitm,12,10,8,18.130000000000003
1000,2048,rcfopcitm,12,10,9,18.189999999999994
1000,2048,rcfopcitm,12,2,0,19.15
1000,2048,rcfopcitm,12,2,1,17.54
1000,2048,rcfopcitm,12,2,2,17.979999999999997
1000,2048,rcfopcitm,12,2,3,19.420000000000005
1000,2048,rcfopcitm,12,2,4,18.079999999999995
1000,2048,rcfopcitm,12,2,5,18.730000000000004
1000,2048,rcfopcitm,12,2,6,17.600000000000005
1000,2048,rcfopcitm,12,2,7,18.740000000000002
1000,2048,rcfopcitm,12,2,8,19.94
1000,2048,rcfopcitm,12,2,9,17.479999999999997
1000,2048,rcfopcitm,12,3,0,18.25
1000,2048,rcfopcitm,12,3,1,18.889999999999997
1000,2048,rcfopcitm,12,3,2,18.459999999999997
1000,2048,rcfopcitm,12,3,3,18.730000000000004
1000,2048,rcfopcitm,12,3,4,17.610000000000003
1000,2048,rcfopcitm,12,3,5,17.700000000000003
1000,2048,rcfopcitm,12,3,6,17.669999999999998
1000,2048,rcfopcitm,12,3,7,19.999999999999996
1000,2048,rcfopcitm,12,3,8,17.610000000000003
1000,2048,rcfopcitm,12,3,9,18.510000000000005
1000,2048,rcfopcitm,12,4,0,17.200000000000003
1000,2048,rcfopcitm,12,4,1,17.869999999999997
1000,2048,rcfopcitm,12,4,2,17.269999999999996
1000,2048,rcfopcitm,12,4,3,17.569999999999997
1000,2048,rcfopcitm,12,4,4,18.42
1000,2048,rcfopcitm,12,4,5,17.97
1000,2048,rcfopcitm,12,4,6,17.42
1000,2048,rcfopcitm,12,4,7,17.330000000000002
1000,2048,rcfopcitm,12,4,8,19.58
1000,2048,rcfopcitm,12,4,9,17.600000000000005
1000,2048,rcfopcitm,12,5,0,16.869999999999997
1000,2048,rcfopcitm,12,5,1,17.25
1000,2048,rcfopcitm,12,5,2,17.079999999999995
1000,2048,rcfopcitm,12,5,3,17.32
1000,2048,rcfopcitm,12,5,4,19.16
1000,2048,rcfopcitm,12,5,5,17.259999999999998
1000,2048,rcfopcitm,12,5,6,17.44
1000,2048,rcfopcitm,12,5,7,17.95
1000,2048,rcfopcitm,12,5,8,17.500000000000004
1000,2048,rcfopcitm,12,5,9,18.259999999999998
1000,2048,rcfopcitm,12,6,0,16.95
1000,2048,rcfopcitm,12,6,1,16.84
1000,2048,rcfopcitm,12,6,2,17.54
1000,2048,rcfopcitm,12,6,3,18.85
1000,2048,rcfopcitm,12,6,4,17.95
1000,2048,rcfopcitm,12,6,5,17.689999999999994
1000,2048,rcfopcitm,12,6,6,16.73
1000,2048,rcfopcitm,12,6,7,16.269999999999996
1000,2048,rcfopcitm,12,6,8,16.51
1000,2048,rcfopcitm,12,6,9,16.93
1000,2048,rcfopcitm,12,7,0,17.32
1000,2048,rcfopcitm,12,7,1,16.830000000000002
1000,2048,rcfopcitm,12,7,2,16.590000000000003
1000,2048,rcfopcitm,12,7,3,16.759999999999998
1000,2048,rcfopcitm,12,7,4,16.459999999999997
1000,2048,rcfopcitm,12,7,5,17.410000000000004
1000,2048,rcfopcitm,12,7,6,16.890000000000004
1000,2048,rcfopcitm,12,7,7,18.36
1000,2048,rcfopcitm,12,7,8,16.590000000000003
1000,2048,rcfopcitm,12,7,9,15.969999999999995
1000,2048,rcfopcitm,12,8,0,17.92
1000,2048,rcfopcitm,12,8,1,18.000000000000004
1000,2048,rcfopcitm,12,8,2,17.100000000000005
1000,2048,rcfopcitm,12,8,3,18.320000000000004
1000,2048,rcfopcitm,12,8,4,18.489999999999995
1000,2048,rcfopcitm,12,8,5,18.879999999999995
1000,2048,rcfopcitm,12,8,6,16.910000000000004
1000,2048,rcfopcitm,12,8,7,17.42
1000,2048,rcfopcitm,12,8,8,17.869999999999997
1000,2048,rcfopcitm,12,8,9,19.169999999999998
1000,2048,rcfopcitm,12,9,0,20.920000000000005
1000,2048,rcfopcitm,12,9,1,18.94
1000,2048,rcfopcitm,12,9,2,19.88
1000,2048,rcfopcitm,12,9,3,20.369999999999997
1000,2048,rcfopcitm,12,9,4,19.210000000000004
1000,2048,rcfopcitm,12,9,5,18.400000000000006
1000,2048,rcfopcitm,12,9,6,18.730000000000004
1000,2048,rcfopcitm,12,9,7,19.389999999999997
1000,2048,rcfopcitm,12,9,8,19.650000000000002
1000,2048,rcfopcitm,12,9,9,18.910000000000004
1000,2048,rcfopcitm,2,1,0,18.47
1000,2048,rcfopcitm,2,1,1,17.390000000000004
1000,2048,rcfopcitm,2,1,2,18.730000000000004
1000,2048,rcfopcitm,2,1,3,17.64
1000,2048,rcfopcitm,2,1,4,17.45
1000,2048,rcfopcitm,2,1,5,18.169999999999998
1000,2048,rcfopcitm,2,1,6,19.15
1000,2048,rcfopcitm,2,1,7,17.56
1000,2048,rcfopcitm,2,1,8,17.54
1000,2048,rcfopcitm,2,1,9,18.079999999999995
1000,2048,rcfopcitm,2,10,0,19.64
1000,2048,rcfopcitm,2,10,1,17.54
1000,2048,rcfopcitm,2,10,2,17.169999999999995
1000,2048,rcfopcitm,2,10,3,18.510000000000005
1000,2048,rcfopcitm,2,10,4,18.25
1000,2048,rcfopcitm,2,10,5,17.689999999999994
1000,2048,rcfopcitm,2,10,6,17.84
1000,2048,rcfopcitm,2,10,7,18.56
1000,2048,rcfopcitm,2,10,8,16.93
1000,2048,rcfopcitm,2,10,9,17.84
1000,2048,rcfopcitm,2,2,0,19.099999999999994
1000,2048,rcfopcitm,2,2,1,17.549999999999997
1000,2048,rcfopcitm,2,2,2,18.54
1000,2048,rcfopcitm,2,2,3,17.610000000000003
1000,2048,rcfopcitm,2,2,4,18.15
1000,2048,rcfopcitm,2,2,5,18.44
1000,2048,rcfopcitm,2,2,6,17.32
1000,2048,rcfopcitm,2,2,7,17.25
1000,2048,rcfopcitm,2,2,8,18.820000000000004
1000,2048,rcfopcitm,2,2,9,17.400000000000006
1000,2048,rcfopcitm,2,3,0,17.630000000000003
1000,2048,rcfopcitm,2,3,1,18.510000000000005
1000,2048,rcfopcitm,2,3,2,18.369999999999997
1000,2048,rcfopcitm,2,3,3,17.300000000000004
1000,2048,rcfopcitm,2,3,4,19.230000000000004
1000,2048,rcfopcitm,2,3,5,17.95
1000,2048,rcfopcitm,2,3,6,17.589999999999996
1000,2048,rcfopcitm,2,3,7,18.85
1000,2048,rcfopcitm,2,3,8,17.310000000000002
1000,2048,rcfopcitm,2,3,9,17.600000000000005
1000,2048,rcfopcitm,2,4,0,18.54
1000,2048,rcfopcitm,2,4,1,19.330000000000002
1000,2048,rcfopcitm,2,4,2,17.589999999999996
1000,2048,rcfopcitm,2,4,3,18.630000000000003
1000,2048,rcfopcitm,2,4,4,17.789999999999996
1000,2048,rcfopcitm,2,4,5,17.910000000000004
1000,2048,rcfopcitm,2,4,6,18.45
1000,2048,rcfopcitm,2,4,7,17.25
1000,2048,rcfopcitm,2,4,8,17.569999999999997
1000,2048,rcfopcitm,2,4,9,17.310000000000002
1000,2048,rcfopcitm,2,5,0,17.779999999999994
1000,2048,rcfopcitm,2,5,1,17.789999999999996
1000,2048,rcfopcitm,2,5,2,17.259999999999998
1000,2048,rcfopcitm,2,5,3,17.330000000000002
1000,2048,rcfopcitm,2,5,4,18.47
1000,2048,rcfopcitm,2,5,5,17.500000000000004
1000,2048,rcfopcitm,2,5,6,18.730000000000004
1000,2048,rcfopcitm,2,5,7,17.490000000000006
1000,2048,rcfopcitm,2,5,8,18.389999999999993
1000,2048,rcfopcitm,2,5,9,18.999999999999993
1000,2048,rcfopcitm,2,6,0,19.199999999999996
1000,2048,rcfopcitm,2,6,1,17.300000000000004
1000,2048,rcfopcitm,2,6,2,17.400000000000006
1000,2048,rcfopcitm,2,6,3,17.95
1000,2048,rcfopcitm,2,6,4,18.179999999999996
1000,2048,rcfopcitm,2,6,5,17.630000000000003
1000,2048,rcfopcitm,2,6,6,17.42
1000,2048,rcfopcitm,2,6,7,18.369999999999997
1000,2048,rcfopcitm,2,6,8,18.689999999999994
1000,2048,rcfopcitm,2,6,9,17.12
1000,2048,rcfopcitm,2,7,0,17.810000000000002
1000,2048,rcfopcitm,2,7,1,18.23
1000,2048,rcfopcitm,2,7,2,17.25
1000,2048,rcfopcitm,2,7,3,19.330000000000002
1000,2048,rcfopcitm,2,7,4,17.179999999999996
1000,2048,rcfopcitm,2,7,5,17.56
1000,2048,rcfopcitm,2,7,6,18.64
1000,2048,rcfopcitm,2,7,7,18.510000000000005
1000,2048,rcfopcitm,2,7,8,17.62
1000,2048,rcfopcitm,2,7,9,17.56
1000,2048,rcfopcitm,2,8,0,17.789999999999996
1000,2048,rcfopcitm,2,8,1,18.430000000000003
1000,2048,rcfopcitm,2,8,2,18.479999999999997
1000,2048,rcfopcitm,2,8,3,19.589999999999996
1000,2048,rcfopcitm,2,8,4,17.569999999999997
1000,2048,rcfopcitm,2,8,5,17.190000000000005
1000,2048,rcfopcitm,2,8,6,17.34
1000,2048,rcfopcitm,2,8,7,17.379999999999995
1000,2048,rcfopcitm,2,8,8,17.700000000000003
1000,2048,rcfopcitm,2,8,9,17.989999999999995
1000,2048,rcfopcitm,2,9,0,17.400000000000006
1000,2048,rcfopcitm,2,9,1,18.620000000000005
1000,2048,rcfopcitm,2,9,2,18.479999999999997
1000,2048,rcfopcitm,2,9,3,17.179999999999996
1000,2048,rcfopcitm,2,9,4,18.069999999999997
1000,2048,rcfopcitm,2,9,5,17.759999999999998
1000,2048,rcfopcitm,2,9,6,17.710000000000004
1000,2048,rcfopcitm,2,9,7,17.34
1000,2048,rcfopcitm,2,9,8,19.36
1000,2048,rcfopcitm,2,9,9,17.490000000000006
1000,2048,rcfopcitm,3,1,0,17.579999999999995
1000,2048,rcfopcitm,3,1,1,17.549999999999997
1000,2048,rcfopcitm,3,1,2,18.010000000000005
1000,2048,rcfopcitm,3,1,3,18.669999999999998
1000,2048,rcfopcitm,3,1,4,17.53
1000,2048,rcfopcitm,3,1,5,17.569999999999997
1000,2048,rcfopcitm,3,1,6,17.36
1000,2048,rcfopcitm,3,1,7,18.300000000000004
1000,2048,rcfopcitm,3,1,8,18.64
1000,2048,rcfopcitm,3,1,9,18.889999999999997
1000,2048,rcfopcitm,3,10,0,19.710000000000004
1000,2048,rcfopcitm,3,10,1,17.12
1000,2048,rcfopcitm,3,10,2,17.989999999999995
1000,2048,rcfopcitm,3,10,3,18.210000000000004
1000,2048,rcfopcitm,3,10,4,18.300000000000004
1000,2048,rcfopcitm,3,10,5,17.24
1000,2048,rcfopcitm,3,10,6,17.75
1000,2048,rcfopcitm,3,10,7,17.900000000000006
1000,2048,rcfopcitm,3,10,8,17.56
1000,2048,rcfopcitm,3,10,9,18.66
1000,2048,rcfopcitm,3,2,0,17.100000000000005
1000,2048,rcfopcitm,3,2,1,17.330000000000002
1000,2048,rcfopcitm,3,2,2,17.520000000000003
1000,2048,rcfopcitm,3,2,3,18.810000000000006
1000,2048,rcfopcitm,3,2,4,17.56
1000,2048,rcfopcitm,3,2,5,17.73
1000,2048,rcfopcitm,3,2,6,19.15
1000,2048,rcfopcitm,3,2,7,18.44
1000,2048,rcfopcitm,3,2,8,18.100000000000005
1000,2048,rcfopcitm,3,2,9,18.569999999999997
1000,2048,rcfopcitm,3,3,0,17.56
1000,2048,rcfopcitm,3,3,1,18.94
1000,2048,rcfopcitm,3,3,2,18.500000000000007
1000,2048,rcfopcitm,3,3,3,17.579999999999995
1000,2048,rcfopcitm,3,3,4,18.430000000000003
1000,2048,rcfopcitm,3,3,5,19.210000000000004
1000,2048,rcfopcitm,3,3,6,17.090000000000003
1000,2048,rcfopcitm,3,3,7,17.710000000000004
1000,2048,rcfopcitm,3,3,8,18.320000000000004
1000,2048,rcfopcitm,3,3,9,17.269999999999996
1000,2048,rcfopcitm,3,4,0,18.389999999999993
1000,2048,rcfopcitm,3,4,1,17.330000000000002
1000,2048,rcfopcitm,3,4,2,17.700000000000003
1000,2048,rcfopcitm,3,4,3,17.610000000000003
1000,2048,rcfopcitm,3,4,4,18.45
1000,2048,rcfopcitm,3,4,5,18.379999999999995
1000,2048,rcfopcitm,3,4,6,18.58
1000,2048,rcfopcitm,3,4,7,17.700000000000003
1000,2048,rcfopcitm,3,4,8,17.15
1000,2048,rcfopcitm,3,4,9,18.97
1000,2048,rcfopcitm,3,5,0,18.569999999999997
1000,2048,rcfopcitm,3,5,1,18.500000000000007
1000,2048,rcfopcitm,3,5,2,17.62
1000,2048,rcfopcitm,3,5,3,18.210000000000004
1000,2048,rcfopcitm,3,5,4,17.300000000000004
1000,2048,rcfopcitm,3,5,5,17.44
1000,2048,rcfopcitm,3,5,6,18.55
1000,2048,rcfopcitm,3,5,7,17.290000000000006
1000,2048,rcfopcitm,3,5,8,17.710000000000004
1000,2048,rcfopcitm,3,5,9,19.230000000000004
1000,2048,rcfopcitm,3,6,0,17.469999999999995
1000,2048,rcfopcitm,3,6,1,18.55
1000,2048,rcfopcitm,3,6,2,18.769999999999996
1000,2048,rcfopcitm,3,6,3,18.25
1000,2048,rcfopcitm,3,6,4,17.54
1000,2048,rcfopcitm,3,6,5,17.23
1000,2048,rcfopcitm,3,6,6,18.169999999999998
1000,2048,rcfopcitm,3,6,7,17.700000000000003
1000,2048,rcfopcitm,3,6,8,17.740000000000002
1000,2048,rcfopcitm,3,6,9,19.199999999999996
1000,2048,rcfopcitm,3,7,0,17.369999999999997
1000,2048,rcfopcitm,3,7,1,17.75
1000,2048,rcfopcitm,3,7,2,18.159999999999997
1000,2048,rcfopcitm,3,7,3,18.320000000000004
1000,2048,rcfopcitm,3,7,4,18.710000000000004
1000,2048,rcfopcitm,3,7,5,19.279999999999998
1000,2048,rcfopcitm,3,7,6,17.700000000000003
1000,2048,rcfopcitm,3,7,7,18.269999999999996
1000,2048,rcfopcitm,3,7,8,17.369999999999997
1000,2048,rcfopcitm,3,7,9,17.410000000000004
1000,2048,rcfopcitm,3,8,0,18.34
1000,2048,rcfopcitm,3,8,1,17.810000000000002
1000,2048,rcfopcitm,3,8,2,18.34
1000,2048,rcfopcitm,3,8,3,17.469999999999995
1000,2048,rcfopcitm,3,8,4,18.669999999999998
1000,2048,rcfopcitm,3,8,5,17.53
1000,2048,rcfopcitm,3,8,6,18.379999999999995
1000,2048,rcfopcitm,3,8,7,19.399999999999995
1000,2048,rcfopcitm,3,8,8,17.469999999999995
1000,2048,rcfopcitm,3,8,9,17.659999999999997
1000,2048,rcfopcitm,3,9,0,18.03
1000,2048,rcfopcitm,3,9,1,17.400000000000006
1000,2048,rcfopcitm,3,9,2,17.64
1000,2048,rcfopcitm,3,9,3,18.730000000000004
1000,2048,rcfopcitm,3,9,4,17.23
1000,2048,rcfopcitm,3,9,5,19.540000000000003
1000,2048,rcfopcitm,3,9,6,18.15
1000,2048,rcfopcitm,3,9,7,18.210000000000004
1000,2048,rcfopcitm,3,9,8,18.369999999999997
1000,2048,rcfopcitm,3,9,9,17.740000000000002
1000,2048,rcfopcitm,5,1,0,17.25
1000,2048,rcfopcitm,5,1,1,18.569999999999997
1000,2048,rcfopcitm,5,1,2,18.179999999999996
1000,2048,rcfopcitm,5,1,3,17.54
1000,2048,rcfopcitm,5,1,4,17.490000000000006
1000,2048,rcfopcitm,5,1,5,17.579999999999995
1000,2048,rcfopcitm,5,1,6,18.710000000000004
1000,2048,rcfopcitm,5,1,7,17.579999999999995
1000,2048,rcfopcitm,5,1,8,18.54
1000,2048,rcfopcitm,5,1,9,18.930000000000003
1000,2048,rcfopcitm,5,10,0,17.130000000000003
1000,2048,rcfopcitm,5,10,1,16.51
1000,2048,rcfopcitm,5,10,2,17.64
1000,2048,rcfopcitm,5,10,3,16.190000000000005
1000,2048,rcfopcitm,5,10,4,16.600000000000005
1000,2048,rcfopcitm,5,10,5,18.769999999999996
1000,2048,rcfopcitm,5,10,6,17.25
1000,2048,rcfopcitm,5,10,7,17.279999999999994
1000,2048,rcfopcitm,5,10,8,16.54
1000,2048,rcfopcitm,5,10,9,16.790000000000006
1000,2048,rcfopcitm,5,2,0,18.45
1000,2048,rcfopcitm,5,2,1,17.740000000000002
1000,2048,rcfopcitm,5,2,2,18.55
1000,2048,rcfopcitm,5,2,3,19.36
1000,2048,rcfopcitm,5,2,4,17.84
1000,2048,rcfopcitm,5,2,5,17.279999999999994
1000,2048,rcfopcitm,5,2,6,17.510000000000005
1000,2048,rcfopcitm,5,2,7,18.35
1000,2048,rcfopcitm,5,2,8,17.330000000000002
1000,2048,rcfopcitm,5,2,9,18.96
1000,2048,rcfopcitm,5,3,0,17.65
1000,2048,rcfopcitm,5,3,1,18.589999999999996
1000,2048,rcfopcitm,5,3,2,17.520000000000003
1000,2048,rcfopcitm,5,3,3,19.520000000000003
1000,2048,rcfopcitm,5,3,4,17.700000000000003
1000,2048,rcfopcitm,5,3,5,17.130000000000003
1000,2048,rcfopcitm,5,3,6,18.700000000000006
1000,2048,rcfopcitm,5,3,7,17.879999999999995
1000,2048,rcfopcitm,5,3,8,18.75
1000,2048,rcfopcitm,5,3,9,18.47
1000,2048,rcfopcitm,5,4,0,17.75
1000,2048,rcfopcitm,5,4,1,18.459999999999997
1000,2048,rcfopcitm,5,4,2,17.469999999999995
1000,2048,rcfopcitm,5,4,3,18.759999999999998
1000,2048,rcfopcitm,5,4,4,18.010000000000005
1000,2048,rcfopcitm,5,4,5,18.769999999999996
1000,2048,rcfopcitm,5,4,6,19.710000000000004
1000,2048,rcfopcitm,5,4,7,17.390000000000004
1000,2048,rcfopcitm,5,4,8,18.710000000000004
1000,2048,rcfopcitm,5,4,9,17.56
1000,2048,rcfopcitm,5,5,0,19.040000000000003
1000,2048,rcfopcitm,5,5,1,17.589999999999996
1000,2048,rcfopcitm,5,5,2,18.459999999999997
1000,2048,rcfopcitm,5,5,3,17.720000000000002
1000,2048,rcfopcitm,5,5,4,18.179999999999996
1000,2048,rcfopcitm,5,5,5,18.700000000000006
1000,2048,rcfopcitm,5,5,6,17.65
1000,2048,rcfopcitm,5,5,7,18.58
1000,2048,rcfopcitm,5,5,8,19.730000000000004
1000,2048,rcfopcitm,5,5,9,17.830000000000002
1000,2048,rcfopcitm,5,6,0,18.669999999999998
1000,2048,rcfopcitm,5,6,1,18.630000000000003
1000,2048,rcfopcitm,5,6,2,18.269999999999996
1000,2048,rcfopcitm,5,6,3,17.400000000000006
1000,2048,rcfopcitm,5,6,4,17.54
1000,2048,rcfopcitm,5,6,5,19.910000000000004
1000,2048,rcfopcitm,5,6,6,17.64
1000,2048,rcfopcitm,5,6,7,17.869999999999997
1000,2048,rcfopcitm,5,6,8,18.010000000000005
1000,2048,rcfopcitm,5,6,9,18.789999999999996
1000,2048,rcfopcitm,5,7,0,17.23
1000,2048,rcfopcitm,5,7,1,18.410000000000004
1000,2048,rcfopcitm,5,7,2,17.32
1000,2048,rcfopcitm,5,7,3,18.05
1000,2048,rcfopcitm,5,7,4,17.42
1000,2048,rcfopcitm,5,7,5,17.93
1000,2048,rcfopcitm,5,7,6,18.600000000000005
1000,2048,rcfopcitm,5,7,7,17.789999999999996
1000,2048,rcfopcitm,5,7,8,17.45
1000,2048,rcfopcitm,5,7,9,19.379999999999995
1000,2048,rcfopcitm,5,8,0,17.889999999999993
1000,2048,rcfopcitm,5,8,1,17.579999999999995
1000,2048,rcfopcitm,5,8,2,17.090000000000003
1000,2048,rcfopcitm,5,8,3,19.55
1000,2048,rcfopcitm,5,8,4,17.889999999999993
1000,2048,rcfopcitm,5,8,5,17.259999999999998
1000,2048,rcfopcitm,5,8,6,17.01
1000,2048,rcfopcitm,5,8,7,17.200000000000003
1000,2048,rcfopcitm,5,8,8,17.310000000000002
1000,2048,rcfopcitm,5,8,9,18.330000000000002
1000,2048,rcfopcitm,5,9,0,16.720000000000002
1000,2048,rcfopcitm,5,9,1,16.500000000000004
1000,2048,rcfopcitm,5,9,2,17.45
1000,2048,rcfopcitm,5,9,3,17.049999999999997
1000,2048,rcfopcitm,5,9,4,18.089999999999996
1000,2048,rcfopcitm,5,9,5,18.85
1000,2048,rcfopcitm,5,9,6,16.830000000000002
1000,2048,rcfopcitm,5,9,7,16.969999999999995
1000,2048,rcfopcitm,5,9,8,17.54
1000,2048,rcfopcitm,5,9,9,16.759999999999998
1000,2048,rcfopcitm,7,1,0,17.62
1000,2048,rcfopcitm,7,1,1,17.500000000000004
1000,2048,rcfopcitm,7,1,2,18.630000000000003
1000,2048,rcfopcitm,7,1,3,18.899999999999995
1000,2048,rcfopcitm,7,1,4,17.810000000000002
1000,2048,rcfopcitm,7,1,5,17.310000000000002
1000,2048,rcfopcitm,7,1,6,17.290000000000006
1000,2048,rcfopcitm,7,1,7,18.320000000000004
1000,2048,rcfopcitm,7,1,8,19.499999999999996
1000,2048,rcfopcitm,7,1,9,18.669999999999998
1000,2048,rcfopcitm,7,10,0,17.659999999999997
1000,2048,rcfopcitm,7,10,1,17.310000000000002
1000,2048,rcfopcitm,7,10,2,16.290000000000006
1000,2048,rcfopcitm,7,10,3,16.500000000000004
1000,2048,rcfopcitm,7,10,4,18.54
1000,2048,rcfopcitm,7,10,5,16.990000000000006
1000,2048,rcfopcitm,7,10,6,16.720000000000002
1000,2048,rcfopcitm,7,10,7,16.1
1000,2048,rcfopcitm,7,10,8,17.42
1000,2048,rcfopcitm,7,10,9,16.759999999999998
1000,2048,rcfopcitm,7,2,0,18.600000000000005
1000,2048,rcfopcitm,7,2,1,17.910000000000004
1000,2048,rcfopcitm,7,2,2,18.869999999999997
1000,2048,rcfopcitm,7,2,3,18.47
1000,2048,rcfopcitm,7,2,4,19.03
1000,2048,rcfopcitm,7,2,5,17.830000000000002
1000,2048,rcfopcitm,7,2,6,19.77
1000,2048,rcfopcitm,7,2,7,17.65
1000,2048,rcfopcitm,7,2,8,17.390000000000004
1000,2048,rcfopcitm,7,2,9,17.25
1000,2048,rcfopcitm,7,3,0,17.589999999999996
1000,2048,rcfopcitm,7,3,1,17.600000000000005
1000,2048,rcfopcitm,7,3,2,19.630000000000003
1000,2048,rcfopcitm,7,3,3,17.459999999999997
1000,2048,rcfopcitm,7,3,4,18.979999999999997
1000,2048,rcfopcitm,7,3,5,18.869999999999997
1000,2048,rcfopcitm,7,3,6,19.85
1000,2048,rcfopcitm,7,3,7,17.740000000000002
1000,2048,rcfopcitm,7,3,8,18.179999999999996
1000,2048,rcfopcitm,7,3,9,18.679999999999996
1000,2048,rcfopcitm,7,4,0,19.010000000000005
1000,2048,rcfopcitm,7,4,1,19.510000000000005
1000,2048,rcfopcitm,7,4,2,20.240000000000002
1000,2048,rcfopcitm,7,4,3,18.64
1000,2048,rcfopcitm,7,4,4,17.830000000000002
1000,2048,rcfopcitm,7,4,5,17.879999999999995
1000,2048,rcfopcitm,7,4,6,17.800000000000004
1000,2048,rcfopcitm,7,4,7,18.630000000000003
1000,2048,rcfopcitm,7,4,8,17.900000000000006
1000,2048,rcfopcitm,7,4,9,17.700000000000003
1000,2048,rcfopcitm,7,5,0,18.320000000000004
1000,2048,rcfopcitm,7,5,1,17.400000000000006
1000,2048,rcfopcitm,7,5,2,18.47
1000,2048,rcfopcitm,7,5,3,17.630000000000003
1000,2048,rcfopcitm,7,5,4,18.779999999999998
1000,2048,rcfopcitm,7,5,5,19.759999999999998
1000,2048,rcfopcitm,7,5,6,18.84
1000,2048,rcfopcitm,7,5,7,17.469999999999995
1000,2048,rcfopcitm,7,5,8,17.869999999999997
1000,2048,rcfopcitm,7,5,9,17.62
1000,2048,rcfopcitm,7,6,0,17.500000000000004
1000,2048,rcfopcitm,7,6,1,16.990000000000006
1000,2048,rcfopcitm,7,6,2,17.000000000000004
1000,2048,rcfopcitm,7,6,3,17.659999999999997
1000,2048,rcfopcitm,7,6,4,17.210000000000004
1000,2048,rcfopcitm,7,6,5,17.849999999999998
1000,2048,rcfopcitm,7,6,6,19.399999999999995
1000,2048,rcfopcitm,7,6,7,17.06
1000,2048,rcfopcitm,7,6,8,17.579999999999995
1000,2048,rcfopcitm,7,6,9,18.220000000000002
1000,2048,rcfopcitm,7,7,0,16.859999999999996
1000,2048,rcfopcitm,7,7,1,17.04
1000,2048,rcfopcitm,7,7,2,18.779999999999998
1000,2048,rcfopcitm,7,7,3,16.759999999999998
1000,2048,rcfopcitm,7,7,4,17.15
1000,2048,rcfopcitm,7,7,5,16.810000000000002
1000,2048,rcfopcitm,7,7,6,16.669999999999995
1000,2048,rcfopcitm,7,7,7,17.879999999999995
1000,2048,rcfopcitm,7,7,8,17.349999999999998
1000,2048,rcfopcitm,7,7,9,17.569999999999997
1000,2048,rcfopcitm,7,8,0,17.110000000000003
1000,2048,rcfopcitm,7,8,1,17.720000000000002
1000,2048,rcfopcitm,7,8,2,16.669999999999995
1000,2048,rcfopcitm,7,8,3,16.869999999999997
1000,2048,rcfopcitm,7,8,4,16.82
1000,2048,rcfopcitm,7,8,5,17.579999999999995
1000,2048,rcfopcitm,7,8,6,16.73
1000,2048,rcfopcitm,7,8,7,19.320000000000004
1000,2048,rcfopcitm,7,8,8,17.32
1000,2048,rcfopcitm,7,8,9,16.34
1000,2048,rcfopcitm,7,9,0,17.03
1000,2048,rcfopcitm,7,9,1,16.469999999999995
1000,2048,rcfopcitm,7,9,2,16.92
1000,2048,rcfopcitm,7,9,3,16.810000000000002
1000,2048,rcfopcitm,7,9,4,17.290000000000006
1000,2048,rcfopcitm,7,9,5,17.290000000000006
1000,2048,rcfopcitm,7,9,6,16.34
1000,2048,rcfopcitm,7,9,7,18.769999999999996
1000,2048,rcfopcitm,7,9,8,18.089999999999996
1000,2048,rcfopcitm,7,9,9,16.569999999999997
1000,256,fwd,,,0,17.610000000000003
1000,256,fwd,,,1,17.03
1000,256,fwd,,,2,18.000000000000004
1000,256,fwd,,,3,17.32
1000,256,fwd,,,4,17.269999999999996
1000,256,fwd,,,5,17.400000000000006
1000,256,fwd,,,6,16.859999999999996
1000,256,fwd,,,7,17.15
1000,256,fwd,,,8,17.130000000000003
1000,256,fwd,,,9,17.740000000000002
1000,256,rcfopcitm,10,1,0,17.079999999999995
1000,256,rcfopcitm,10,1,1,16.459999999999997
1000,256,rcfopcitm,10,1,2,18.289999999999996
1000,256,rcfopcitm,10,1,3,17.600000000000005
1000,256,rcfopcitm,10,1,4,16.82
1000,256,rcfopcitm,10,1,5,17.269999999999996
1000,256,rcfopcitm,10,1,6,16.869999999999997
1000,256,rcfopcitm,10,1,7,17.259999999999998
1000,256,rcfopcitm,10,1,8,16.53
1000,256,rcfopcitm,10,1,9,17.600000000000005
1000,256,rcfopcitm,10,10,0,18.679999999999996
1000,256,rcfopcitm,10,10,1,19.989999999999995
1000,256,rcfopcitm,10,10,2,19.679999999999996
1000,256,rcfopcitm,10,10,3,18.869999999999997
1000,256,rcfopcitm,10,10,4,18.289999999999996
1000,256,rcfopcitm,10,10,5,19.130000000000003
1000,256,rcfopcitm,10,10,6,19.330000000000002
1000,256,rcfopcitm,10,10,7,19.57
1000,256,rcfopcitm,10,10,8,20.109999999999996
1000,256,rcfopcitm,10,10,9,19.540000000000003
1000,256,rcfopcitm,10,2,0,17.12
1000,256,rcfopcitm,10,2,1,17.04
1000,256,rcfopcitm,10,2,2,16.769999999999996
1000,256,rcfopcitm,10,2,3,17.200000000000003
1000,256,rcfopcitm,10,2,4,16.910000000000004
1000,256,rcfopcitm,10,2,5,16.269999999999996
1000,256,rcfopcitm,10,2,6,18.05
1000,256,rcfopcitm,10,2,7,17.159999999999997
1000,256,rcfopcitm,10,2,8,17.589999999999996
1000,256,rcfopcitm,10,2,9,16.249999999999996
1000,256,rcfopcitm,10,3,0,17.32
1000,256,rcfopcitm,10,3,1,16.71
1000,256,rcfopcitm,10,3,2,17.54
1000,256,rcfopcitm,10,3,3,17.049999999999997
1000,256,rcfopcitm,10,3,4,16.95
1000,256,rcfopcitm,10,3,5,18.330000000000002
1000,256,rcfopcitm,10,3,6,16.42
1000,256,rcfopcitm,10,3,7,17.210000000000004
1000,256,rcfopcitm,10,3,8,16.74
1000,256,rcfopcitm,10,3,9,16.300000000000004
1000,256,rcfopcitm,10,4,0,16.979999999999997
1000,256,rcfopcitm,10,4,1,17.159999999999997
1000,256,rcfopcitm,10,4,2,17.900000000000006
1000,256,rcfopcitm,10,4,3,16.200000000000003
1000,256,rcfopcitm,10,4,4,16.849999999999998
1000,256,rcfopcitm,10,4,5,17.000000000000004
1000,256,rcfopcitm,10,4,6,17.330000000000002
1000,256,rcfopcitm,10,4,7,18.34
1000,256,rcfopcitm,10,4,8,16.779999999999994
1000,256,rcfopcitm,10,4,9,17.62
1000,256,rcfopcitm,10,5,0,17.659999999999997
1000,256,rcfopcitm,10,5,1,18.089999999999996
1000,256,rcfopcitm,10,5,2,17.779999999999994
1000,256,rcfopcitm,10,5,3,18.169999999999998
1000,256,rcfopcitm,10,5,4,17.459999999999997
1000,256,rcfopcitm,10,5,5,17.200000000000003
1000,256,rcfopcitm,10,5,6,17.62
1000,256,rcfopcitm,10,5,7,17.500000000000004
1000,256,rcfopcitm,10,5,8,18.35
1000,256,rcfopcitm,10,5,9,16.830000000000002
1000,256,rcfopcitm,10,6,0,17.65
1000,256,rcfopcitm,10,6,1,17.93
1000,256,rcfopcitm,10,6,2,17.549999999999997
1000,256,rcfopcitm,10,6,3,18.000000000000004
1000,256,rcfopcitm,10,6,4,18.85
1000,256,rcfopcitm,10,6,5,17.159999999999997
1000,256,rcfopcitm,10,6,6,18.459999999999997
1000,256,rcfopcitm,10,6,7,18.700000000000006
1000,256,rcfopcitm,10,6,8,18.510000000000005
1000,256,rcfopcitm,10,6,9,16.84
1000,256,rcfopcitm,10,7,0,18.459999999999997
1000,256,rcfopcitm,10,7,1,18.810000000000006
1000,256,rcfopcitm,10,7,2,17.349999999999998
1000,256,rcfopcitm,10,7,3,17.849999999999998
1000,256,rcfopcitm,10,7,4,17.84
1000,256,rcfopcitm,10,7,5,18.799999999999994
1000,256,rcfopcitm,10,7,6,18.06
1000,256,rcfopcitm,10,7,7,18.96
1000,256,rcfopcitm,10,7,8,18.35
1000,256,rcfopcitm,10,7,9,19.520000000000003
1000,256,rcfopcitm,10,8,0,18.689999999999994
1000,256,rcfopcitm,10,8,1,18.720000000000002
1000,256,rcfopcitm,10,8,2,19.06
1000,256,rcfopcitm,10,8,3,18.95
1000,256,rcfopcitm,10,8,4,19.299999999999994
1000,256,rcfopcitm,10,8,5,18.94
1000,256,rcfopcitm,10,8,6,20.87
1000,256,rcfopcitm,10,8,7,19.85
1000,256,rcfopcitm,10,8,8,18.86
1000,256,rcfopcitm,10,8,9,18.720000000000002
1000,256,rcfopcitm,10,9,0,18.820000000000004
1000,256,rcfopcitm,10,9,1,20.38
1000,256,rcfopcitm,10,9,2,21.699999999999996
1000,256,rcfopcitm,10,9,3,19.85
1000,256,rcfopcitm,10,9,4,20.369999999999997
1000,256,rcfopcitm,10,9,5,19.06
1000,256,rcfopcitm,10,9,6,20.279999999999998
1000,256,rcfopcitm,10,9,7,18.889999999999997
1000,256,rcfopcitm,10,9,8,19.540000000000003
1000,256,rcfopcitm,10,9,9,19.069999999999997
1000,256,rcfopcitm,12,1,0,16.559999999999995
1000,256,rcfopcitm,12,1,1,18.220000000000002
1000,256,rcfopcitm,12,1,2,16.610000000000003
1000,256,rcfopcitm,12,1,3,17.079999999999995
1000,256,rcfopcitm,12,1,4,17.64
1000,256,rcfopcitm,12,1,5,16.849999999999998
1000,256,rcfopcitm,12,1,6,16.180000000000007
1000,256,rcfopcitm,12,1,7,17.06
1000,256,rcfopcitm,12,1,8,17.479999999999997
1000,256,rcfopcitm,12,1,9,16.95
1000,256,rcfopcitm,12,10,0,19.040000000000003
1000,256,rcfopcitm,12,10,1,18.55
1000,256,rcfopcitm,12,10,2,18.65
1000,256,rcfopcitm,12,10,3,19.36
1000,256,rcfopcitm,12,10,4,18.47
1000,256,rcfopcitm,12,10,5,19.299999999999994
1000,256,rcfopcitm,12,10,6,19.930000000000003
1000,256,rcfopcitm,12,10,7,20.150000000000002
1000,256,rcfopcitm,12,10,8,19.199999999999996
1000,256,rcfopcitm,12,10,9,19.999999999999996
1000,256,rcfopcitm,12,2,0,17.200000000000003
1000,256,rcfopcitm,12,2,1,17.900000000000006
1000,256,rcfopcitm,12,2,2,16.900000000000006
1000,256,rcfopcitm,12,2,3,17.42
1000,256,rcfopcitm,12,2,4,16.92
1000,256,rcfopcitm,12,2,5,16.23
1000,256,rcfopcitm,12,2,6,16.800000000000004
1000,256,rcfopcitm,12,2,7,17.200000000000003
1000,256,rcfopcitm,12,2,8,16.290000000000006
1000,256,rcfopcitm,12,2,9,16.939999999999998
1000,256,rcfopcitm,12,3,0,17.069999999999997
1000,256,rcfopcitm,12,3,1,17.24
1000,256,rcfopcitm,12,3,2,16.12
1000,256,rcfopcitm,12,3,3,16.790000000000006
1000,256,rcfopcitm,12,3,4,16.869999999999997
1000,256,rcfopcitm,12,3,5,17.049999999999997
1000,256,rcfopcitm,12,3,6,16.679999999999996
1000,256,rcfopcitm,12,3,7,17.36
1000,256,rcfopcitm,12,3,8,16.04
1000,256,rcfopcitm,12,3,9,18.069999999999997
1000,256,rcfopcitm,12,4,0,16.959999999999997
1000,256,rcfopcitm,12,4,1,17.049999999999997
1000,256,rcfopcitm,12,4,2,17.23
1000,256,rcfopcitm,12,4,3,17.579999999999995
1000,256,rcfopcitm,12,4,4,17.769999999999996
1000,256,rcfopcitm,12,4,5,16.669999999999995
1000,256,rcfopcitm,12,4,6,16.410000000000004
1000,256,rcfopcitm,12,4,7,18.300000000000004
1000,256,rcfopcitm,12,4,8,17.200000000000003
1000,256,rcfopcitm,12,4,9,17.62
1000,256,rcfopcitm,12,5,0,16.62
1000,256,rcfopcitm,12,5,1,18.410000000000004
1000,256,rcfopcitm,12,5,2,17.03
1000,256,rcfopcitm,12,5,3,18.400000000000006
1000,256,rcfopcitm,12,5,4,17.800000000000004
1000,256,rcfopcitm,12,5,5,17.820000000000004
1000,256,rcfopcitm,12,5,6,18.740000000000002
1000,256,rcfopcitm,12,5,7,17.700000000000003
1000,256,rcfopcitm,12,5,8,17.740000000000002
1000,256,rcfopcitm,12,5,9,17.720000000000002
1000,256,rcfopcitm,12,6,0,18.97
1000,256,rcfopcitm,12,6,1,18.500000000000007
1000,256,rcfopcitm,12,6,2,17.65
1000,256,rcfopcitm,12,6,3,18.25
1000,256,rcfopcitm,12,6,4,17.769999999999996
1000,256,rcfopcitm,12,6,5,17.62
1000,256,rcfopcitm,12,6,6,19.75
1000,256,rcfopcitm,12,6,7,18.479999999999997
1000,256,rcfopcitm,12,6,8,18.220000000000002
1000,256,rcfopcitm,12,6,9,17.190000000000005
1000,256,rcfopcitm,12,7,0,17.910000000000004
1000,256,rcfopcitm,12,7,1,18.58
1000,256,rcfopcitm,12,7,2,18.300000000000004
1000,256,rcfopcitm,12,7,3,19.25
1000,256,rcfopcitm,12,7,4,18.569999999999997
1000,256,rcfopcitm,12,7,5,18.85
1000,256,rcfopcitm,12,7,6,20.330000000000005
1000,256,rcfopcitm,12,7,7,20.289999999999996
1000,256,rcfopcitm,12,7,8,19.420000000000005
1000,256,rcfopcitm,12,7,9,20.299999999999997
1000,256,rcfopcitm,12,8,0,19.120000000000005
1000,256,rcfopcitm,12,8,1,20.450000000000003
1000,256,rcfopcitm,12,8,2,19.920000000000005
1000,256,rcfopcitm,12,8,3,19.999999999999996
1000,256,rcfopcitm,12,8,4,20.44
1000,256,rcfopcitm,12,8,5,19.35
1000,256,rcfopcitm,12,8,6,19.799999999999997
1000,256,rcfopcitm,12,8,7,19.930000000000003
1000,256,rcfopcitm,12,8,8,20.75
1000,256,rcfopcitm,12,8,9,18.53
1000,256,rcfopcitm,12,9,0,19.259999999999998
1000,256,rcfopcitm,12,9,1,18.54
1000,256,rcfopcitm,12,9,2,18.44
1000,256,rcfopcitm,12,9,3,19.989999999999995
1000,256,rcfopcitm,12,9,4,19.020000000000003
1000,256,rcfopcitm,12,9,5,19.189999999999998
1000,256,rcfopcitm,12,9,6,19.130000000000003
1000,256,rcfopcitm,12,9,7,19.399999999999995
1000,256,rcfopcitm,12,9,8,19.199999999999996
1000,256,rcfopcitm,12,9,9,19.240000000000002
1000,256,rcfopcitm,2,1,0,17.03
1000,256,rcfopcitm,2,1,1,16.92
1000,256,rcfopcitm,2,1,2,16.73
1000,256,rcfopcitm,2,1,3,17.220000000000002
1000,256,rcfopcitm,2,1,4,17.93
1000,256,rcfopcitm,2,1,5,17.049999999999997
1000,256,rcfopcitm,2,1,6,17.679999999999996
1000,256,rcfopcitm,2,1,7,17.469999999999995
1000,256,rcfopcitm,2,1,8,17.32
1000,256,rcfopcitm,2,1,9,17.879999999999995
1000,256,rcfopcitm,2,10,0,17.06
1000,256,rcfopcitm,2,10,1,17.479999999999997
1000,256,rcfopcitm,2,10,2,17.710000000000004
1000,256,rcfopcitm,2,10,3,17.769999999999996
1000,256,rcfopcitm,2,10,4,17.849999999999998
1000,256,rcfopcitm,2,10,5,17.049999999999997
1000,256,rcfopcitm,2,10,6,17.820000000000004
1000,256,rcfopcitm,2,10,7,18.479999999999997
1000,256,rcfopcitm,2,10,8,17.410000000000004
1000,256,rcfopcitm,2,10,9,18.05
1000,256,rcfopcitm,2,2,0,16.790000000000006
1000,256,rcfopcitm,2,2,1,17.369999999999997
1000,256,rcfopcitm,2,2,2,17.979999999999997
1000,256,rcfopcitm,2,2,3,17.64
1000,256,rcfopcitm,2,2,4,16.859999999999996
1000,256,rcfopcitm,2,2,5,17.510000000000005
1000,256,rcfopcitm,2,2,6,17.830000000000002
1000,256,rcfopcitm,2,2,7,16.990000000000006
1000,256,rcfopcitm,2,2,8,17.300000000000004
1000,256,rcfopcitm,2,2,9,17.049999999999997
1000,256,rcfopcitm,2,3,0,17.100000000000005
1000,256,rcfopcitm,2,3,1,17.379999999999995
1000,256,rcfopcitm,2,3,2,17.84
1000,256,rcfopcitm,2,3,3,17.479999999999997
1000,256,rcfopcitm,2,3,4,16.93
1000,256,rcfopcitm,2,3,5,17.65
1000,256,rcfopcitm,2,3,6,16.82
1000,256,rcfopcitm,2,3,7,17.330000000000002
1000,256,rcfopcitm,2,3,8,16.900000000000006
1000,256,rcfopcitm,2,3,9,18.010000000000005
1000,256,rcfopcitm,2,4,0,16.939999999999998
1000,256,rcfopcitm,2,4,1,16.869999999999997
1000,256,rcfopcitm,2,4,2,17.600000000000005
1000,256,rcfopcitm,2,4,3,16.84
1000,256,rcfopcitm,2,4,4,18.120000000000005
1000,256,rcfopcitm,2,4,5,17.600000000000005
1000,256,rcfopcitm,2,4,6,17.179999999999996
1000,256,rcfopcitm,2,4,7,17.75
1000,256,rcfopcitm,2,4,8,17.44
1000,256,rcfopcitm,2,4,9,17.400000000000006
1000,256,rcfopcitm,2,5,0,16.990000000000006
1000,256,rcfopcitm,2,5,1,18.34
1000,256,rcfopcitm,2,5,2,17.769999999999996
1000,256,rcfopcitm,2,5,3,17.569999999999997
1000,256,rcfopcitm,2,5,4,17.069999999999997
1000,256,rcfopcitm,2,5,5,17.23
1000,256,rcfopcitm,2,5,6,16.859999999999996
1000,256,rcfopcitm,2,5,7,17.64
1000,256,rcfopcitm,2,5,8,17.369999999999997
1000,256,rcfopcitm,2,5,9,17.56
1000,256,rcfopcitm,2,6,0,16.93
1000,256,rcfopcitm,2,6,1,16.869999999999997
1000,256,rcfopcitm,2,6,2,17.500000000000004
1000,256,rcfopcitm,2,6,3,18.369999999999997
1000,256,rcfopcitm,2,6,4,17.669999999999998
1000,256,rcfopcitm,2,6,5,16.93
1000,256,rcfopcitm,2,6,6,17.42
1000,256,rcfopcitm,2,6,7,17.830000000000002
1000,256,rcfopcitm,2,6,8,17.94
1000,256,rcfopcitm,2,6,9,17.44
1000,256,rcfopcitm,2,7,0,17.810000000000002
1000,256,rcfopcitm,2,7,1,17.079999999999995
1000,256,rcfopcitm,2,7,2,16.82
1000,256,rcfopcitm,2,7,3,17.84
1000,256,rcfopcitm,2,7,4,17.710000000000004
1000,256,rcfopcitm,2,7,5,17.479999999999997
1000,256,rcfopcitm,2,7,6,17.36
1000,256,rcfopcitm,2,7,7,16.900000000000006
1000,256,rcfopcitm,2,7,8,17.62
1000,256,rcfopcitm,2,7,9,18.379999999999995
1000,256,rcfopcitm,2,8,0,17.740000000000002
1000,256,rcfopcitm,2,8,1,17.190000000000005
1000,256,rcfopcitm,2,8,2,18.45
1000,256,rcfopcitm,2,8,3,17.769999999999996
1000,256,rcfopcitm,2,8,4,17.459999999999997
1000,256,rcfopcitm,2,8,5,17.979999999999997
1000,256,rcfopcitm,2,8,6,17.290000000000006
1000,256,rcfopcitm,2,8,7,16.969999999999995
1000,256,rcfopcitm,2,8,8,16.71
1000,256,rcfopcitm,2,8,9,17.900000000000006
1000,256,rcfopcitm,2,9,0,17.349999999999998
1000,256,rcfopcitm,2,9,1,17.92
1000,256,rcfopcitm,2,9,2,16.74
1000,256,rcfopcitm,2,9,3,17.75
1000,256,rcfopcitm,2,9,4,18.369999999999997
1000,256,rcfopcitm,2,9,5,17.279999999999994
1000,256,rcfopcitm,2,9,6,17.910000000000004
1000,256,rcfopcitm,2,9,7,17.64
1000,256,rcfopcitm,2,9,8,17.86
1000,256,rcfopcitm,2,9,9,16.990000000000006
1000,256,rcfopcitm,3,1,0,16.62
1000,256,rcfopcitm,3,1,1,16.859999999999996
1000,256,rcfopcitm,3,1,2,17.220000000000002
1000,256,rcfopcitm,3,1,3,16.779999999999994
1000,256,rcfopcitm,3,1,4,16.969999999999995
1000,256,rcfopcitm,3,1,5,17.740000000000002
1000,256,rcfopcitm,3,1,6,17.979999999999997
1000,256,rcfopcitm,3,1,7,17.410000000000004
1000,256,rcfopcitm,3,1,8,17.849999999999998
1000,256,rcfopcitm,3,1,9,17.410000000000004
1000,256,rcfopcitm,3,10,0,18.279999999999998
1000,256,rcfopcitm,3,10,1,17.65
1000,256,rcfopcitm,3,10,2,18.06
1000,256,rcfopcitm,3,10,3,18.169999999999998
1000,256,rcfopcitm,3,10,4,16.95
1000,256,rcfopcitm,3,10,5,18.879999999999995
1000,256,rcfopcitm,3,10,6,17.469999999999995
1000,256,rcfopcitm,3,10,7,17.24
1000,256,rcfopcitm,3,10,8,17.65
1000,256,rcfopcitm,3,10,9,17.190000000000005
1000,256,rcfopcitm,3,2,0,17.720000000000002
1000,256,rcfopcitm,3,2,1,16.849999999999998
1000,256,rcfopcitm,3,2,2,17.269999999999996
1000,256,rcfopcitm,3,2,3,16.82
1000,256,rcfopcitm,3,2,4,17.44
1000,256,rcfopcitm,3,2,5,18.35
1000,256,rcfopcitm,3,2,6,16.879999999999995
1000,256,rcfopcitm,3,2,7,16.879999999999995
1000,256,rcfopcitm,3,2,8,17.410000000000004
1000,256,rcfopcitm,3,2,9,17.900000000000006
1000,256,rcfopcitm,3,3,0,17.349999999999998
1000,256,rcfopcitm,3,3,1,17.000000000000004
1000,256,rcfopcitm,3,3,2,17.14
1000,256,rcfopcitm,3,3,3,16.830000000000002
1000,256,rcfopcitm,3,3,4,17.330000000000002
1000,256,rcfopcitm,3,3,5,17.349999999999998
1000,256,rcfopcitm,3,3,6,17.869999999999997
1000,256,rcfopcitm,3,3,7,17.700000000000003
1000,256,rcfopcitm,3,3,8,18.25
1000,256,rcfopcitm,3,3,9,16.95
1000,256,rcfopcitm,3,4,0,17.53
1000,256,rcfopcitm,3,4,1,17.25
1000,256,rcfopcitm,3,4,2,17.43
1000,256,rcfopcitm,3,4,3,17.520000000000003
1000,256,rcfopcitm,3,4,4,18.020000000000003
1000,256,rcfopcitm,3,4,5,17.93
1000,256,rcfopcitm,3,4,6,16.790000000000006
1000,256,rcfopcitm,3,4,7,18.34
1000,256,rcfopcitm,3,4,8,17.220000000000002
1000,256,rcfopcitm,3,4,9,17.01
1000,256,rcfopcitm,3,5,0,17.049999999999997
1000,256,rcfopcitm,3,5,1,18.369999999999997
1000,256,rcfopcitm,3,5,2,16.82
1000,256,rcfopcitm,3,5,3,17.179999999999996
1000,256,rcfopcitm,3,5,4,17.520000000000003
1000,256,rcfopcitm,3,5,5,17.789999999999996
1000,256,rcfopcitm,3,5,6,17.92
1000,256,rcfopcitm,3,5,7,17.490000000000006
1000,256,rcfopcitm,3,5,8,17.579999999999995
1000,256,rcfopcitm,3,5,9,17.25
1000,256,rcfopcitm,3,6,0,17.73
1000,256,rcfopcitm,3,6,1,16.92
1000,256,rcfopcitm,3,6,2,17.720000000000002
1000,256,rcfopcitm,3,6,3,17.630000000000003
1000,256,rcfopcitm,3,6,4,17.490000000000006
1000,256,rcfopcitm,3,6,5,17.73
1000,256,rcfopcitm,3,6,6,17.349999999999998
1000,256,rcfopcitm,3,6,7,17.14
1000,256,rcfopcitm,3,6,8,18.53
1000,256,rcfopcitm,3,6,9,17.14
1000,256,rcfopcitm,3,7,0,17.64
1000,256,rcfopcitm,3,7,1,18.53
1000,256,rcfopcitm,3,7,2,16.990000000000006
1000,256,rcfopcitm,3,7,3,17.269999999999996
1000,256,rcfopcitm,3,7,4,17.23
1000,256,rcfopcitm,3,7,5,17.720000000000002
1000,256,rcfopcitm,3,7,6,17.75
1000,256,rcfopcitm,3,7,7,17.759999999999998
1000,256,rcfopcitm,3,7,8,17.43
1000,256,rcfopcitm,3,7,9,17.56
1000,256,rcfopcitm,3,8,0,16.93
1000,256,rcfopcitm,3,8,1,17.849999999999998
1000,256,rcfopcitm,3,8,2,17.500000000000004
1000,256,rcfopcitm,3,8,3,17.879999999999995
1000,256,rcfopcitm,3,8,4,17.979999999999997
1000,256,rcfopcitm,3,8,5,17.520000000000003
1000,256,rcfopcitm,3,8,6,17.330000000000002
1000,256,rcfopcitm,3,8,7,17.630000000000003
1000,256,rcfopcitm,3,8,8,17.310000000000002
1000,256,rcfopcitm,3,8,9,18.58
1000,256,rcfopcitm,3,9,0,17.510000000000005
1000,256,rcfopcitm,3,9,1,17.379999999999995
1000,256,rcfopcitm,3,9,2,16.830000000000002
1000,256,rcfopcitm,3,9,3,17.65
1000,256,rcfopcitm,3,9,4,17.579999999999995
1000,256,rcfopcitm,3,9,5,18.630000000000003
1000,256,rcfopcitm,3,9,6,17.979999999999997
1000,256,rcfopcitm,3,9,7,18.079999999999995
1000,256,rcfopcitm,3,9,8,18.04
1000,256,rcfopcitm,3,9,9,17.42
1000,256,rcfopcitm,5,1,0,17.689999999999994
1000,256,rcfopcitm,5,1,1,18.079999999999995
1000,256,rcfopcitm,5,1,2,16.900000000000006
1000,256,rcfopcitm,5,1,3,16.759999999999998
1000,256,rcfopcitm,5,1,4,17.210000000000004
1000,256,rcfopcitm,5,1,5,16.93
1000,256,rcfopcitm,5,1,6,17.889999999999993
1000,256,rcfopcitm,5,1,7,17.43
1000,256,rcfopcitm,5,1,8,17.310000000000002
1000,256,rcfopcitm,5,1,9,16.720000000000002
1000,256,rcfopcitm,5,10,0,17.490000000000006
1000,256,rcfopcitm,5,10,1,18.23
1000,256,rcfopcitm,5,10,2,19.399999999999995
1000,256,rcfopcitm,5,10,3,18.700000000000006
1000,256,rcfopcitm,5,10,4,18.620000000000005
1000,256,rcfopcitm,5,10,5,17.779999999999994
1000,256,rcfopcitm,5,10,6,18.47
1000,256,rcfopcitm,5,10,7,17.849999999999998
1000,256,rcfopcitm,5,10,8,18.97
1000,256,rcfopcitm,5,10,9,17.959999999999997
1000,256,rcfopcitm,5,2,0,16.75
1000,256,rcfopcitm,5,2,1,16.849999999999998
1000,256,rcfopcitm,5,2,2,17.24
1000,256,rcfopcitm,5,2,3,17.349999999999998
1000,256,rcfopcitm,5,2,4,17.01
1000,256,rcfopcitm,5,2,5,18.410000000000004
1000,256,rcfopcitm,5,2,6,17.710000000000004
1000,256,rcfopcitm,5,2,7,17.369999999999997
1000,256,rcfopcitm,5,2,8,17.779999999999994
1000,256,rcfopcitm,5,2,9,16.669999999999995
1000,256,rcfopcitm,5,3,0,17.600000000000005
1000,256,rcfopcitm,5,3,1,16.849999999999998
1000,256,rcfopcitm,5,3,2,16.490000000000006
1000,256,rcfopcitm,5,3,3,18.430000000000003
1000,256,rcfopcitm,5,3,4,17.44
1000,256,rcfopcitm,5,3,5,17.06
1000,256,rcfopcitm,5,3,6,17.24
1000,256,rcfopcitm,5,3,7,17.500000000000004
1000,256,rcfopcitm,5,3,8,17.779999999999994
1000,256,rcfopcitm,5,3,9,16.700000000000003
1000,256,rcfopcitm,5,4,0,17.490000000000006
1000,256,rcfopcitm,5,4,1,17.64
1000,256,rcfopcitm,5,4,2,16.579999999999995
1000,256,rcfopcitm,5,4,3,16.859999999999996
1000,256,rcfopcitm,5,4,4,16.64
1000,256,rcfopcitm,5,4,5,17.610000000000003
1000,256,rcfopcitm,5,4,6,17.549999999999997
1000,256,rcfopcitm,5,4,7,17.04
1000,256,rcfopcitm,5,4,8,18.25
1000,256,rcfopcitm,5,4,9,17.379999999999995
1000,256,rcfopcitm,5,5,0,16.800000000000004
1000,256,rcfopcitm,5,5,1,17.020000000000003
1000,256,rcfopcitm,5,5,2,16.610000000000003
1000,256,rcfopcitm,5,5,3,17.510000000000005
1000,256,rcfopcitm,5,5,4,17.500000000000004
1000,256,rcfopcitm,5,5,5,18.479999999999997
1000,256,rcfopcitm,5,5,6,17.500000000000004
1000,256,rcfopcitm,5,5,7,17.330000000000002
1000,256,rcfopcitm,5,5,8,17.740000000000002
1000,256,rcfopcitm,5,5,9,17.669999999999998
1000,256,rcfopcitm,5,6,0,17.410000000000004
1000,256,rcfopcitm,5,6,1,17.75
1000,256,rcfopcitm,5,6,2,17.789999999999996
1000,256,rcfopcitm,5,6,3,17.03
1000,256,rcfopcitm,5,6,4,17.049999999999997
1000,256,rcfopcitm,5,6,5,18.44
1000,256,rcfopcitm,5,6,6,17.659999999999997
1000,256,rcfopcitm,5,6,7,16.890000000000004
1000,256,rcfopcitm,5,6,8,17.820000000000004
1000,256,rcfopcitm,5,6,9,16.63
1000,256,rcfopcitm,5,7,0,16.720000000000002
1000,256,rcfopcitm,5,7,1,16.990000000000006
1000,256,rcfopcitm,5,7,2,17.44
1000,256,rcfopcitm,5,7,3,17.069999999999997
1000,256,rcfopcitm,5,7,4,16.569999999999997
1000,256,rcfopcitm,5,7,5,17.720000000000002
1000,256,rcfopcitm,5,7,6,18.45
1000,256,rcfopcitm,5,7,7,17.910000000000004
1000,256,rcfopcitm,5,7,8,17.889999999999993
1000,256,rcfopcitm,5,7,9,17.520000000000003
1000,256,rcfopcitm,5,8,0,17.759999999999998
1000,256,rcfopcitm,5,8,1,18.56
1000,256,rcfopcitm,5,8,2,17.710000000000004
1000,256,rcfopcitm,5,8,3,17.400000000000006
1000,256,rcfopcitm,5,8,4,16.71
1000,256,rcfopcitm,5,8,5,16.54
1000,256,rcfopcitm,5,8,6,17.610000000000003
1000,256,rcfopcitm,5,8,7,16.74
1000,256,rcfopcitm,5,8,8,17.700000000000003
1000,256,rcfopcitm,5,8,9,17.369999999999997
1000,256,rcfopcitm,5,9,0,17.01
1000,256,rcfopcitm,5,9,1,17.23
1000,256,rcfopcitm,5,9,2,18.55
1000,256,rcfopcitm,5,9,3,17.369999999999997
1000,256,rcfopcitm,5,9,4,18.210000000000004
1000,256,rcfopcitm,5,9,5,18.620000000000005
1000,256,rcfopcitm,5,9,6,17.800000000000004
1000,256,rcfopcitm,5,9,7,17.810000000000002
1000,256,rcfopcitm,5,9,8,17.86
1000,256,rcfopcitm,5,9,9,17.869999999999997
1000,256,rcfopcitm,7,1,0,17.130000000000003
1000,256,rcfopcitm,7,1,1,18.06
1000,256,rcfopcitm,7,1,2,16.73
1000,256,rcfopcitm,7,1,3,17.200000000000003
1000,256,rcfopcitm,7,1,4,16.869999999999997
1000,256,rcfopcitm,7,1,5,16.890000000000004
1000,256,rcfopcitm,7,1,6,17.53
1000,256,rcfopcitm,7,1,7,17.12
1000,256,rcfopcitm,7,1,8,17.889999999999993
1000,256,rcfopcitm,7,1,9,17.06
1000,256,rcfopcitm,7,10,0,19.620000000000005
1000,256,rcfopcitm,7,10,1,17.369999999999997
1000,256,rcfopcitm,7,10,2,19.020000000000003
1000,256,rcfopcitm,7,10,3,20.220000000000006
1000,256,rcfopcitm,7,10,4,18.930000000000003
1000,256,rcfopcitm,7,10,5,18.789999999999996
1000,256,rcfopcitm,7,10,6,19.720000000000006
1000,256,rcfopcitm,7,10,7,18.479999999999997
1000,256,rcfopcitm,7,10,8,18.92
1000,256,rcfopcitm,7,10,9,19.099999999999994
1000,256,rcfopcitm,7,2,0,17.630000000000003
1000,256,rcfopcitm,7,2,1,17.679999999999996
1000,256,rcfopcitm,7,2,2,16.600000000000005
1000,256,rcfopcitm,7,2,3,16.82
1000,256,rcfopcitm,7,2,4,17.020000000000003
1000,256,rcfopcitm,7,2,5,17.23
1000,256,rcfopcitm,7,2,6,18.36
1000,256,rcfopcitm,7,2,7,16.53
1000,256,rcfopcitm,7,2,8,16.859999999999996
1000,256,rcfopcitm,7,2,9,17.349999999999998
1000,256,rcfopcitm,7,3,0,16.469999999999995
1000,256,rcfopcitm,7,3,1,17.53
1000,256,rcfopcitm,7,3,2,17.06
1000,256,rcfopcitm,7,3,3,16.830000000000002
1000,256,rcfopcitm,7,3,4,17.43
1000,256,rcfopcitm,7,3,5,18.269999999999996
1000,256,rcfopcitm,7,3,6,17.44
1000,256,rcfopcitm,7,3,7,16.479999999999993
1000,256,rcfopcitm,7,3,8,17.43
1000,256,rcfopcitm,7,3,9,16.610000000000003
1000,256,rcfopcitm,7,4,0,17.53
1000,256,rcfopcitm,7,4,1,16.95
1000,256,rcfopcitm,7,4,2,18.53
1000,256,rcfopcitm,7,4,3,16.879999999999995
1000,256,rcfopcitm,7,4,4,17.369999999999997
1000,256,rcfopcitm,7,4,5,17.259999999999998
1000,256,rcfopcitm,7,4,6,16.890000000000004
1000,256,rcfopcitm,7,4,7,17.400000000000006
1000,256,rcfopcitm,7,4,8,16.43
1000,256,rcfopcitm,7,4,9,17.820000000000004
1000,256,rcfopcitm,7,5,0,17.520000000000003
1000,256,rcfopcitm,7,5,1,16.810000000000002
1000,256,rcfopcitm,7,5,2,16.569999999999997
1000,256,rcfopcitm,7,5,3,16.84
1000,256,rcfopcitm,7,5,4,16.910000000000004
1000,256,rcfopcitm,7,5,5,18.430000000000003
1000,256,rcfopcitm,7,5,6,16.990000000000006
1000,256,rcfopcitm,7,5,7,17.589999999999996
1000,256,rcfopcitm,7,5,8,17.600000000000005
1000,256,rcfopcitm,7,5,9,17.36
1000,256,rcfopcitm,7,6,0,17.14
1000,256,rcfopcitm,7,6,1,18.189999999999994
1000,256,rcfopcitm,7,6,2,17.020000000000003
1000,256,rcfopcitm,7,6,3,17.720000000000002
1000,256,rcfopcitm,7,6,4,16.610000000000003
1000,256,rcfopcitm,7,6,5,17.100000000000005
1000,256,rcfopcitm,7,6,6,18.279999999999998
1000,256,rcfopcitm,7,6,7,17.34
1000,256,rcfopcitm,7,6,8,17.390000000000004
1000,256,rcfopcitm,7,6,9,17.869999999999997
1000,256,rcfopcitm,7,7,0,18.03
1000,256,rcfopcitm,7,7,1,17.93
1000,256,rcfopcitm,7,7,2,18.47
1000,256,rcfopcitm,7,7,3,18.45
1000,256,rcfopcitm,7,7,4,19.110000000000007
1000,256,rcfopcitm,7,7,5,17.92
1000,256,rcfopcitm,7,7,6,17.75
1000,256,rcfopcitm,7,7,7,17.410000000000004
1000,256,rcfopcitm,7,7,8,16.879999999999995
1000,256,rcfopcitm,7,7,9,17.889999999999993
1000,256,rcfopcitm,7,8,0,18.04
1000,256,rcfopcitm,7,8,1,16.990000000000006
1000,256,rcfopcitm,7,8,2,17.579999999999995
1000,256,rcfopcitm,7,8,3,18.110000000000003
1000,256,rcfopcitm,7,8,4,18.100000000000005
1000,256,rcfopcitm,7,8,5,18.710000000000004
1000,256,rcfopcitm,7,8,6,18.730000000000004
1000,256,rcfopcitm,7,8,7,18.589999999999996
1000,256,rcfopcitm,7,8,8,17.710000000000004
1000,256,rcfopcitm,7,8,9,18.389999999999993
1000,256,rcfopcitm,7,9,0,17.44
1000,256,rcfopcitm,7,9,1,18.879999999999995
1000,256,rcfopcitm,7,9,2,18.100000000000005
1000,256,rcfopcitm,7,9,3,18.389999999999993
1000,256,rcfopcitm,7,9,4,18.489999999999995
1000,256,rcfopcitm,7,9,5,18.089999999999996
1000,256,rcfopcitm,7,9,6,18.130000000000003
1000,256,rcfopcitm,7,9,7,18.589999999999996
1000,256,rcfopcitm,7,9,8,18.910000000000004
1000,256,rcfopcitm,7,9,9,19.25
1000,32,fwd,,,0,16.400000000000002
1000,32,fwd,,,1,17.820000000000004
1000,32,fwd,,,2,18.45
1000,32,fwd,,,3,17.759999999999998
1000,32,fwd,,,4,17.04
1000,32,fwd,,,5,17.569999999999997
1000,32,fwd,,,6,17.84
1000,32,fwd,,,7,17.679999999999996
1000,32,fwd,,,8,17.169999999999995
1000,32,fwd,,,9,17.01
1000,32,rcfopcitm,10,1,0,18.500000000000007
1000,32,rcfopcitm,10,1,1,17.520000000000003
1000,32,rcfopcitm,10,1,2,17.490000000000006
1000,32,rcfopcitm,10,1,3,17.769999999999996
1000,32,rcfopcitm,10,1,4,17.569999999999997
1000,32,rcfopcitm,10,1,5,17.069999999999997
1000,32,rcfopcitm,10,1,6,17.900000000000006
1000,32,rcfopcitm,10,1,7,17.720000000000002
1000,32,rcfopcitm,10,1,8,16.32
1000,32,rcfopcitm,10,1,9,17.190000000000005
1000,32,rcfopcitm,10,10,0,22.9
1000,32,rcfopcitm,10,10,1,23.419999999999995
1000,32,rcfopcitm,10,10,2,24.2
1000,32,rcfopcitm,10,10,3,23.650000000000006
1000,32,rcfopcitm,10,10,4,20.720000000000006
1000,32,rcfopcitm,10,10,5,22.629999999999995
1000,32,rcfopcitm,10,10,6,22.67
1000,32,rcfopcitm,10,10,7,24.3
1000,32,rcfopcitm,10,10,8,24.039999999999996
1000,32,rcfopcitm,10,10,9,24.350000000000005
1000,32,rcfopcitm,10,2,0,17.630000000000003
1000,32,rcfopcitm,10,2,1,17.95
1000,32,rcfopcitm,10,2,2,17.300000000000004
1000,32,rcfopcitm,10,2,3,19.08
1000,32,rcfopcitm,10,2,4,17.789999999999996
1000,32,rcfopcitm,10,2,5,17.879999999999995
1000,32,rcfopcitm,10,2,6,17.659999999999997
1000,32,rcfopcitm,10,2,7,17.54
1000,32,rcfopcitm,10,2,8,16.879999999999995
1000,32,rcfopcitm,10,2,9,18.14
1000,32,rcfopcitm,10,3,0,19.27
1000,32,rcfopcitm,10,3,1,18.66
1000,32,rcfopcitm,10,3,2,19.06
1000,32,rcfopcitm,10,3,3,17.700000000000003
1000,32,rcfopcitm,10,3,4,17.869999999999997
1000,32,rcfopcitm,10,3,5,18.510000000000005
1000,32,rcfopcitm,10,3,6,17.510000000000005
1000,32,rcfopcitm,10,3,7,18.120000000000005
1000,32,rcfopcitm,10,3,8,18.189999999999994
1000,32,rcfopcitm,10,3,9,17.490000000000006
1000,32,rcfopcitm,10,4,0,18.069999999999997
1000,32,rcfopcitm,10,4,1,19.730000000000004
1000,32,rcfopcitm,10,4,2,19.210000000000004
1000,32,rcfopcitm,10,4,3,19.88
1000,32,rcfopcitm,10,4,4,18.430000000000003
1000,32,rcfopcitm,10,4,5,18.259999999999998
1000,32,rcfopcitm,10,4,6,19.85
1000,32,rcfopcitm,10,4,7,17.97
1000,32,rcfopcitm,10,4,8,18.589999999999996
1000,32,rcfopcitm,10,4,9,18.930000000000003
1000,32,rcfopcitm,10,5,0,24.129999999999995
1000,32,rcfopcitm,10,5,1,25.029999999999998
1000,32,rcfopcitm,10,5,2,22.9
1000,32,rcfopcitm,10,5,3,23.31
1000,32,rcfopcitm,10,5,4,22.430000000000007
1000,32,rcfopcitm,10,5,5,23.760000000000005
1000,32,rcfopcitm,10,5,6,22.719999999999995
1000,32,rcfopcitm,10,5,7,24.48
1000,32,rcfopcitm,10,5,8,23.939999999999994
1000,32,rcfopcitm,10,5,9,23.860000000000003
1000,32,rcfopcitm,10,6,0,23.0
1000,32,rcfopcitm,10,6,1,23.26
1000,32,rcfopcitm,10,6,2,23.619999999999997
1000,32,rcfopcitm,10,6,3,24.870000000000005
1000,32,rcfopcitm,10,6,4,23.829999999999995
1000,32,rcfopcitm,10,6,5,22.729999999999993
1000,32,rcfopcitm,10,6,6,23.319999999999997
1000,32,rcfopcitm,10,6,7,23.18
1000,32,rcfopcitm,10,6,8,21.930000000000007
1000,32,rcfopcitm,10,6,9,23.829999999999995
1000,32,rcfopcitm,10,7,0,21.78
1000,32,rcfopcitm,10,7,1,21.709999999999997
1000,32,rcfopcitm,10,7,2,21.419999999999995
1000,32,rcfopcitm,10,7,3,22.199999999999996
1000,32,rcfopcitm,10,7,4,22.729999999999993
1000,32,rcfopcitm,10,7,5,23.89
1000,32,rcfopcitm,10,7,6,22.209999999999997
1000,32,rcfopcitm,10,7,7,21.819999999999993
1000,32,rcfopcitm,10,7,8,21.860000000000003
1000,32,rcfopcitm,10,7,9,24.79
1000,32,rcfopcitm,10,8,0,22.719999999999995
1000,32,rcfopcitm,10,8,1,22.130000000000006
1000,32,rcfopcitm,10,8,2,22.09
1000,32,rcfopcitm,10,8,3,22.28
1000,32,rcfopcitm,10,8,4,21.919999999999995
1000,32,rcfopcitm,10,8,5,21.16
1000,32,rcfopcitm,10,8,6,23.209999999999997
1000,32,rcfopcitm,10,8,7,20.999999999999996
1000,32,rcfopcitm,10,8,8,22.39
1000,32,rcfopcitm,10,8,9,21.66
1000,32,rcfopcitm,10,9,0,23.060000000000002
1000,32,rcfopcitm,10,9,1,22.770000000000003
1000,32,rcfopcitm,10,9,2,22.35
1000,32,rcfopcitm,10,9,3,23.319999999999997
1000,32,rcfopcitm,10,9,4,21.560000000000002
1000,32,rcfopcitm,10,9,5,23.560000000000002
1000,32,rcfopcitm,10,9,6,22.440000000000005
1000,32,rcfopcitm,10,9,7,23.960000000000004
1000,32,rcfopcitm,10,9,8,22.770000000000003
1000,32,rcfopcitm,10,9,9,23.470000000000002
1000,32,rcfopcitm,12,1,0,17.900000000000006
1000,32,rcfopcitm,12,1,1,17.400000000000006
1000,32,rcfopcitm,12,1,2,17.62
1000,32,rcfopcitm,12,1,3,17.43
1000,32,rcfopcitm,12,1,4,17.000000000000004
1000,32,rcfopcitm,12,1,5,17.73
1000,32,rcfopcitm,12,1,6,17.789999999999996
1000,32,rcfopcitm,12,1,7,16.490000000000006
1000,32,rcfopcitm,12,1,8,18.220000000000002
1000,32,rcfopcitm,12,1,9,18.23
1000,32,rcfopcitm,12,10,0,23.89
1000,32,rcfopcitm,12,10,1,23.229999999999997
1000,32,rcfopcitm,12,10,2,23.950000000000003
1000,32,rcfopcitm,12,10,3,23.189999999999998
1000,32,rcfopcitm,12,10,4,23.990000000000002
1000,32,rcfopcitm,12,10,5,22.98
1000,32,rcfopcitm,12,10,6,24.680000000000003
1000,32,rcfopcitm,12,10,7,22.67
1000,32,rcfopcitm,12,10,8,24.11
1000,32,rcfopcitm,12,10,9,24.59
1000,32,rcfopcitm,12,2,0,18.210000000000004
1000,32,rcfopcitm,12,2,1,18.459999999999997
1000,32,rcfopcitm,12,2,2,17.569999999999997
1000,32,rcfopcitm,12,2,3,18.23
1000,32,rcfopcitm,12,2,4,17.130000000000003
1000,32,rcfopcitm,12,2,5,17.410000000000004
1000,32,rcfopcitm,12,2,6,18.079999999999995
1000,32,rcfopcitm,12,2,7,18.04
1000,32,rcfopcitm,12,2,8,17.900000000000006
1000,32,rcfopcitm,12,2,9,18.979999999999997
1000,32,rcfopcitm,12,3,0,19.08
1000,32,rcfopcitm,12,3,1,18.410000000000004
1000,32,rcfopcitm,12,3,2,18.979999999999997
1000,32,rcfopcitm,12,3,3,18.630000000000003
1000,32,rcfopcitm,12,3,4,19.710000000000004
1000,32,rcfopcitm,12,3,5,19.179999999999996
1000,32,rcfopcitm,12,3,6,18.310000000000002
1000,32,rcfopcitm,12,3,7,18.75
1000,32,rcfopcitm,12,3,8,18.06
1000,32,rcfopcitm,12,3,9,19.96
1000,32,rcfopcitm,12,4,0,23.4
1000,32,rcfopcitm,12,4,1,24.570000000000004
1000,32,rcfopcitm,12,4,2,24.67
1000,32,rcfopcitm,12,4,3,23.350000000000005
1000,32,rcfopcitm,12,4,4,22.199999999999996
1000,32,rcfopcitm,12,4,5,24.83
1000,32,rcfopcitm,12,4,6,23.860000000000003
1000,32,rcfopcitm,12,4,7,23.67
1000,32,rcfopcitm,12,4,8,24.2
1000,32,rcfopcitm,12,4,9,23.770000000000003
1000,32,rcfopcitm,12,5,0,21.519999999999996
1000,32,rcfopcitm,12,5,1,23.37
1000,32,rcfopcitm,12,5,2,23.799999999999997
1000,32,rcfopcitm,12,5,3,24.529999999999998
1000,32,rcfopcitm,12,5,4,24.039999999999996
1000,32,rcfopcitm,12,5,5,24.209999999999997
1000,32,rcfopcitm,12,5,6,23.409999999999997
1000,32,rcfopcitm,12,5,7,22.35
1000,32,rcfopcitm,12,5,8,23.009999999999998
1000,32,rcfopcitm,12,5,9,23.81
1000,32,rcfopcitm,12,6,0,23.09
1000,32,rcfopcitm,12,6,1,23.580000000000002
1000,32,rcfopcitm,12,6,2,22.599999999999998
1000,32,rcfopcitm,12,6,3,21.27
1000,32,rcfopcitm,12,6,4,24.319999999999997
1000,32,rcfopcitm,12,6,5,22.819999999999997
1000,32,rcfopcitm,12,6,6,22.819999999999997
1000,32,rcfopcitm,12,6,7,23.81
1000,32,rcfopcitm,12,6,8,21.199999999999996
1000,32,rcfopcitm,12,6,9,21.36
1000,32,rcfopcitm,12,7,0,24.770000000000003
1000,32,rcfopcitm,12,7,1,23.109999999999996
1000,32,rcfopcitm,12,7,2,21.519999999999996
1000,32,rcfopcitm,12,7,3,21.37
1000,32,rcfopcitm,12,7,4,23.68
1000,32,rcfopcitm,12,7,5,22.58
1000,32,rcfopcitm,12,7,6,22.050000000000004
1000,32,rcfopcitm,12,7,7,22.709999999999997
1000,32,rcfopcitm,12,7,8,23.819999999999997
1000,32,rcfopcitm,12,7,9,22.38
1000,32,rcfopcitm,12,8,0,21.509999999999994
1000,32,rcfopcitm,12,8,1,23.960000000000004
1000,32,rcfopcitm,12,8,2,23.270000000000003
1000,32,rcfopcitm,12,8,3,24.250000000000004
1000,32,rcfopcitm,12,8,4,24.550000000000004
1000,32,rcfopcitm,12,8,5,23.98
1000,32,rcfopcitm,12,8,6,22.59
1000,32,rcfopcitm,12,8,7,22.78
1000,32,rcfopcitm,12,8,8,22.9
1000,32,rcfopcitm,12,8,9,23.240000000000006
1000,32,rcfopcitm,12,9,0,24.28
1000,32,rcfopcitm,12,9,1,23.07
1000,32,rcfopcitm,12,9,2,23.340000000000003
1000,32,rcfopcitm,12,9,3,23.4
1000,32,rcfopcitm,12,9,4,24.229999999999997
1000,32,rcfopcitm,12,9,5,22.819999999999997
1000,32,rcfopcitm,12,9,6,23.770000000000003
1000,32,rcfopcitm,12,9,7,24.39
1000,32,rcfopcitm,12,9,8,24.509999999999998
1000,32,rcfopcitm,12,9,9,23.839999999999996
1000,32,rcfopcitm,2,1,0,18.259999999999998
1000,32,rcfopcitm,2,1,1,17.659999999999997
1000,32,rcfopcitm,2,1,2,17.03
1000,32,rcfopcitm,2,1,3,17.53
1000,32,rcfopcitm,2,1,4,17.259999999999998
1000,32,rcfopcitm,2,1,5,18.03
1000,32,rcfopcitm,2,1,6,16.490000000000006
1000,32,rcfopcitm,2,1,7,17.469999999999995
1000,32,rcfopcitm,2,1,8,17.959999999999997
1000,32,rcfopcitm,2,1,9,17.579999999999995
1000,32,rcfopcitm,2,10,0,18.66
1000,32,rcfopcitm,2,10,1,17.889999999999993
1000,32,rcfopcitm,2,10,2,19.110000000000007
1000,32,rcfopcitm,2,10,3,18.47
1000,32,rcfopcitm,2,10,4,18.42
1000,32,rcfopcitm,2,10,5,18.110000000000003
1000,32,rcfopcitm,2,10,6,19.08
1000,32,rcfopcitm,2,10,7,18.269999999999996
1000,32,rcfopcitm,2,10,8,17.900000000000006
1000,32,rcfopcitm,2,10,9,19.699999999999996
1000,32,rcfopcitm,2,2,0,17.600000000000005
1000,32,rcfopcitm,2,2,1,16.93
1000,32,rcfopcitm,2,2,2,17.73
1000,32,rcfopcitm,2,2,3,17.910000000000004
1000,32,rcfopcitm,2,2,4,17.64
1000,32,rcfopcitm,2,2,5,18.459999999999997
1000,32,rcfopcitm,2,2,6,16.33
1000,32,rcfopcitm,2,2,7,17.779999999999994
1000,32,rcfopcitm,2,2,8,17.86
1000,32,rcfopcitm,2,2,9,17.210000000000004
1000,32,rcfopcitm,2,3,0,17.369999999999997
1000,32,rcfopcitm,2,3,1,17.740000000000002
1000,32,rcfopcitm,2,3,2,17.479999999999997
1000,32,rcfopcitm,2,3,3,17.62
1000,32,rcfopcitm,2,3,4,17.54
1000,32,rcfopcitm,2,3,5,16.490000000000006
1000,32,rcfopcitm,2,3,6,17.979999999999997
1000,32,rcfopcitm,2,3,7,16.800000000000004
1000,32,rcfopcitm,2,3,8,18.500000000000007
1000,32,rcfopcitm,2,3,9,17.849999999999998
1000,32,rcfopcitm,2,4,0,18.159999999999997
1000,32,rcfopcitm,2,4,1,18.930000000000003
1000,32,rcfopcitm,2,4,2,17.34
1000,32,rcfopcitm,2,4,3,17.630000000000003
1000,32,rcfopcitm,2,4,4,17.210000000000004
1000,32,rcfopcitm,2,4,5,17.610000000000003
1000,32,rcfopcitm,2,4,6,17.73
1000,32,rcfopcitm,2,4,7,18.289999999999996
1000,32,rcfopcitm,2,4,8,16.810000000000002
1000,32,rcfopcitm,2,4,9,17.64
1000,32,rcfopcitm,2,5,0,17.459999999999997
1000,32,rcfopcitm,2,5,1,18.379999999999995
1000,32,rcfopcitm,2,5,2,17.73
1000,32,rcfopcitm,2,5,3,17.079999999999995
1000,32,rcfopcitm,2,5,4,19.099999999999994
1000,32,rcfopcitm,2,5,5,17.630000000000003
1000,32,rcfopcitm,2,5,6,17.569999999999997
1000,32,rcfopcitm,2,5,7,17.789999999999996
1000,32,rcfopcitm,2,5,8,17.589999999999996
1000,32,rcfopcitm,2,5,9,18.55
1000,32,rcfopcitm,2,6,0,17.830000000000002
1000,32,rcfopcitm,2,6,1,17.93
1000,32,rcfopcitm,2,6,2,17.34
1000,32,rcfopcitm,2,6,3,17.259999999999998
1000,32,rcfopcitm,2,6,4,18.089999999999996
1000,32,rcfopcitm,2,6,5,17.94
1000,32,rcfopcitm,2,6,6,17.94
1000,32,rcfopcitm,2,6,7,18.86
1000,32,rcfopcitm,2,6,8,18.600000000000005
1000,32,rcfopcitm,2,6,9,18.379999999999995
1000,32,rcfopcitm,2,7,0,17.569999999999997
1000,32,rcfopcitm,2,7,1,18.04
1000,32,rcfopcitm,2,7,2,17.849999999999998
1000,32,rcfopcitm,2,7,3,18.06
1000,32,rcfopcitm,2,7,4,18.489999999999995
1000,32,rcfopcitm,2,7,5,17.989999999999995
1000,32,rcfopcitm,2,7,6,18.369999999999997
1000,32,rcfopcitm,2,7,7,18.15
1000,32,rcfopcitm,2,7,8,17.369999999999997
1000,32,rcfopcitm,2,7,9,18.779999999999998
1000,32,rcfopcitm,2,8,0,18.159999999999997
1000,32,rcfopcitm,2,8,1,17.849999999999998
1000,32,rcfopcitm,2,8,2,17.589999999999996
1000,32,rcfopcitm,2,8,3,19.57
1000,32,rcfopcitm,2,8,4,18.56
1000,32,rcfopcitm,2,8,5,18.710000000000004
1000,32,rcfopcitm,2,8,6,18.45
1000,32,rcfopcitm,2,8,7,18.020000000000003
1000,32,rcfopcitm,2,8,8,17.86
1000,32,rcfopcitm,2,8,9,18.54
1000,32,rcfopcitm,2,9,0,18.100000000000005
1000,32,rcfopcitm,2,9,1,18.14
1000,32,rcfopcitm,2,9,2,19.240000000000002
1000,32,rcfopcitm,2,9,3,17.610000000000003
1000,32,rcfopcitm,2,9,4,17.93
1000,32,rcfopcitm,2,9,5,18.630000000000003
1000,32,rcfopcitm,2,9,6,18.810000000000006
1000,32,rcfopcitm,2,9,7,18.830000000000002
1000,32,rcfopcitm,2,9,8,18.069999999999997
1000,32,rcfopcitm,2,9,9,18.500000000000007
1000,32,rcfopcitm,3,1,0,17.579999999999995
1000,32,rcfopcitm,3,1,1,18.259999999999998
1000,32,rcfopcitm,3,1,2,17.959999999999997
1000,32,rcfopcitm,3,1,3,18.03
1000,32,rcfopcitm,3,1,4,17.259999999999998
1000,32,rcfopcitm,3,1,5,17.53
1000,32,rcfopcitm,3,1,6,17.469999999999995
1000,32,rcfopcitm,3,1,7,16.490000000000006
1000,32,rcfopcitm,3,1,8,17.659999999999997
1000,32,rcfopcitm,3,1,9,17.03
1000,32,rcfopcitm,3,10,0,19.08
1000,32,rcfopcitm,3,10,1,19.699999999999996
1000,32,rcfopcitm,3,10,2,18.269999999999996
1000,32,rcfopcitm,3,10,3,18.66
1000,32,rcfopcitm,3,10,4,17.889999999999993
1000,32,rcfopcitm,3,10,5,18.110000000000003
1000,32,rcfopcitm,3,10,6,18.47
1000,32,rcfopcitm,3,10,7,17.900000000000006
1000,32,rcfopcitm,3,10,8,19.110000000000007
1000,32,rcfopcitm,3,10,9,18.42
1000,32,rcfopcitm,3,2,0,17.86
1000,32,rcfopcitm,3,2,1,16.33
1000,32,rcfopcitm,3,2,2,16.93
1000,32,rcfopcitm,3,2,3,17.64
1000,32,rcfopcitm,3,2,4,17.73
1000,32,rcfopcitm,3,2,5,18.459999999999997
1000,32,rcfopcitm,3,2,6,17.210000000000004
1000,32,rcfopcitm,3,2,7,17.600000000000005
1000,32,rcfopcitm,3,2,8,17.910000000000004
1000,32,rcfopcitm,3,2,9,17.779999999999994
1000,32,rcfopcitm,3,3,0,17.479999999999997
1000,32,rcfopcitm,3,3,1,17.369999999999997
1000,32,rcfopcitm,3,3,2,17.62
1000,32,rcfopcitm,3,3,3,17.849999999999998
1000,32,rcfopcitm,3,3,4,16.800000000000004
1000,32,rcfopcitm,3,3,5,17.740000000000002
1000,32,rcfopcitm,3,3,6,18.500000000000007
1000,32,rcfopcitm,3,3,7,17.54
1000,32,rcfopcitm,3,3,8,17.979999999999997
1000,32,rcfopcitm,3,3,9,16.490000000000006
1000,32,rcfopcitm,3,4,0,17.34
1000,32,rcfopcitm,3,4,1,17.73
1000,32,rcfopcitm,3,4,2,17.630000000000003
1000,32,rcfopcitm,3,4,3,17.210000000000004
1000,32,rcfopcitm,3,4,4,18.289999999999996
1000,32,rcfopcitm,3,4,5,16.810000000000002
1000,32,rcfopcitm,3,4,6,17.64
1000,32,rcfopcitm,3,4,7,17.610000000000003
1000,32,rcfopcitm,3,4,8,18.159999999999997
1000,32,rcfopcitm,3,4,9,18.930000000000003
1000,32,rcfopcitm,3,5,0,17.079999999999995
1000,32,rcfopcitm,3,5,1,17.589999999999996
1000,32,rcfopcitm,3,5,2,17.630000000000003
1000,32,rcfopcitm,3,5,3,17.73
1000,32,rcfopcitm,3,5,4,17.459999999999997
1000,32,rcfopcitm,3,5,5,17.789999999999996
1000,32,rcfopcitm,3,5,6,17.569999999999997
1000,32,rcfopcitm,3,5,7,19.099999999999994
1000,32,rcfopcitm,3,5,8,18.55
1000,32,rcfopcitm,3,5,9,18.379999999999995
1000,32,rcfopcitm,3,6,0,17.94
1000,32,rcfopcitm,3,6,1,18.089999999999996
1000,32,rcfopcitm,3,6,2,17.830000000000002
1000,32,rcfopcitm,3,6,3,18.379999999999995
1000,32,rcfopcitm,3,6,4,18.86
1000,32,rcfopcitm,3,6,5,17.259999999999998
1000,32,rcfopcitm,3,6,6,17.34
1000,32,rcfopcitm,3,6,7,17.94
1000,32,rcfopcitm,3,6,8,17.93
1000,32,rcfopcitm,3,6,9,18.600000000000005
1000,32,rcfopcitm,3,7,0,18.15
1000,32,rcfopcitm,3,7,1,18.04
1000,32,rcfopcitm,3,7,2,18.779999999999998
1000,32,rcfopcitm,3,7,3,17.369999999999997
1000,32,rcfopcitm,3,7,4,17.569999999999997
1000,32,rcfopcitm,3,7,5,18.06
1000,32,rcfopcitm,3,7,6,18.489999999999995
1000,32,rcfopcitm,3,7,7,17.849999999999998
1000,32,rcfopcitm,3,7,8,18.369999999999997
1000,32,rcfopcitm,3,7,9,17.989999999999995
1000,32,rcfopcitm,3,8,0,17.849999999999998
1000,32,rcfopcitm,3,8,1,18.56
1000,32,rcfopcitm,3,8,2,18.159999999999997
1000,32,rcfopcitm,3,8,3,18.45
1000,32,rcfopcitm,3,8,4,19.57
1000,32,rcfopcitm,3,8,5,17.589999999999996
1000,32,rcfopcitm,3,8,6,18.020000000000003
1000,32,rcfopcitm,3,8,7,18.710000000000004
1000,32,rcfopcitm,3,8,8,18.54
1000,32,rcfopcitm,3,8,9,17.86
1000,32,rcfopcitm,3,9,0,18.500000000000007
1000,32,rcfopcitm,3,9,1,18.069999999999997
1000,32,rcfopcitm,3,9,2,18.14
1000,32,rcfopcitm,3,9,3,18.100000000000005
1000,32,rcfopcitm,3,9,4,18.830000000000002
1000,32,rcfopcitm,3,9,5,18.630000000000003
1000,32,rcfopcitm,3,9,6,17.93
1000,32,rcfopcitm,3,9,7,18.810000000000006
1000,32,rcfopcitm,3,9,8,17.610000000000003
1000,32,rcfopcitm,3,9,9,19.240000000000002
1000,32,rcfopcitm,5,1,0,16.259999999999998
1000,32,rcfopcitm,5,1,1,18.58
1000,32,rcfopcitm,5,1,2,17.179999999999996
1000,32,rcfopcitm,5,1,3,17.989999999999995
1000,32,rcfopcitm,5,1,4,17.569999999999997
1000,32,rcfopcitm,5,1,5,17.469999999999995
1000,32,rcfopcitm,5,1,6,17.549999999999997
1000,32,rcfopcitm,5,1,7,17.789999999999996
1000,32,rcfopcitm,5,1,8,17.069999999999997
1000,32,rcfopcitm,5,1,9,16.900000000000006
1000,32,rcfopcitm,5,10,0,23.529999999999994
1000,32,rcfopcitm,5,10,1,21.29
1000,32,rcfopcitm,5,10,2,21.4
1000,32,rcfopcitm,5,10,3,23.160000000000004
1000,32,rcfopcitm,5,10,4,22.750000000000004
1000,32,rcfopcitm,5,10,5,24.099999999999998
1000,32,rcfopcitm,5,10,6,22.809999999999995
1000,32,rcfopcitm,5,10,7,23.450000000000003
1000,32,rcfopcitm,5,10,8,22.819999999999997
1000,32,rcfopcitm,5,10,9,22.58
1000,32,rcfopcitm,5,2,0,16.720000000000002
1000,32,rcfopcitm,5,2,1,17.03
1000,32,rcfopcitm,5,2,2,17.810000000000002
1000,32,rcfopcitm,5,2,3,17.349999999999998
1000,32,rcfopcitm,5,2,4,18.889999999999997
1000,32,rcfopcitm,5,2,5,17.789999999999996
1000,32,rcfopcitm,5,2,6,17.53
1000,32,rcfopcitm,5,2,7,17.889999999999993
1000,32,rcfopcitm,5,2,8,17.589999999999996
1000,32,rcfopcitm,5,2,9,18.020000000000003
1000,32,rcfopcitm,5,3,0,18.810000000000006
1000,32,rcfopcitm,5,3,1,17.349999999999998
1000,32,rcfopcitm,5,3,2,17.689999999999994
1000,32,rcfopcitm,5,3,3,17.15
1000,32,rcfopcitm,5,3,4,18.05
1000,32,rcfopcitm,5,3,5,17.679999999999996
1000,32,rcfopcitm,5,3,6,17.369999999999997
1000,32,rcfopcitm,5,3,7,17.53
1000,32,rcfopcitm,5,3,8,17.830000000000002
1000,32,rcfopcitm,5,3,9,18.289999999999996
1000,32,rcfopcitm,5,4,0,17.95
1000,32,rcfopcitm,5,4,1,17.279999999999994
1000,32,rcfopcitm,5,4,2,18.130000000000003
1000,32,rcfopcitm,5,4,3,18.979999999999997
1000,32,rcfopcitm,5,4,4,17.849999999999998
1000,32,rcfopcitm,5,4,5,18.04
1000,32,rcfopcitm,5,4,6,18.130000000000003
1000,32,rcfopcitm,5,4,7,18.869999999999997
1000,32,rcfopcitm,5,4,8,17.94
1000,32,rcfopcitm,5,4,9,17.410000000000004
1000,32,rcfopcitm,5,5,0,17.700000000000003
1000,32,rcfopcitm,5,5,1,18.36
1000,32,rcfopcitm,5,5,2,19.230000000000004
1000,32,rcfopcitm,5,5,3,19.66
1000,32,rcfopcitm,5,5,4,19.169999999999998
1000,32,rcfopcitm,5,5,5,18.36
1000,32,rcfopcitm,5,5,6,18.769999999999996
1000,32,rcfopcitm,5,5,7,18.400000000000006
1000,32,rcfopcitm,5,5,8,18.320000000000004
1000,32,rcfopcitm,5,5,9,18.910000000000004
1000,32,rcfopcitm,5,6,0,18.679999999999996
1000,32,rcfopcitm,5,6,1,19.96
1000,32,rcfopcitm,5,6,2,18.45
1000,32,rcfopcitm,5,6,3,19.040000000000003
1000,32,rcfopcitm,5,6,4,19.279999999999998
1000,32,rcfopcitm,5,6,5,20.009999999999994
1000,32,rcfopcitm,5,6,6,18.94
1000,32,rcfopcitm,5,6,7,21.560000000000002
1000,32,rcfopcitm,5,6,8,18.100000000000005
1000,32,rcfopcitm,5,6,9,18.369999999999997
1000,32,rcfopcitm,5,7,0,22.9
1000,32,rcfopcitm,5,7,1,22.929999999999996
1000,32,rcfopcitm,5,7,2,24.28
1000,32,rcfopcitm,5,7,3,22.39
1000,32,rcfopcitm,5,7,4,21.85
1000,32,rcfopcitm,5,7,5,21.099999999999998
1000,32,rcfopcitm,5,7,6,22.909999999999997
1000,32,rcfopcitm,5,7,7,23.2
1000,32,rcfopcitm,5,7,8,23.350000000000005
1000,32,rcfopcitm,5,7,9,22.440000000000005
1000,32,rcfopcitm,5,8,0,23.509999999999998
1000,32,rcfopcitm,5,8,1,24.229999999999997
1000,32,rcfopcitm,5,8,2,23.39
1000,32,rcfopcitm,5,8,3,23.850000000000005
1000,32,rcfopcitm,5,8,4,22.340000000000003
1000,32,rcfopcitm,5,8,5,23.799999999999997
1000,32,rcfopcitm,5,8,6,23.81
1000,32,rcfopcitm,5,8,7,24.419999999999998
1000,32,rcfopcitm,5,8,8,23.619999999999997
1000,32,rcfopcitm,5,8,9,25.21
1000,32,rcfopcitm,5,9,0,23.81
1000,32,rcfopcitm,5,9,1,22.640000000000004
1000,32,rcfopcitm,5,9,2,24.119999999999997
1000,32,rcfopcitm,5,9,3,23.57
1000,32,rcfopcitm,5,9,4,23.69
1000,32,rcfopcitm,5,9,5,23.599999999999998
1000,32,rcfopcitm,5,9,6,22.98
1000,32,rcfopcitm,5,9,7,23.919999999999998
1000,32,rcfopcitm,5,9,8,22.840000000000003
1000,32,rcfopcitm,5,9,9,21.719999999999995
1000,32,rcfopcitm,7,1,0,17.989999999999995
1000,32,rcfopcitm,7,1,1,16.900000000000006
1000,32,rcfopcitm,7,1,2,16.259999999999998
1000,32,rcfopcitm,7,1,3,18.58
1000,32,rcfopcitm,7,1,4,17.179999999999996
1000,32,rcfopcitm,7,1,5,17.549999999999997
1000,32,rcfopcitm,7,1,6,17.569999999999997
1000,32,rcfopcitm,7,1,7,17.469999999999995
1000,32,rcfopcitm,7,1,8,17.789999999999996
1000,32,rcfopcitm,7,1,9,17.069999999999997
1000,32,rcfopcitm,7,10,0,23.160000000000004
1000,32,rcfopcitm,7,10,1,22.809999999999995
1000,32,rcfopcitm,7,10,2,22.819999999999997
1000,32,rcfopcitm,7,10,3,22.58
1000,32,rcfopcitm,7,10,4,21.4
1000,32,rcfopcitm,7,10,5,22.750000000000004
1000,32,rcfopcitm,7,10,6,24.099999999999998
1000,32,rcfopcitm,7,10,7,23.450000000000003
1000,32,rcfopcitm,7,10,8,23.529999999999994
1000,32,rcfopcitm,7,10,9,21.29
1000,32,rcfopcitm,7,2,0,17.03
1000,32,rcfopcitm,7,2,1,18.889999999999997
1000,32,rcfopcitm,7,2,2,18.020000000000003
1000,32,rcfopcitm,7,2,3,16.720000000000002
1000,32,rcfopcitm,7,2,4,17.53
1000,32,rcfopcitm,7,2,5,17.589999999999996
1000,32,rcfopcitm,7,2,6,17.349999999999998
1000,32,rcfopcitm,7,2,7,17.789999999999996
1000,32,rcfopcitm,7,2,8,17.810000000000002
1000,32,rcfopcitm,7,2,9,17.889999999999993
1000,32,rcfopcitm,7,3,0,17.15
1000,32,rcfopcitm,7,3,1,18.05
1000,32,rcfopcitm,7,3,2,18.289999999999996
1000,32,rcfopcitm,7,3,3,17.689999999999994
1000,32,rcfopcitm,7,3,4,18.810000000000006
1000,32,rcfopcitm,7,3,5,17.369999999999997
1000,32,rcfopcitm,7,3,6,17.349999999999998
1000,32,rcfopcitm,7,3,7,17.830000000000002
1000,32,rcfopcitm,7,3,8,17.53
1000,32,rcfopcitm,7,3,9,17.679999999999996
1000,32,rcfopcitm,7,4,0,17.94
1000,32,rcfopcitm,7,4,1,17.410000000000004
1000,32,rcfopcitm,7,4,2,18.979999999999997
1000,32,rcfopcitm,7,4,3,18.869999999999997
1000,32,rcfopcitm,7,4,4,17.95
1000,32,rcfopcitm,7,4,5,17.279999999999994
1000,32,rcfopcitm,7,4,6,18.130000000000003
1000,32,rcfopcitm,7,4,7,17.849999999999998
1000,32,rcfopcitm,7,4,8,18.04
1000,32,rcfopcitm,7,4,9,18.130000000000003
1000,32,rcfopcitm,7,5,0,19.66
1000,32,rcfopcitm,7,5,1,18.769999999999996
1000,32,rcfopcitm,7,5,2,18.910000000000004
1000,32,rcfopcitm,7,5,3,17.700000000000003
1000,32,rcfopcitm,7,5,4,18.320000000000004
1000,32,rcfopcitm,7,5,5,18.400000000000006
1000,32,rcfopcitm,7,5,6,18.36
1000,32,rcfopcitm,7,5,7,19.230000000000004
1000,32,rcfopcitm,7,5,8,18.36
1000,32,rcfopcitm,7,5,9,19.169999999999998
1000,32,rcfopcitm,7,6,0,18.100000000000005
1000,32,rcfopcitm,7,6,1,18.369999999999997
1000,32,rcfopcitm,7,6,2,19.96
1000,32,rcfopcitm,7,6,3,19.040000000000003
1000,32,rcfopcitm,7,6,4,21.560000000000002
1000,32,rcfopcitm,7,6,5,20.009999999999994
1000,32,rcfopcitm,7,6,6,18.94
1000,32,rcfopcitm,7,6,7,18.45
1000,32,rcfopcitm,7,6,8,19.279999999999998
1000,32,rcfopcitm,7,6,9,18.679999999999996
1000,32,rcfopcitm,7,7,0,22.9
1000,32,rcfopcitm,7,7,1,23.350000000000005
1000,32,rcfopcitm,7,7,2,23.2
1000,32,rcfopcitm,7,7,3,24.28
1000,32,rcfopcitm,7,7,4,22.39
1000,32,rcfopcitm,7,7,5,22.929999999999996
1000,32,rcfopcitm,7,7,6,22.440000000000005
1000,32,rcfopcitm,7,7,7,22.909999999999997
1000,32,rcfopcitm,7,7,8,21.85
1000,32,rcfopcitm,7,7,9,21.099999999999998
1000,32,rcfopcitm,7,8,0,23.799999999999997
1000,32,rcfopcitm,7,8,1,23.509999999999998
1000,32,rcfopcitm,7,8,2,25.21
1000,32,rcfopcitm,7,8,3,23.39
1000,32,rcfopcitm,7,8,4,23.81
1000,32,rcfopcitm,7,8,5,24.229999999999997
1000,32,rcfopcitm,7,8,6,22.340000000000003
1000,32,rcfopcitm,7,8,7,23.619999999999997
1000,32,rcfopcitm,7,8,8,24.419999999999998
1000,32,rcfopcitm,7,8,9,23.850000000000005
1000,32,rcfopcitm,7,9,0,24.119999999999997
1000,32,rcfopcitm,7,9,1,23.69
1000,32,rcfopcitm,7,9,2,22.98
1000,32,rcfopcitm,7,9,3,23.599999999999998
1000,32,rcfopcitm,7,9,4,22.640000000000004
1000,32,rcfopcitm,7,9,5,23.57
1000,32,rcfopcitm,7,9,6,21.719999999999995
1000,32,rcfopcitm,7,9,7,23.81
1000,32,rcfopcitm,7,9,8,22.840000000000003
1000,32,rcfopcitm,7,9,9,23.919999999999998
1000,512,fwd,,,0,17.53
1000,512,fwd,,,1,18.279999999999998
1000,512,fwd,,,2,18.300000000000004
1000,512,fwd,,,3,17.779999999999994
1000,512,fwd,,,4,17.06
1000,512,fwd,,,5,17.069999999999997
1000,512,fwd,,,6,17.789999999999996
1000,512,fwd,,,7,18.179999999999996
1000,512,fwd,,,8,17.900000000000006
1000,512,fwd,,,9,17.349999999999998
1000,512,rcfopcitm,10,1,0,17.889999999999993
1000,512,rcfopcitm,10,1,1,17.97
1000,512,rcfopcitm,10,1,2,16.800000000000004
1000,512,rcfopcitm,10,1,3,17.110000000000003
1000,512,rcfopcitm,10,1,4,16.969999999999995
1000,512,rcfopcitm,10,1,5,17.06
1000,512,rcfopcitm,10,1,6,17.579999999999995
1000,512,rcfopcitm,10,1,7,17.710000000000004
1000,512,rcfopcitm,10,1,8,17.579999999999995
1000,512,rcfopcitm,10,1,9,17.390000000000004
1000,512,rcfopcitm,10,10,0,18.569999999999997
1000,512,rcfopcitm,10,10,1,20.979999999999997
1000,512,rcfopcitm,10,10,2,19.389999999999997
1000,512,rcfopcitm,10,10,3,20.46
1000,512,rcfopcitm,10,10,4,19.010000000000005
1000,512,rcfopcitm,10,10,5,19.930000000000003
1000,512,rcfopcitm,10,10,6,19.94
1000,512,rcfopcitm,10,10,7,20.089999999999996
1000,512,rcfopcitm,10,10,8,20.389999999999997
1000,512,rcfopcitm,10,10,9,20.79
1000,512,rcfopcitm,10,2,0,16.969999999999995
1000,512,rcfopcitm,10,2,1,17.03
1000,512,rcfopcitm,10,2,2,16.939999999999998
1000,512,rcfopcitm,10,2,3,16.779999999999994
1000,512,rcfopcitm,10,2,4,17.049999999999997
1000,512,rcfopcitm,10,2,5,17.53
1000,512,rcfopcitm,10,2,6,17.84
1000,512,rcfopcitm,10,2,7,17.779999999999994
1000,512,rcfopcitm,10,2,8,16.569999999999997
1000,512,rcfopcitm,10,2,9,17.020000000000003
1000,512,rcfopcitm,10,3,0,16.869999999999997
1000,512,rcfopcitm,10,3,1,16.700000000000003
1000,512,rcfopcitm,10,3,2,16.300000000000004
1000,512,rcfopcitm,10,3,3,16.369999999999997
1000,512,rcfopcitm,10,3,4,17.94
1000,512,rcfopcitm,10,3,5,17.44
1000,512,rcfopcitm,10,3,6,16.93
1000,512,rcfopcitm,10,3,7,17.549999999999997
1000,512,rcfopcitm,10,3,8,16.759999999999998
1000,512,rcfopcitm,10,3,9,17.06
1000,512,rcfopcitm,10,4,0,17.349999999999998
1000,512,rcfopcitm,10,4,1,16.410000000000004
1000,512,rcfopcitm,10,4,2,16.810000000000002
1000,512,rcfopcitm,10,4,3,16.600000000000005
1000,512,rcfopcitm,10,4,4,17.03
1000,512,rcfopcitm,10,4,5,18.04
1000,512,rcfopcitm,10,4,6,16.93
1000,512,rcfopcitm,10,4,7,16.1
1000,512,rcfopcitm,10,4,8,16.720000000000002
1000,512,rcfopcitm,10,4,9,17.469999999999995
1000,512,rcfopcitm,10,5,0,17.190000000000005
1000,512,rcfopcitm,10,5,1,17.14
1000,512,rcfopcitm,10,5,2,16.82
1000,512,rcfopcitm,10,5,3,17.300000000000004
1000,512,rcfopcitm,10,5,4,15.700000000000003
1000,512,rcfopcitm,10,5,5,16.54
1000,512,rcfopcitm,10,5,6,16.459999999999997
1000,512,rcfopcitm,10,5,7,16.559999999999995
1000,512,rcfopcitm,10,5,8,16.45
1000,512,rcfopcitm,10,5,9,17.75
1000,512,rcfopcitm,10,6,0,17.100000000000005
1000,512,rcfopcitm,10,6,1,16.869999999999997
1000,512,rcfopcitm,10,6,2,17.490000000000006
1000,512,rcfopcitm,10,6,3,16.02
1000,512,rcfopcitm,10,6,4,16.590000000000003
1000,512,rcfopcitm,10,6,5,17.300000000000004
1000,512,rcfopcitm,10,6,6,17.03
1000,512,rcfopcitm,10,6,7,17.849999999999998
1000,512,rcfopcitm,10,6,8,17.62
1000,512,rcfopcitm,10,6,9,16.62
1000,512,rcfopcitm,10,7,0,17.290000000000006
1000,512,rcfopcitm,10,7,1,17.15
1000,512,rcfopcitm,10,7,2,17.34
1000,512,rcfopcitm,10,7,3,17.020000000000003
1000,512,rcfopcitm,10,7,4,17.779999999999994
1000,512,rcfopcitm,10,7,5,17.710000000000004
1000,512,rcfopcitm,10,7,6,16.500000000000004
1000,512,rcfopcitm,10,7,7,17.669999999999998
1000,512,rcfopcitm,10,7,8,18.200000000000006
1000,512,rcfopcitm,10,7,9,17.12
1000,512,rcfopcitm,10,8,0,18.06
1000,512,rcfopcitm,10,8,1,16.73
1000,512,rcfopcitm,10,8,2,18.830000000000002
1000,512,rcfopcitm,10,8,3,17.32
1000,512,rcfopcitm,10,8,4,18.000000000000004
1000,512,rcfopcitm,10,8,5,17.549999999999997
1000,512,rcfopcitm,10,8,6,17.820000000000004
1000,512,rcfopcitm,10,8,7,18.620000000000005
1000,512,rcfopcitm,10,8,8,18.000000000000004
1000,512,rcfopcitm,10,8,9,17.500000000000004
1000,512,rcfopcitm,10,9,0,16.95
1000,512,rcfopcitm,10,9,1,19.179999999999996
1000,512,rcfopcitm,10,9,2,18.879999999999995
1000,512,rcfopcitm,10,9,3,18.75
1000,512,rcfopcitm,10,9,4,21.05
1000,512,rcfopcitm,10,9,5,18.65
1000,512,rcfopcitm,10,9,6,19.650000000000002
1000,512,rcfopcitm,10,9,7,19.010000000000005
1000,512,rcfopcitm,10,9,8,18.069999999999997
1000,512,rcfopcitm,10,9,9,19.720000000000006
1000,512,rcfopcitm,12,1,0,17.159999999999997
1000,512,rcfopcitm,12,1,1,16.800000000000004
1000,512,rcfopcitm,12,1,2,17.45
1000,512,rcfopcitm,12,1,3,17.100000000000005
1000,512,rcfopcitm,12,1,4,17.379999999999995
1000,512,rcfopcitm,12,1,5,17.330000000000002
1000,512,rcfopcitm,12,1,6,17.830000000000002
1000,512,rcfopcitm,12,1,7,16.93
1000,512,rcfopcitm,12,1,8,18.069999999999997
1000,512,rcfopcitm,12,1,9,16.959999999999997
1000,512,rcfopcitm,12,10,0,20.450000000000003
1000,512,rcfopcitm,12,10,1,18.45
1000,512,rcfopcitm,12,10,2,19.15
1000,512,rcfopcitm,12,10,3,19.689999999999998
1000,512,rcfopcitm,12,10,4,18.999999999999993
1000,512,rcfopcitm,12,10,5,18.740000000000002
1000,512,rcfopcitm,12,10,6,18.500000000000007
1000,512,rcfopcitm,12,10,7,18.820000000000004
1000,512,rcfopcitm,12,10,8,19.540000000000003
1000,512,rcfopcitm,12,10,9,18.53
1000,512,rcfopcitm,12,2,0,17.830000000000002
1000,512,rcfopcitm,12,2,1,17.15
1000,512,rcfopcitm,12,2,2,16.790000000000006
1000,512,rcfopcitm,12,2,3,16.859999999999996
1000,512,rcfopcitm,12,2,4,17.56
1000,512,rcfopcitm,12,2,5,17.379999999999995
1000,512,rcfopcitm,12,2,6,16.559999999999995
1000,512,rcfopcitm,12,2,7,16.939999999999998
1000,512,rcfopcitm,12,2,8,17.100000000000005
1000,512,rcfopcitm,12,2,9,16.82
1000,512,rcfopcitm,12,3,0,16.600000000000005
1000,512,rcfopcitm,12,3,1,16.900000000000006
1000,512,rcfopcitm,12,3,2,16.62
1000,512,rcfopcitm,12,3,3,16.090000000000003
1000,512,rcfopcitm,12,3,4,16.64
1000,512,rcfopcitm,12,3,5,17.330000000000002
1000,512,rcfopcitm,12,3,6,17.290000000000006
1000,512,rcfopcitm,12,3,7,16.769999999999996
1000,512,rcfopcitm,12,3,8,16.579999999999995
1000,512,rcfopcitm,12,3,9,18.079999999999995
1000,512,rcfopcitm,12,4,0,16.93
1000,512,rcfopcitm,12,4,1,16.64
1000,512,rcfopcitm,12,4,2,15.920000000000002
1000,512,rcfopcitm,12,4,3,16.520000000000003
1000,512,rcfopcitm,12,4,4,16.249999999999996
1000,512,rcfopcitm,12,4,5,17.020000000000003
1000,512,rcfopcitm,12,4,6,17.079999999999995
1000,512,rcfopcitm,12,4,7,16.600000000000005
1000,512,rcfopcitm,12,4,8,17.53
1000,512,rcfopcitm,12,4,9,17.830000000000002
1000,512,rcfopcitm,12,5,0,17.390000000000004
1000,512,rcfopcitm,12,5,1,15.839999999999998
1000,512,rcfopcitm,12,5,2,17.04
1000,512,rcfopcitm,12,5,3,16.520000000000003
1000,512,rcfopcitm,12,5,4,17.679999999999996
1000,512,rcfopcitm,12,5,5,16.74
1000,512,rcfopcitm,12,5,6,16.439999999999998
1000,512,rcfopcitm,12,5,7,17.14
1000,512,rcfopcitm,12,5,8,17.479999999999997
1000,512,rcfopcitm,12,5,9,16.54
1000,512,rcfopcitm,12,6,0,17.459999999999997
1000,512,rcfopcitm,12,6,1,17.279999999999994
1000,512,rcfopcitm,12,6,2,18.020000000000003
1000,512,rcfopcitm,12,6,3,16.75
1000,512,rcfopcitm,12,6,4,16.890000000000004
1000,512,rcfopcitm,12,6,5,17.86
1000,512,rcfopcitm,12,6,6,17.15
1000,512,rcfopcitm,12,6,7,16.479999999999993
1000,512,rcfopcitm,12,6,8,16.82
1000,512,rcfopcitm,12,6,9,17.520000000000003
1000,512,rcfopcitm,12,7,0,18.459999999999997
1000,512,rcfopcitm,12,7,1,18.089999999999996
1000,512,rcfopcitm,12,7,2,18.069999999999997
1000,512,rcfopcitm,12,7,3,19.120000000000005
1000,512,rcfopcitm,12,7,4,16.769999999999996
1000,512,rcfopcitm,12,7,5,17.600000000000005
1000,512,rcfopcitm,12,7,6,17.86
1000,512,rcfopcitm,12,7,7,18.159999999999997
1000,512,rcfopcitm,12,7,8,17.549999999999997
1000,512,rcfopcitm,12,7,9,17.630000000000003
1000,512,rcfopcitm,12,8,0,19.910000000000004
1000,512,rcfopcitm,12,8,1,20.279999999999998
1000,512,rcfopcitm,12,8,2,19.259999999999998
1000,512,rcfopcitm,12,8,3,20.55
1000,512,rcfopcitm,12,8,4,20.66
1000,512,rcfopcitm,12,8,5,18.979999999999997
1000,512,rcfopcitm,12,8,6,19.099999999999994
1000,512,rcfopcitm,12,8,7,20.86
1000,512,rcfopcitm,12,8,8,21.330000000000005
1000,512,rcfopcitm,12,8,9,19.299999999999994
1000,512,rcfopcitm,12,9,0,17.989999999999995
1000,512,rcfopcitm,12,9,1,18.64
1000,512,rcfopcitm,12,9,2,20.120000000000005
1000,512,rcfopcitm,12,9,3,19.16
1000,512,rcfopcitm,12,9,4,18.45
1000,512,rcfopcitm,12,9,5,20.099999999999994
1000,512,rcfopcitm,12,9,6,19.430000000000003
1000,512,rcfopcitm,12,9,7,18.65
1000,512,rcfopcitm,12,9,8,20.889999999999997
1000,512,rcfopcitm,12,9,9,18.610000000000003
1000,512,rcfopcitm,2,1,0,17.330000000000002
1000,512,rcfopcitm,2,1,1,17.32
1000,512,rcfopcitm,2,1,2,17.630000000000003
1000,512,rcfopcitm,2,1,3,18.430000000000003
1000,512,rcfopcitm,2,1,4,18.069999999999997
1000,512,rcfopcitm,2,1,5,18.23
1000,512,rcfopcitm,2,1,6,17.910000000000004
1000,512,rcfopcitm,2,1,7,17.36
1000,512,rcfopcitm,2,1,8,17.210000000000004
1000,512,rcfopcitm,2,1,9,17.989999999999995
1000,512,rcfopcitm,2,10,0,18.010000000000005
1000,512,rcfopcitm,2,10,1,18.220000000000002
1000,512,rcfopcitm,2,10,2,17.520000000000003
1000,512,rcfopcitm,2,10,3,17.720000000000002
1000,512,rcfopcitm,2,10,4,17.679999999999996
1000,512,rcfopcitm,2,10,5,17.15
1000,512,rcfopcitm,2,10,6,17.710000000000004
1000,512,rcfopcitm,2,10,7,18.47
1000,512,rcfopcitm,2,10,8,18.189999999999994
1000,512,rcfopcitm,2,10,9,18.830000000000002
1000,512,rcfopcitm,2,2,0,17.86
1000,512,rcfopcitm,2,2,1,18.15
1000,512,rcfopcitm,2,2,2,18.03
1000,512,rcfopcitm,2,2,3,17.469999999999995
1000,512,rcfopcitm,2,2,4,18.410000000000004
1000,512,rcfopcitm,2,2,5,17.36
1000,512,rcfopcitm,2,2,6,17.95
1000,512,rcfopcitm,2,2,7,17.079999999999995
1000,512,rcfopcitm,2,2,8,17.42
1000,512,rcfopcitm,2,2,9,17.75
1000,512,rcfopcitm,2,3,0,18.089999999999996
1000,512,rcfopcitm,2,3,1,17.95
1000,512,rcfopcitm,2,3,2,17.04
1000,512,rcfopcitm,2,3,3,18.320000000000004
1000,512,rcfopcitm,2,3,4,17.500000000000004
1000,512,rcfopcitm,2,3,5,17.73
1000,512,rcfopcitm,2,3,6,17.510000000000005
1000,512,rcfopcitm,2,3,7,17.959999999999997
1000,512,rcfopcitm,2,3,8,17.390000000000004
1000,512,rcfopcitm,2,3,9,18.300000000000004
1000,512,rcfopcitm,2,4,0,17.43
1000,512,rcfopcitm,2,4,1,17.959999999999997
1000,512,rcfopcitm,2,4,2,18.220000000000002
1000,512,rcfopcitm,2,4,3,17.710000000000004
1000,512,rcfopcitm,2,4,4,17.100000000000005
1000,512,rcfopcitm,2,4,5,17.740000000000002
1000,512,rcfopcitm,2,4,6,18.279999999999998
1000,512,rcfopcitm,2,4,7,18.06
1000,512,rcfopcitm,2,4,8,17.54
1000,512,rcfopcitm,2,4,9,18.179999999999996
1000,512,rcfopcitm,2,5,0,17.800000000000004
1000,512,rcfopcitm,2,5,1,18.14
1000,512,rcfopcitm,2,5,2,18.089999999999996
1000,512,rcfopcitm,2,5,3,17.01
1000,512,rcfopcitm,2,5,4,17.44
1000,512,rcfopcitm,2,5,5,18.14
1000,512,rcfopcitm,2,5,6,17.579999999999995
1000,512,rcfopcitm,2,5,7,18.200000000000006
1000,512,rcfopcitm,2,5,8,17.669999999999998
1000,512,rcfopcitm,2,5,9,18.189999999999994
1000,512,rcfopcitm,2,6,0,18.259999999999998
1000,512,rcfopcitm,2,6,1,17.779999999999994
1000,512,rcfopcitm,2,6,2,18.289999999999996
1000,512,rcfopcitm,2,6,3,17.700000000000003
1000,512,rcfopcitm,2,6,4,16.93
1000,512,rcfopcitm,2,6,5,17.659999999999997
1000,512,rcfopcitm,2,6,6,18.400000000000006
1000,512,rcfopcitm,2,6,7,17.84
1000,512,rcfopcitm,2,6,8,17.849999999999998
1000,512,rcfopcitm,2,6,9,17.610000000000003
1000,512,rcfopcitm,2,7,0,17.500000000000004
1000,512,rcfopcitm,2,7,1,18.100000000000005
1000,512,rcfopcitm,2,7,2,17.73
1000,512,rcfopcitm,2,7,3,18.479999999999997
1000,512,rcfopcitm,2,7,4,17.849999999999998
1000,512,rcfopcitm,2,7,5,17.020000000000003
1000,512,rcfopcitm,2,7,6,17.520000000000003
1000,512,rcfopcitm,2,7,7,18.35
1000,512,rcfopcitm,2,7,8,17.740000000000002
1000,512,rcfopcitm,2,7,9,18.300000000000004
1000,512,rcfopcitm,2,8,0,17.069999999999997
1000,512,rcfopcitm,2,8,1,18.58
1000,512,rcfopcitm,2,8,2,18.23
1000,512,rcfopcitm,2,8,3,17.879999999999995
1000,512,rcfopcitm,2,8,4,17.94
1000,512,rcfopcitm,2,8,5,18.189999999999994
1000,512,rcfopcitm,2,8,6,17.759999999999998
1000,512,rcfopcitm,2,8,7,18.389999999999993
1000,512,rcfopcitm,2,8,8,17.479999999999997
1000,512,rcfopcitm,2,8,9,17.54
1000,512,rcfopcitm,2,9,0,17.900000000000006
1000,512,rcfopcitm,2,9,1,18.200000000000006
1000,512,rcfopcitm,2,9,2,18.44
1000,512,rcfopcitm,2,9,3,18.100000000000005
1000,512,rcfopcitm,2,9,4,17.130000000000003
1000,512,rcfopcitm,2,9,5,17.630000000000003
1000,512,rcfopcitm,2,9,6,18.75
1000,512,rcfopcitm,2,9,7,17.469999999999995
1000,512,rcfopcitm,2,9,8,17.689999999999994
1000,512,rcfopcitm,2,9,9,17.759999999999998
1000,512,rcfopcitm,3,1,0,17.330000000000002
1000,512,rcfopcitm,3,1,1,17.06
1000,512,rcfopcitm,3,1,2,18.04
1000,512,rcfopcitm,3,1,3,17.310000000000002
1000,512,rcfopcitm,3,1,4,18.279999999999998
1000,512,rcfopcitm,3,1,5,17.510000000000005
1000,512,rcfopcitm,3,1,6,17.789999999999996
1000,512,rcfopcitm,3,1,7,18.159999999999997
1000,512,rcfopcitm,3,1,8,17.84
1000,512,rcfopcitm,3,1,9,17.220000000000002
1000,512,rcfopcitm,3,10,0,17.869999999999997
1000,512,rcfopcitm,3,10,1,17.479999999999997
1000,512,rcfopcitm,3,10,2,17.630000000000003
1000,512,rcfopcitm,3,10,3,17.369999999999997
1000,512,rcfopcitm,3,10,4,18.159999999999997
1000,512,rcfopcitm,3,10,5,18.600000000000005
1000,512,rcfopcitm,3,10,6,17.01
1000,512,rcfopcitm,3,10,7,17.01
1000,512,rcfopcitm,3,10,8,17.459999999999997
1000,512,rcfopcitm,3,10,9,17.04
1000,512,rcfopcitm,3,2,0,18.210000000000004
1000,512,rcfopcitm,3,2,1,17.769999999999996
1000,512,rcfopcitm,3,2,2,18.110000000000003
1000,512,rcfopcitm,3,2,3,17.75
1000,512,rcfopcitm,3,2,4,18.020000000000003
1000,512,rcfopcitm,3,2,5,17.330000000000002
1000,512,rcfopcitm,3,2,6,16.990000000000006
1000,512,rcfopcitm,3,2,7,17.369999999999997
1000,512,rcfopcitm,3,2,8,17.36
1000,512,rcfopcitm,3,2,9,17.279999999999994
1000,512,rcfopcitm,3,3,0,16.969999999999995
1000,512,rcfopcitm,3,3,1,17.679999999999996
1000,512,rcfopcitm,3,3,2,18.23
1000,512,rcfopcitm,3,3,3,17.900000000000006
1000,512,rcfopcitm,3,3,4,17.44
1000,512,rcfopcitm,3,3,5,17.979999999999997
1000,512,rcfopcitm,3,3,6,18.36
1000,512,rcfopcitm,3,3,7,17.410000000000004
1000,512,rcfopcitm,3,3,8,17.330000000000002
1000,512,rcfopcitm,3,3,9,17.25
1000,512,rcfopcitm,3,4,0,18.000000000000004
1000,512,rcfopcitm,3,4,1,18.089999999999996
1000,512,rcfopcitm,3,4,2,17.110000000000003
1000,512,rcfopcitm,3,4,3,18.069999999999997
1000,512,rcfopcitm,3,4,4,17.97
1000,512,rcfopcitm,3,4,5,17.279999999999994
1000,512,rcfopcitm,3,4,6,17.42
1000,512,rcfopcitm,3,4,7,17.44
1000,512,rcfopcitm,3,4,8,17.43
1000,512,rcfopcitm,3,4,9,17.290000000000006
1000,512,rcfopcitm,3,5,0,18.320000000000004
1000,512,rcfopcitm,3,5,1,17.330000000000002
1000,512,rcfopcitm,3,5,2,18.110000000000003
1000,512,rcfopcitm,3,5,3,16.979999999999997
1000,512,rcfopcitm,3,5,4,17.349999999999998
1000,512,rcfopcitm,3,5,5,17.879999999999995
1000,512,rcfopcitm,3,5,6,17.520000000000003
1000,512,rcfopcitm,3,5,7,17.830000000000002
1000,512,rcfopcitm,3,5,8,17.330000000000002
1000,512,rcfopcitm,3,5,9,17.42
1000,512,rcfopcitm,3,6,0,17.24
1000,512,rcfopcitm,3,6,1,17.269999999999996
1000,512,rcfopcitm,3,6,2,17.65
1000,512,rcfopcitm,3,6,3,17.579999999999995
1000,512,rcfopcitm,3,6,4,17.589999999999996
1000,512,rcfopcitm,3,6,5,18.100000000000005
1000,512,rcfopcitm,3,6,6,18.379999999999995
1000,512,rcfopcitm,3,6,7,17.53
1000,512,rcfopcitm,3,6,8,17.049999999999997
1000,512,rcfopcitm,3,6,9,17.900000000000006
1000,512,rcfopcitm,3,7,0,17.630000000000003
1000,512,rcfopcitm,3,7,1,17.15
1000,512,rcfopcitm,3,7,2,17.800000000000004
1000,512,rcfopcitm,3,7,3,17.710000000000004
1000,512,rcfopcitm,3,7,4,18.279999999999998
1000,512,rcfopcitm,3,7,5,17.479999999999997
1000,512,rcfopcitm,3,7,6,16.979999999999997
1000,512,rcfopcitm,3,7,7,18.020000000000003
1000,512,rcfopcitm,3,7,8,17.45
1000,512,rcfopcitm,3,7,9,16.979999999999997
1000,512,rcfopcitm,3,8,0,17.36
1000,512,rcfopcitm,3,8,1,18.369999999999997
1000,512,rcfopcitm,3,8,2,17.25
1000,512,rcfopcitm,3,8,3,17.630000000000003
1000,512,rcfopcitm,3,8,4,17.810000000000002
1000,512,rcfopcitm,3,8,5,17.56
1000,512,rcfopcitm,3,8,6,18.010000000000005
1000,512,rcfopcitm,3,8,7,17.079999999999995
1000,512,rcfopcitm,3,8,8,17.42
1000,512,rcfopcitm,3,8,9,17.04
1000,512,rcfopcitm,3,9,0,17.01
1000,512,rcfopcitm,3,9,1,17.43
1000,512,rcfopcitm,3,9,2,17.43
1000,512,rcfopcitm,3,9,3,18.45
1000,512,rcfopcitm,3,9,4,17.789999999999996
1000,512,rcfopcitm,3,9,5,17.579999999999995
1000,512,rcfopcitm,3,9,6,17.23
1000,512,rcfopcitm,3,9,7,17.469999999999995
1000,512,rcfopcitm,3,9,8,17.269999999999996
1000,512,rcfopcitm,3,9,9,18.130000000000003
1000,512,rcfopcitm,5,1,0,17.86
1000,512,rcfopcitm,5,1,1,17.469999999999995
1000,512,rcfopcitm,5,1,2,17.200000000000003
1000,512,rcfopcitm,5,1,3,18.089999999999996
1000,512,rcfopcitm,5,1,4,17.04
1000,512,rcfopcitm,5,1,5,17.800000000000004
1000,512,rcfopcitm,5,1,6,17.45
1000,512,rcfopcitm,5,1,7,18.169999999999998
1000,512,rcfopcitm,5,1,8,17.210000000000004
1000,512,rcfopcitm,5,1,9,16.92
1000,512,rcfopcitm,5,10,0,17.810000000000002
1000,512,rcfopcitm,5,10,1,17.000000000000004
1000,512,rcfopcitm,5,10,2,17.43
1000,512,rcfopcitm,5,10,3,17.200000000000003
1000,512,rcfopcitm,5,10,4,17.459999999999997
1000,512,rcfopcitm,5,10,5,17.56
1000,512,rcfopcitm,5,10,6,17.900000000000006
1000,512,rcfopcitm,5,10,7,18.069999999999997
1000,512,rcfopcitm,5,10,8,16.82
1000,512,rcfopcitm,5,10,9,17.900000000000006
1000,512,rcfopcitm,5,2,0,16.869999999999997
1000,512,rcfopcitm,5,2,1,18.100000000000005
1000,512,rcfopcitm,5,2,2,16.890000000000004
1000,512,rcfopcitm,5,2,3,16.939999999999998
1000,512,rcfopcitm,5,2,4,17.390000000000004
1000,512,rcfopcitm,5,2,5,17.65
1000,512,rcfopcitm,5,2,6,17.889999999999993
1000,512,rcfopcitm,5,2,7,17.490000000000006
1000,512,rcfopcitm,5,2,8,17.190000000000005
1000,512,rcfopcitm,5,2,9,17.43
1000,512,rcfopcitm,5,3,0,17.610000000000003
1000,512,rcfopcitm,5,3,1,16.849999999999998
1000,512,rcfopcitm,5,3,2,17.110000000000003
1000,512,rcfopcitm,5,3,3,16.95
1000,512,rcfopcitm,5,3,4,17.820000000000004
1000,512,rcfopcitm,5,3,5,18.179999999999996
1000,512,rcfopcitm,5,3,6,17.269999999999996
1000,512,rcfopcitm,5,3,7,16.859999999999996
1000,512,rcfopcitm,5,3,8,17.220000000000002
1000,512,rcfopcitm,5,3,9,17.23
1000,512,rcfopcitm,5,4,0,18.130000000000003
1000,512,rcfopcitm,5,4,1,16.93
1000,512,rcfopcitm,5,4,2,17.14
1000,512,rcfopcitm,5,4,3,17.190000000000005
1000,512,rcfopcitm,5,4,4,16.779999999999994
1000,512,rcfopcitm,5,4,5,17.169999999999995
1000,512,rcfopcitm,5,4,6,17.800000000000004
1000,512,rcfopcitm,5,4,7,17.23
1000,512,rcfopcitm,5,4,8,17.849999999999998
1000,512,rcfopcitm,5,4,9,16.910000000000004
1000,512,rcfopcitm,5,5,0,16.559999999999995
1000,512,rcfopcitm,5,5,1,17.32
1000,512,rcfopcitm,5,5,2,16.73
1000,512,rcfopcitm,5,5,3,18.320000000000004
1000,512,rcfopcitm,5,5,4,17.110000000000003
1000,512,rcfopcitm,5,5,5,17.000000000000004
1000,512,rcfopcitm,5,5,6,17.86
1000,512,rcfopcitm,5,5,7,17.200000000000003
1000,512,rcfopcitm,5,5,8,17.56
1000,512,rcfopcitm,5,5,9,17.169999999999995
1000,512,rcfopcitm,5,6,0,17.100000000000005
1000,512,rcfopcitm,5,6,1,17.220000000000002
1000,512,rcfopcitm,5,6,2,18.610000000000003
1000,512,rcfopcitm,5,6,3,17.800000000000004
1000,512,rcfopcitm,5,6,4,17.700000000000003
1000,512,rcfopcitm,5,6,5,17.110000000000003
1000,512,rcfopcitm,5,6,6,16.990000000000006
1000,512,rcfopcitm,5,6,7,17.290000000000006
1000,512,rcfopcitm,5,6,8,16.459999999999997
1000,512,rcfopcitm,5,6,9,16.279999999999994
1000,512,rcfopcitm,5,7,0,16.590000000000003
1000,512,rcfopcitm,5,7,1,17.210000000000004
1000,512,rcfopcitm,5,7,2,17.04
1000,512,rcfopcitm,5,7,3,16.439999999999998
1000,512,rcfopcitm,5,7,4,17.459999999999997
1000,512,rcfopcitm,5,7,5,17.090000000000003
1000,512,rcfopcitm,5,7,6,17.510000000000005
1000,512,rcfopcitm,5,7,7,17.100000000000005
1000,512,rcfopcitm,5,7,8,18.500000000000007
1000,512,rcfopcitm,5,7,9,16.969999999999995
1000,512,rcfopcitm,5,8,0,16.890000000000004
1000,512,rcfopcitm,5,8,1,16.690000000000005
1000,512,rcfopcitm,5,8,2,17.740000000000002
1000,512,rcfopcitm,5,8,3,16.559999999999995
1000,512,rcfopcitm,5,8,4,17.079999999999995
1000,512,rcfopcitm,5,8,5,17.349999999999998
1000,512,rcfopcitm,5,8,6,17.290000000000006
1000,512,rcfopcitm,5,8,7,17.06
1000,512,rcfopcitm,5,8,8,18.279999999999998
1000,512,rcfopcitm,5,8,9,17.23
1000,512,rcfopcitm,5,9,0,18.400000000000006
1000,512,rcfopcitm,5,9,1,17.279999999999994
1000,512,rcfopcitm,5,9,2,17.710000000000004
1000,512,rcfopcitm,5,9,3,16.990000000000006
1000,512,rcfopcitm,5,9,4,16.21
1000,512,rcfopcitm,5,9,5,17.110000000000003
1000,512,rcfopcitm,5,9,6,17.500000000000004
1000,512,rcfopcitm,5,9,7,16.759999999999998
1000,512,rcfopcitm,5,9,8,16.939999999999998
1000,512,rcfopcitm,5,9,9,17.569999999999997
1000,512,rcfopcitm,7,1,0,17.45
1000,512,rcfopcitm,7,1,1,17.93
1000,512,rcfopcitm,7,1,2,18.179999999999996
1000,512,rcfopcitm,7,1,3,18.189999999999994
1000,512,rcfopcitm,7,1,4,17.020000000000003
1000,512,rcfopcitm,7,1,5,16.990000000000006
1000,512,rcfopcitm,7,1,6,17.740000000000002
1000,512,rcfopcitm,7,1,7,17.069999999999997
1000,512,rcfopcitm,7,1,8,16.890000000000004
1000,512,rcfopcitm,7,1,9,17.549999999999997
1000,512,rcfopcitm,7,10,0,16.93
1000,512,rcfopcitm,7,10,1,18.069999999999997
1000,512,rcfopcitm,7,10,2,18.75
1000,512,rcfopcitm,7,10,3,17.56
1000,512,rcfopcitm,7,10,4,17.469999999999995
1000,512,rcfopcitm,7,10,5,18.23
1000,512,rcfopcitm,7,10,6,17.769999999999996
1000,512,rcfopcitm,7,10,7,18.179999999999996
1000,512,rcfopcitm,7,10,8,17.56
1000,512,rcfopcitm,7,10,9,17.510000000000005
1000,512,rcfopcitm,7,2,0,17.259999999999998
1000,512,rcfopcitm,7,2,1,16.679999999999996
1000,512,rcfopcitm,7,2,2,16.910000000000004
1000,512,rcfopcitm,7,2,3,18.020000000000003
1000,512,rcfopcitm,7,2,4,17.000000000000004
1000,512,rcfopcitm,7,2,5,17.689999999999994
1000,512,rcfopcitm,7,2,6,17.110000000000003
1000,512,rcfopcitm,7,2,7,17.54
1000,512,rcfopcitm,7,2,8,17.169999999999995
1000,512,rcfopcitm,7,2,9,16.75
1000,512,rcfopcitm,7,3,0,17.659999999999997
1000,512,rcfopcitm,7,3,1,16.890000000000004
1000,512,rcfopcitm,7,3,2,17.23
1000,512,rcfopcitm,7,3,3,16.490000000000006
1000,512,rcfopcitm,7,3,4,17.110000000000003
1000,512,rcfopcitm,7,3,5,17.549999999999997
1000,512,rcfopcitm,7,3,6,17.800000000000004
1000,512,rcfopcitm,7,3,7,16.65
1000,512,rcfopcitm,7,3,8,16.900000000000006
1000,512,rcfopcitm,7,3,9,17.110000000000003
1000,512,rcfopcitm,7,4,0,16.95
1000,512,rcfopcitm,7,4,1,17.779999999999994
1000,512,rcfopcitm,7,4,2,17.610000000000003
1000,512,rcfopcitm,7,4,3,17.000000000000004
1000,512,rcfopcitm,7,4,4,16.32
1000,512,rcfopcitm,7,4,5,16.459999999999997
1000,512,rcfopcitm,7,4,6,17.14
1000,512,rcfopcitm,7,4,7,16.359999999999996
1000,512,rcfopcitm,7,4,8,17.500000000000004
1000,512,rcfopcitm,7,4,9,16.93
1000,512,rcfopcitm,7,5,0,16.71
1000,512,rcfopcitm,7,5,1,17.93
1000,512,rcfopcitm,7,5,2,16.84
1000,512,rcfopcitm,7,5,3,16.64
1000,512,rcfopcitm,7,5,4,16.369999999999997
1000,512,rcfopcitm,7,5,5,17.630000000000003
1000,512,rcfopcitm,7,5,6,17.310000000000002
1000,512,rcfopcitm,7,5,7,17.459999999999997
1000,512,rcfopcitm,7,5,8,17.04
1000,512,rcfopcitm,7,5,9,16.279999999999994
1000,512,rcfopcitm,7,6,0,16.579999999999995
1000,512,rcfopcitm,7,6,1,17.490000000000006
1000,512,rcfopcitm,7,6,2,16.64
1000,512,rcfopcitm,7,6,3,17.03
1000,512,rcfopcitm,7,6,4,17.73
1000,512,rcfopcitm,7,6,5,16.62
1000,512,rcfopcitm,7,6,6,16.810000000000002
1000,512,rcfopcitm,7,6,7,16.12
1000,512,rcfopcitm,7,6,8,17.989999999999995
1000,512,rcfopcitm,7,6,9,16.900000000000006
1000,512,rcfopcitm,7,7,0,16.520000000000003
1000,512,rcfopcitm,7,7,1,17.24
1000,512,rcfopcitm,7,7,2,17.42
1000,512,rcfopcitm,7,7,3,16.679999999999996
1000,512,rcfopcitm,7,7,4,16.65
1000,512,rcfopcitm,7,7,5,18.079999999999995
1000,512,rcfopcitm,7,7,6,16.769999999999996
1000,512,rcfopcitm,7,7,7,16.13
1000,512,rcfopcitm,7,7,8,17.56
1000,512,rcfopcitm,7,7,9,17.259999999999998
1000,512,rcfopcitm,7,8,0,17.079999999999995
1000,512,rcfopcitm,7,8,1,17.62
1000,512,rcfopcitm,7,8,2,16.75
1000,512,rcfopcitm,7,8,3,16.910000000000004
1000,512,rcfopcitm,7,8,4,17.369999999999997
1000,512,rcfopcitm,7,8,5,17.889999999999993
1000,512,rcfopcitm,7,8,6,17.820000000000004
1000,512,rcfopcitm,7,8,7,16.45
1000,512,rcfopcitm,7,8,8,16.769999999999996
1000,512,rcfopcitm,7,8,9,17.310000000000002
1000,512,rcfopcitm,7,9,0,17.889999999999993
1000,512,rcfopcitm,7,9,1,18.45
1000,512,rcfopcitm,7,9,2,17.049999999999997
1000,512,rcfopcitm,7,9,3,17.36
1000,512,rcfopcitm,7,9,4,17.390000000000004
1000,512,rcfopcitm,7,9,5,17.45
1000,512,rcfopcitm,7,9,6,16.559999999999995
1000,512,rcfopcitm,7,9,7,17.549999999999997
1000,512,rcfopcitm,7,9,8,17.769999999999996
1000,512,rcfopcitm,7,9,9,16.74
1000,64,fwd,,,0,17.06
1000,64,fwd,,,1,16.800000000000004
1000,64,fwd,,,2,16.410000000000004
1000,64,fwd,,,3,17.349999999999998
1000,64,fwd,,,4,18.100000000000005
1000,64,fwd,,,5,18.020000000000003
1000,64,fwd,,,6,17.269999999999996
1000,64,fwd,,,7,17.310000000000002
1000,64,fwd,,,8,17.369999999999997
1000,64,fwd,,,9,16.579999999999995
1000,64,rcfopcitm,10,1,0,17.769999999999996
1000,64,rcfopcitm,10,1,1,17.300000000000004
1000,64,rcfopcitm,10,1,2,17.92
1000,64,rcfopcitm,10,1,3,17.410000000000004
1000,64,rcfopcitm,10,1,4,16.810000000000002
1000,64,rcfopcitm,10,1,5,17.300000000000004
1000,64,rcfopcitm,10,1,6,16.759999999999998
1000,64,rcfopcitm,10,1,7,16.269999999999996
1000,64,rcfopcitm,10,1,8,17.630000000000003
1000,64,rcfopcitm,10,1,9,16.45
1000,64,rcfopcitm,10,10,0,20.899999999999995
1000,64,rcfopcitm,10,10,1,20.420000000000005
1000,64,rcfopcitm,10,10,2,19.58
1000,64,rcfopcitm,10,10,3,21.38
1000,64,rcfopcitm,10,10,4,21.099999999999998
1000,64,rcfopcitm,10,10,5,21.319999999999993
1000,64,rcfopcitm,10,10,6,20.369999999999997
1000,64,rcfopcitm,10,10,7,20.25
1000,64,rcfopcitm,10,10,8,21.540000000000003
1000,64,rcfopcitm,10,10,9,21.66
1000,64,rcfopcitm,10,2,0,17.689999999999994
1000,64,rcfopcitm,10,2,1,18.079999999999995
1000,64,rcfopcitm,10,2,2,17.569999999999997
1000,64,rcfopcitm,10,2,3,16.849999999999998
1000,64,rcfopcitm,10,2,4,17.279999999999994
1000,64,rcfopcitm,10,2,5,17.330000000000002
1000,64,rcfopcitm,10,2,6,16.579999999999995
1000,64,rcfopcitm,10,2,7,18.169999999999998
1000,64,rcfopcitm,10,2,8,17.710000000000004
1000,64,rcfopcitm,10,2,9,16.249999999999996
1000,64,rcfopcitm,10,3,0,17.97
1000,64,rcfopcitm,10,3,1,17.210000000000004
1000,64,rcfopcitm,10,3,2,16.800000000000004
1000,64,rcfopcitm,10,3,3,17.36
1000,64,rcfopcitm,10,3,4,18.100000000000005
1000,64,rcfopcitm,10,3,5,17.54
1000,64,rcfopcitm,10,3,6,16.859999999999996
1000,64,rcfopcitm,10,3,7,17.479999999999997
1000,64,rcfopcitm,10,3,8,16.590000000000003
1000,64,rcfopcitm,10,3,9,17.900000000000006
1000,64,rcfopcitm,10,4,0,18.240000000000002
1000,64,rcfopcitm,10,4,1,18.54
1000,64,rcfopcitm,10,4,2,17.12
1000,64,rcfopcitm,10,4,3,17.979999999999997
1000,64,rcfopcitm,10,4,4,18.589999999999996
1000,64,rcfopcitm,10,4,5,18.240000000000002
1000,64,rcfopcitm,10,4,6,17.779999999999994
1000,64,rcfopcitm,10,4,7,17.190000000000005
1000,64,rcfopcitm,10,4,8,18.489999999999995
1000,64,rcfopcitm,10,4,9,18.100000000000005
1000,64,rcfopcitm,10,5,0,20.730000000000004
1000,64,rcfopcitm,10,5,1,22.79
1000,64,rcfopcitm,10,5,2,22.619999999999997
1000,64,rcfopcitm,10,5,3,20.840000000000003
1000,64,rcfopcitm,10,5,4,21.199999999999996
1000,64,rcfopcitm,10,5,5,21.08
1000,64,rcfopcitm,10,5,6,20.77
1000,64,rcfopcitm,10,5,7,19.299999999999994
1000,64,rcfopcitm,10,5,8,22.4
1000,64,rcfopcitm,10,5,9,20.08
1000,64,rcfopcitm,10,6,0,21.830000000000005
1000,64,rcfopcitm,10,6,1,21.46
1000,64,rcfopcitm,10,6,2,21.88
1000,64,rcfopcitm,10,6,3,22.27
1000,64,rcfopcitm,10,6,4,24.18
1000,64,rcfopcitm,10,6,5,21.68
1000,64,rcfopcitm,10,6,6,20.49
1000,64,rcfopcitm,10,6,7,22.38
1000,64,rcfopcitm,10,6,8,22.67
1000,64,rcfopcitm,10,6,9,20.950000000000003
1000,64,rcfopcitm,10,7,0,21.819999999999993
1000,64,rcfopcitm,10,7,1,21.840000000000003
1000,64,rcfopcitm,10,7,2,20.940000000000005
1000,64,rcfopcitm,10,7,3,20.899999999999995
1000,64,rcfopcitm,10,7,4,20.609999999999996
1000,64,rcfopcitm,10,7,5,22.419999999999995
1000,64,rcfopcitm,10,7,6,22.49
1000,64,rcfopcitm,10,7,7,22.709999999999997
1000,64,rcfopcitm,10,7,8,21.77
1000,64,rcfopcitm,10,7,9,21.499999999999996
1000,64,rcfopcitm,10,8,0,20.820000000000004
1000,64,rcfopcitm,10,8,1,20.560000000000002
1000,64,rcfopcitm,10,8,2,21.630000000000006
1000,64,rcfopcitm,10,8,3,20.96
1000,64,rcfopcitm,10,8,4,21.919999999999995
1000,64,rcfopcitm,10,8,5,21.030000000000005
1000,64,rcfopcitm,10,8,6,21.79
1000,64,rcfopcitm,10,8,7,21.120000000000005
1000,64,rcfopcitm,10,8,8,21.040000000000003
1000,64,rcfopcitm,10,8,9,21.48
1000,64,rcfopcitm,10,9,0,20.169999999999998
1000,64,rcfopcitm,10,9,1,20.169999999999998
1000,64,rcfopcitm,10,9,2,21.919999999999995
1000,64,rcfopcitm,10,9,3,21.66
1000,64,rcfopcitm,10,9,4,20.909999999999997
1000,64,rcfopcitm,10,9,5,20.650000000000002
1000,64,rcfopcitm,10,9,6,21.950000000000003
1000,64,rcfopcitm,10,9,7,19.64
1000,64,rcfopcitm,10,9,8,20.820000000000004
1000,64,rcfopcitm,10,9,9,21.48
1000,64,rcfopcitm,12,1,0,17.500000000000004
1000,64,rcfopcitm,12,1,1,16.369999999999997
1000,64,rcfopcitm,12,1,2,17.989999999999995
1000,64,rcfopcitm,12,1,3,17.43
1000,64,rcfopcitm,12,1,4,16.849999999999998
1000,64,rcfopcitm,12,1,5,17.369999999999997
1000,64,rcfopcitm,12,1,6,16.910000000000004
1000,64,rcfopcitm,12,1,7,16.71
1000,64,rcfopcitm,12,1,8,17.049999999999997
1000,64,rcfopcitm,12,1,9,18.42
1000,64,rcfopcitm,12,10,0,21.319999999999993
1000,64,rcfopcitm,12,10,1,21.089999999999996
1000,64,rcfopcitm,12,10,2,22.299999999999997
1000,64,rcfopcitm,12,10,3,21.199999999999996
1000,64,rcfopcitm,12,10,4,20.169999999999998
1000,64,rcfopcitm,12,10,5,20.189999999999998
1000,64,rcfopcitm,12,10,6,20.18
1000,64,rcfopcitm,12,10,7,21.07
1000,64,rcfopcitm,12,10,8,20.909999999999997
1000,64,rcfopcitm,12,10,9,20.530000000000005
1000,64,rcfopcitm,12,2,0,17.06
1000,64,rcfopcitm,12,2,1,18.020000000000003
1000,64,rcfopcitm,12,2,2,17.44
1000,64,rcfopcitm,12,2,3,17.390000000000004
1000,64,rcfopcitm,12,2,4,16.290000000000006
1000,64,rcfopcitm,12,2,5,18.45
1000,64,rcfopcitm,12,2,6,17.410000000000004
1000,64,rcfopcitm,12,2,7,17.94
1000,64,rcfopcitm,12,2,8,17.310000000000002
1000,64,rcfopcitm,12,2,9,16.779999999999994
1000,64,rcfopcitm,12,3,0,17.020000000000003
1000,64,rcfopcitm,12,3,1,17.669999999999998
1000,64,rcfopcitm,12,3,2,18.65
1000,64,rcfopcitm,12,3,3,17.800000000000004
1000,64,rcfopcitm,12,3,4,18.189999999999994
1000,64,rcfopcitm,12,3,5,17.740000000000002
1000,64,rcfopcitm,12,3,6,18.240000000000002
1000,64,rcfopcitm,12,3,7,17.12
1000,64,rcfopcitm,12,3,8,17.92
1000,64,rcfopcitm,12,3,9,18.630000000000003
1000,64,rcfopcitm,12,4,0,19.830000000000002
1000,64,rcfopcitm,12,4,1,20.86
1000,64,rcfopcitm,12,4,2,18.92
1000,64,rcfopcitm,12,4,3,20.799999999999997
1000,64,rcfopcitm,12,4,4,19.289999999999996
1000,64,rcfopcitm,12,4,5,19.820000000000004
1000,64,rcfopcitm,12,4,6,18.85
1000,64,rcfopcitm,12,4,7,20.44
1000,64,rcfopcitm,12,4,8,21.120000000000005
1000,64,rcfopcitm,12,4,9,19.130000000000003
1000,64,rcfopcitm,12,5,0,20.46
1000,64,rcfopcitm,12,5,1,20.099999999999994
1000,64,rcfopcitm,12,5,2,21.430000000000003
1000,64,rcfopcitm,12,5,3,20.330000000000005
1000,64,rcfopcitm,12,5,4,20.389999999999997
1000,64,rcfopcitm,12,5,5,21.49
1000,64,rcfopcitm,12,5,6,21.36
1000,64,rcfopcitm,12,5,7,19.740000000000002
1000,64,rcfopcitm,12,5,8,21.08
1000,64,rcfopcitm,12,5,9,20.309999999999995
1000,64,rcfopcitm,12,6,0,21.16
1000,64,rcfopcitm,12,6,1,21.35
1000,64,rcfopcitm,12,6,2,20.530000000000005
1000,64,rcfopcitm,12,6,3,20.399999999999995
1000,64,rcfopcitm,12,6,4,19.869999999999997
1000,64,rcfopcitm,12,6,5,20.840000000000003
1000,64,rcfopcitm,12,6,6,19.740000000000002
1000,64,rcfopcitm,12,6,7,20.86
1000,64,rcfopcitm,12,6,8,20.08
1000,64,rcfopcitm,12,6,9,21.57
1000,64,rcfopcitm,12,7,0,20.699999999999996
1000,64,rcfopcitm,12,7,1,19.25
1000,64,rcfopcitm,12,7,2,18.889999999999997
1000,64,rcfopcitm,12,7,3,19.620000000000005
1000,64,rcfopcitm,12,7,4,20.560000000000002
1000,64,rcfopcitm,12,7,5,20.130000000000003
1000,64,rcfopcitm,12,7,6,19.699999999999996
1000,64,rcfopcitm,12,7,7,19.66
1000,64,rcfopcitm,12,7,8,20.650000000000002
1000,64,rcfopcitm,12,7,9,20.06
1000,64,rcfopcitm,12,8,0,20.520000000000003
1000,64,rcfopcitm,12,8,1,19.789999999999996
1000,64,rcfopcitm,12,8,2,21.85
1000,64,rcfopcitm,12,8,3,20.130000000000003
1000,64,rcfopcitm,12,8,4,19.520000000000003
1000,64,rcfopcitm,12,8,5,19.97
1000,64,rcfopcitm,12,8,6,18.930000000000003
1000,64,rcfopcitm,12,8,7,19.740000000000002
1000,64,rcfopcitm,12,8,8,21.150000000000002
1000,64,rcfopcitm,12,8,9,20.169999999999998
1000,64,rcfopcitm,12,9,0,20.689999999999998
1000,64,rcfopcitm,12,9,1,20.920000000000005
1000,64,rcfopcitm,12,9,2,20.820000000000004
1000,64,rcfopcitm,12,9,3,19.86
1000,64,rcfopcitm,12,9,4,19.799999999999997
1000,64,rcfopcitm,12,9,5,21.47
1000,64,rcfopcitm,12,9,6,19.759999999999998
1000,64,rcfopcitm,12,9,7,19.27
1000,64,rcfopcitm,12,9,8,20.940000000000005
1000,64,rcfopcitm,12,9,9,22.019999999999996
1000,64,rcfopcitm,2,1,0,17.32
1000,64,rcfopcitm,2,1,1,17.110000000000003
1000,64,rcfopcitm,2,1,2,18.210000000000004
1000,64,rcfopcitm,2,1,3,16.64
1000,64,rcfopcitm,2,1,4,17.049999999999997
1000,64,rcfopcitm,2,1,5,18.25
1000,64,rcfopcitm,2,1,6,16.73
1000,64,rcfopcitm,2,1,7,17.310000000000002
1000,64,rcfopcitm,2,1,8,16.369999999999997
1000,64,rcfopcitm,2,1,9,17.110000000000003
1000,64,rcfopcitm,2,10,0,18.430000000000003
1000,64,rcfopcitm,2,10,1,17.689999999999994
1000,64,rcfopcitm,2,10,2,16.93
1000,64,rcfopcitm,2,10,3,16.900000000000006
1000,64,rcfopcitm,2,10,4,17.220000000000002
1000,64,rcfopcitm,2,10,5,18.06
1000,64,rcfopcitm,2,10,6,16.390000000000004
1000,64,rcfopcitm,2,10,7,17.079999999999995
1000,64,rcfopcitm,2,10,8,17.95
1000,64,rcfopcitm,2,10,9,17.479999999999997
1000,64,rcfopcitm,2,2,0,16.73
1000,64,rcfopcitm,2,2,1,17.310000000000002
1000,64,rcfopcitm,2,2,2,17.469999999999995
1000,64,rcfopcitm,2,2,3,17.989999999999995
1000,64,rcfopcitm,2,2,4,17.36
1000,64,rcfopcitm,2,2,5,17.310000000000002
1000,64,rcfopcitm,2,2,6,17.12
1000,64,rcfopcitm,2,2,7,16.62
1000,64,rcfopcitm,2,2,8,18.279999999999998
1000,64,rcfopcitm,2,2,9,16.349999999999998
1000,64,rcfopcitm,2,3,0,17.090000000000003
1000,64,rcfopcitm,2,3,1,16.400000000000002
1000,64,rcfopcitm,2,3,2,17.379999999999995
1000,64,rcfopcitm,2,3,3,18.069999999999997
1000,64,rcfopcitm,2,3,4,17.369999999999997
1000,64,rcfopcitm,2,3,5,16.590000000000003
1000,64,rcfopcitm,2,3,6,17.25
1000,64,rcfopcitm,2,3,7,18.23
1000,64,rcfopcitm,2,3,8,17.62
1000,64,rcfopcitm,2,3,9,16.569999999999997
1000,64,rcfopcitm,2,4,0,17.200000000000003
1000,64,rcfopcitm,2,4,1,17.62
1000,64,rcfopcitm,2,4,2,16.979999999999997
1000,64,rcfopcitm,2,4,3,18.25
1000,64,rcfopcitm,2,4,4,16.300000000000004
1000,64,rcfopcitm,2,4,5,17.490000000000006
1000,64,rcfopcitm,2,4,6,18.110000000000003
1000,64,rcfopcitm,2,4,7,16.900000000000006
1000,64,rcfopcitm,2,4,8,16.51
1000,64,rcfopcitm,2,4,9,17.45
1000,64,rcfopcitm,2,5,0,17.410000000000004
1000,64,rcfopcitm,2,5,1,17.54
1000,64,rcfopcitm,2,5,2,16.249999999999996
1000,64,rcfopcitm,2,5,3,18.04
1000,64,rcfopcitm,2,5,4,17.54
1000,64,rcfopcitm,2,5,5,18.240000000000002
1000,64,rcfopcitm,2,5,6,16.500000000000004
1000,64,rcfopcitm,2,5,7,16.62
1000,64,rcfopcitm,2,5,8,17.14
1000,64,rcfopcitm,2,5,9,17.14
1000,64,rcfopcitm,2,6,0,16.600000000000005
1000,64,rcfopcitm,2,6,1,18.020000000000003
1000,64,rcfopcitm,2,6,2,17.14
1000,64,rcfopcitm,2,6,3,17.410000000000004
1000,64,rcfopcitm,2,6,4,18.069999999999997
1000,64,rcfopcitm,2,6,5,17.630000000000003
1000,64,rcfopcitm,2,6,6,16.879999999999995
1000,64,rcfopcitm,2,6,7,16.269999999999996
1000,64,rcfopcitm,2,6,8,17.549999999999997
1000,64,rcfopcitm,2,6,9,17.169999999999995
1000,64,rcfopcitm,2,7,0,17.95
1000,64,rcfopcitm,2,7,1,16.830000000000002
1000,64,rcfopcitm,2,7,2,17.15
1000,64,rcfopcitm,2,7,3,17.589999999999996
1000,64,rcfopcitm,2,7,4,17.44
1000,64,rcfopcitm,2,7,5,17.869999999999997
1000,64,rcfopcitm,2,7,6,16.23
1000,64,rcfopcitm,2,7,7,16.910000000000004
1000,64,rcfopcitm,2,7,8,18.320000000000004
1000,64,rcfopcitm,2,7,9,16.759999999999998
1000,64,rcfopcitm,2,8,0,16.300000000000004
1000,64,rcfopcitm,2,8,1,17.97
1000,64,rcfopcitm,2,8,2,17.669999999999998
1000,64,rcfopcitm,2,8,3,16.810000000000002
1000,64,rcfopcitm,2,8,4,17.740000000000002
1000,64,rcfopcitm,2,8,5,17.269999999999996
1000,64,rcfopcitm,2,8,6,17.220000000000002
1000,64,rcfopcitm,2,8,7,17.400000000000006
1000,64,rcfopcitm,2,8,8,16.790000000000006
1000,64,rcfopcitm,2,8,9,18.259999999999998
1000,64,rcfopcitm,2,9,0,16.969999999999995
1000,64,rcfopcitm,2,9,1,17.64
1000,64,rcfopcitm,2,9,2,18.379999999999995
1000,64,rcfopcitm,2,9,3,16.990000000000006
1000,64,rcfopcitm,2,9,4,17.94
1000,64,rcfopcitm,2,9,5,17.759999999999998
1000,64,rcfopcitm,2,9,6,17.130000000000003
1000,64,rcfopcitm,2,9,7,16.359999999999996
1000,64,rcfopcitm,2,9,8,16.900000000000006
1000,64,rcfopcitm,2,9,9,17.400000000000006
1000,64,rcfopcitm,3,1,0,16.369999999999997
1000,64,rcfopcitm,3,1,1,16.569999999999997
1000,64,rcfopcitm,3,1,2,17.020000000000003
1000,64,rcfopcitm,3,1,3,18.110000000000003
1000,64,rcfopcitm,3,1,4,17.43
1000,64,rcfopcitm,3,1,5,18.14
1000,64,rcfopcitm,3,1,6,17.410000000000004
1000,64,rcfopcitm,3,1,7,17.25
1000,64,rcfopcitm,3,1,8,16.75
1000,64,rcfopcitm,3,1,9,17.279999999999994
1000,64,rcfopcitm,3,10,0,17.569999999999997
1000,64,rcfopcitm,3,10,1,18.130000000000003
1000,64,rcfopcitm,3,10,2,17.310000000000002
1000,64,rcfopcitm,3,10,3,18.369999999999997
1000,64,rcfopcitm,3,10,4,18.110000000000003
1000,64,rcfopcitm,3,10,5,18.53
1000,64,rcfopcitm,3,10,6,17.75
1000,64,rcfopcitm,3,10,7,16.969999999999995
1000,64,rcfopcitm,3,10,8,17.94
1000,64,rcfopcitm,3,10,9,16.859999999999996
1000,64,rcfopcitm,3,2,0,17.279999999999994
1000,64,rcfopcitm,3,2,1,16.410000000000004
1000,64,rcfopcitm,3,2,2,17.32
1000,64,rcfopcitm,3,2,3,17.500000000000004
1000,64,rcfopcitm,3,2,4,16.82
1000,64,rcfopcitm,3,2,5,16.24
1000,64,rcfopcitm,3,2,6,17.97
1000,64,rcfopcitm,3,2,7,18.04
1000,64,rcfopcitm,3,2,8,17.520000000000003
1000,64,rcfopcitm,3,2,9,16.84
1000,64,rcfopcitm,3,3,0,16.959999999999997
1000,64,rcfopcitm,3,3,1,17.400000000000006
1000,64,rcfopcitm,3,3,2,17.900000000000006
1000,64,rcfopcitm,3,3,3,16.43
1000,64,rcfopcitm,3,3,4,17.54
1000,64,rcfopcitm,3,3,5,17.800000000000004
1000,64,rcfopcitm,3,3,6,17.32
1000,64,rcfopcitm,3,3,7,17.269999999999996
1000,64,rcfopcitm,3,3,8,16.969999999999995
1000,64,rcfopcitm,3,3,9,16.349999999999998
1000,64,rcfopcitm,3,4,0,17.94
1000,64,rcfopcitm,3,4,1,17.310000000000002
1000,64,rcfopcitm,3,4,2,17.279999999999994
1000,64,rcfopcitm,3,4,3,16.390000000000004
1000,64,rcfopcitm,3,4,4,17.669999999999998
1000,64,rcfopcitm,3,4,5,17.169999999999995
1000,64,rcfopcitm,3,4,6,17.000000000000004
1000,64,rcfopcitm,3,4,7,17.44
1000,64,rcfopcitm,3,4,8,17.869999999999997
1000,64,rcfopcitm,3,4,9,16.300000000000004
1000,64,rcfopcitm,3,5,0,17.36
1000,64,rcfopcitm,3,5,1,17.589999999999996
1000,64,rcfopcitm,3,5,2,17.190000000000005
1000,64,rcfopcitm,3,5,3,17.369999999999997
1000,64,rcfopcitm,3,5,4,18.15
1000,64,rcfopcitm,3,5,5,16.95
1000,64,rcfopcitm,3,5,6,17.56
1000,64,rcfopcitm,3,5,7,16.459999999999997
1000,64,rcfopcitm,3,5,8,16.349999999999998
1000,64,rcfopcitm,3,5,9,18.010000000000005
1000,64,rcfopcitm,3,6,0,16.359999999999996
1000,64,rcfopcitm,3,6,1,16.74
1000,64,rcfopcitm,3,6,2,16.979999999999997
1000,64,rcfopcitm,3,6,3,17.369999999999997
1000,64,rcfopcitm,3,6,4,17.900000000000006
1000,64,rcfopcitm,3,6,5,17.200000000000003
1000,64,rcfopcitm,3,6,6,17.330000000000002
1000,64,rcfopcitm,3,6,7,17.490000000000006
1000,64,rcfopcitm,3,6,8,18.25
1000,64,rcfopcitm,3,6,9,17.849999999999998
1000,64,rcfopcitm,3,7,0,17.410000000000004
1000,64,rcfopcitm,3,7,1,16.879999999999995
1000,64,rcfopcitm,3,7,2,17.25
1000,64,rcfopcitm,3,7,3,18.189999999999994
1000,64,rcfopcitm,3,7,4,17.45
1000,64,rcfopcitm,3,7,5,17.849999999999998
1000,64,rcfopcitm,3,7,6,17.92
1000,64,rcfopcitm,3,7,7,16.93
1000,64,rcfopcitm,3,7,8,16.479999999999993
1000,64,rcfopcitm,3,7,9,17.43
1000,64,rcfopcitm,3,8,0,17.479999999999997
1000,64,rcfopcitm,3,8,1,17.989999999999995
1000,64,rcfopcitm,3,8,2,17.73
1000,64,rcfopcitm,3,8,3,17.469999999999995
1000,64,rcfopcitm,3,8,4,16.569999999999997
1000,64,rcfopcitm,3,8,5,18.010000000000005
1000,64,rcfopcitm,3,8,6,16.700000000000003
1000,64,rcfopcitm,3,8,7,17.25
1000,64,rcfopcitm,3,8,8,17.220000000000002
1000,64,rcfopcitm,3,8,9,17.32
1000,64,rcfopcitm,3,9,0,16.479999999999993
1000,64,rcfopcitm,3,9,1,17.45
1000,64,rcfopcitm,3,9,2,18.06
1000,64,rcfopcitm,3,9,3,17.190000000000005
1000,64,rcfopcitm,3,9,4,18.23
1000,64,rcfopcitm,3,9,5,17.36
1000,64,rcfopcitm,3,9,6,16.64
1000,64,rcfopcitm,3,9,7,18.06
1000,64,rcfopcitm,3,9,8,18.159999999999997
1000,64,rcfopcitm,3,9,9,17.569999999999997
1000,64,rcfopcitm,5,1,0,17.069999999999997
1000,64,rcfopcitm,5,1,1,18.100000000000005
1000,64,rcfopcitm,5,1,2,17.130000000000003
1000,64,rcfopcitm,5,1,3,16.82
1000,64,rcfopcitm,5,1,4,18.000000000000004
1000,64,rcfopcitm,5,1,5,16.63
1000,64,rcfopcitm,5,1,6,17.379999999999995
1000,64,rcfopcitm,5,1,7,17.36
1000,64,rcfopcitm,5,1,8,16.059999999999995
1000,64,rcfopcitm,5,1,9,17.43
1000,64,rcfopcitm,5,10,0,23.799999999999997
1000,64,rcfopcitm,5,10,1,21.909999999999997
1000,64,rcfopcitm,5,10,2,22.099999999999998
1000,64,rcfopcitm,5,10,3,22.840000000000003
1000,64,rcfopcitm,5,10,4,22.59
1000,64,rcfopcitm,5,10,5,21.66
1000,64,rcfopcitm,5,10,6,22.309999999999995
1000,64,rcfopcitm,5,10,7,22.37
1000,64,rcfopcitm,5,10,8,22.38
1000,64,rcfopcitm,5,10,9,23.07
1000,64,rcfopcitm,5,2,0,16.500000000000004
1000,64,rcfopcitm,5,2,1,17.379999999999995
1000,64,rcfopcitm,5,2,2,17.56
1000,64,rcfopcitm,5,2,3,17.12
1000,64,rcfopcitm,5,2,4,16.859999999999996
1000,64,rcfopcitm,5,2,5,17.54
1000,64,rcfopcitm,5,2,6,16.410000000000004
1000,64,rcfopcitm,5,2,7,18.06
1000,64,rcfopcitm,5,2,8,17.15
1000,64,rcfopcitm,5,2,9,17.86
1000,64,rcfopcitm,5,3,0,18.259999999999998
1000,64,rcfopcitm,5,3,1,17.369999999999997
1000,64,rcfopcitm,5,3,2,17.53
1000,64,rcfopcitm,5,3,3,17.169999999999995
1000,64,rcfopcitm,5,3,4,16.069999999999997
1000,64,rcfopcitm,5,3,5,17.759999999999998
1000,64,rcfopcitm,5,3,6,17.349999999999998
1000,64,rcfopcitm,5,3,7,17.159999999999997
1000,64,rcfopcitm,5,3,8,16.610000000000003
1000,64,rcfopcitm,5,3,9,17.520000000000003
1000,64,rcfopcitm,5,4,0,17.56
1000,64,rcfopcitm,5,4,1,16.34
1000,64,rcfopcitm,5,4,2,18.000000000000004
1000,64,rcfopcitm,5,4,3,17.56
1000,64,rcfopcitm,5,4,4,16.53
1000,64,rcfopcitm,5,4,5,17.64
1000,64,rcfopcitm,5,4,6,17.190000000000005
1000,64,rcfopcitm,5,4,7,17.979999999999997
1000,64,rcfopcitm,5,4,8,17.34
1000,64,rcfopcitm,5,4,9,17.300000000000004
1000,64,rcfopcitm,5,5,0,16.910000000000004
1000,64,rcfopcitm,5,5,1,17.43
1000,64,rcfopcitm,5,5,2,17.740000000000002
1000,64,rcfopcitm,5,5,3,18.010000000000005
1000,64,rcfopcitm,5,5,4,17.849999999999998
1000,64,rcfopcitm,5,5,5,17.820000000000004
1000,64,rcfopcitm,5,5,6,17.25
1000,64,rcfopcitm,5,5,7,16.51
1000,64,rcfopcitm,5,5,8,17.269999999999996
1000,64,rcfopcitm,5,5,9,16.34
1000,64,rcfopcitm,5,6,0,16.469999999999995
1000,64,rcfopcitm,5,6,1,17.979999999999997
1000,64,rcfopcitm,5,6,2,17.42
1000,64,rcfopcitm,5,6,3,18.120000000000005
1000,64,rcfopcitm,5,6,4,17.569999999999997
1000,64,rcfopcitm,5,6,5,16.659999999999997
1000,64,rcfopcitm,5,6,6,17.369999999999997
1000,64,rcfopcitm,5,6,7,17.459999999999997
1000,64,rcfopcitm,5,6,8,16.590000000000003
1000,64,rcfopcitm,5,6,9,18.34
1000,64,rcfopcitm,5,7,0,17.600000000000005
1000,64,rcfopcitm,5,7,1,18.240000000000002
1000,64,rcfopcitm,5,7,2,17.789999999999996
1000,64,rcfopcitm,5,7,3,18.240000000000002
1000,64,rcfopcitm,5,7,4,16.800000000000004
1000,64,rcfopcitm,5,7,5,17.720000000000002
1000,64,rcfopcitm,5,7,6,17.079999999999995
1000,64,rcfopcitm,5,7,7,17.740000000000002
1000,64,rcfopcitm,5,7,8,18.86
1000,64,rcfopcitm,5,7,9,17.589999999999996
1000,64,rcfopcitm,5,8,0,18.86
1000,64,rcfopcitm,5,8,1,17.220000000000002
1000,64,rcfopcitm,5,8,2,18.34
1000,64,rcfopcitm,5,8,3,16.93
1000,64,rcfopcitm,5,8,4,17.94
1000,64,rcfopcitm,5,8,5,17.710000000000004
1000,64,rcfopcitm,5,8,6,19.06
1000,64,rcfopcitm,5,8,7,18.259999999999998
1000,64,rcfopcitm,5,8,8,18.310000000000002
1000,64,rcfopcitm,5,8,9,18.100000000000005
1000,64,rcfopcitm,5,9,0,18.930000000000003
1000,64,rcfopcitm,5,9,1,17.669999999999998
1000,64,rcfopcitm,5,9,2,17.75
1000,64,rcfopcitm,5,9,3,19.540000000000003
1000,64,rcfopcitm,5,9,4,18.630000000000003
1000,64,rcfopcitm,5,9,5,19.03
1000,64,rcfopcitm,5,9,6,18.600000000000005
1000,64,rcfopcitm,5,9,7,18.569999999999997
1000,64,rcfopcitm,5,9,8,18.220000000000002
1000,64,rcfopcitm,5,9,9,17.93
1000,64,rcfopcitm,7,1,0,17.369999999999997
1000,64,rcfopcitm,7,1,1,18.15
1000,64,rcfopcitm,7,1,2,16.669999999999995
1000,64,rcfopcitm,7,1,3,17.179999999999996
1000,64,rcfopcitm,7,1,4,17.269999999999996
1000,64,rcfopcitm,7,1,5,17.12
1000,64,rcfopcitm,7,1,6,16.369999999999997
1000,64,rcfopcitm,7,1,7,17.959999999999997
1000,64,rcfopcitm,7,1,8,17.36
1000,64,rcfopcitm,7,1,9,16.310000000000002
1000,64,rcfopcitm,7,10,0,23.31
1000,64,rcfopcitm,7,10,1,22.59
1000,64,rcfopcitm,7,10,2,22.140000000000004
1000,64,rcfopcitm,7,10,3,23.0
1000,64,rcfopcitm,7,10,4,21.509999999999994
1000,64,rcfopcitm,7,10,5,24.2
1000,64,rcfopcitm,7,10,6,20.58
1000,64,rcfopcitm,7,10,7,23.409999999999997
1000,64,rcfopcitm,7,10,8,22.850000000000005
1000,64,rcfopcitm,7,10,9,22.89
1000,64,rcfopcitm,7,2,0,17.410000000000004
1000,64,rcfopcitm,7,2,1,17.220000000000002
1000,64,rcfopcitm,7,2,2,17.86
1000,64,rcfopcitm,7,2,3,17.36
1000,64,rcfopcitm,7,2,4,17.259999999999998
1000,64,rcfopcitm,7,2,5,16.169999999999995
1000,64,rcfopcitm,7,2,6,17.36
1000,64,rcfopcitm,7,2,7,16.859999999999996
1000,64,rcfopcitm,7,2,8,16.500000000000004
1000,64,rcfopcitm,7,2,9,18.100000000000005
1000,64,rcfopcitm,7,3,0,17.810000000000002
1000,64,rcfopcitm,7,3,1,17.24
1000,64,rcfopcitm,7,3,2,17.200000000000003
1000,64,rcfopcitm,7,3,3,18.120000000000005
1000,64,rcfopcitm,7,3,4,16.249999999999996
1000,64,rcfopcitm,7,3,5,16.33
1000,64,rcfopcitm,7,3,6,17.62
1000,64,rcfopcitm,7,3,7,17.290000000000006
1000,64,rcfopcitm,7,3,8,16.990000000000006
1000,64,rcfopcitm,7,3,9,17.500000000000004
1000,64,rcfopcitm,7,4,0,17.369999999999997
1000,64,rcfopcitm,7,4,1,17.12
1000,64,rcfopcitm,7,4,2,17.75
1000,64,rcfopcitm,7,4,3,16.520000000000003
1000,64,rcfopcitm,7,4,4,17.630000000000003
1000,64,rcfopcitm,7,4,5,17.830000000000002
1000,64,rcfopcitm,7,4,6,16.54
1000,64,rcfopcitm,7,4,7,16.720000000000002
1000,64,rcfopcitm,7,4,8,17.630000000000003
1000,64,rcfopcitm,7,4,9,18.45
1000,64,rcfopcitm,7,5,0,17.600000000000005
1000,64,rcfopcitm,7,5,1,16.74
1000,64,rcfopcitm,7,5,2,18.069999999999997
1000,64,rcfopcitm,7,5,3,17.549999999999997
1000,64,rcfopcitm,7,5,4,17.32
1000,64,rcfopcitm,7,5,5,17.92
1000,64,rcfopcitm,7,5,6,17.490000000000006
1000,64,rcfopcitm,7,5,7,18.45
1000,64,rcfopcitm,7,5,8,17.879999999999995
1000,64,rcfopcitm,7,5,9,16.71
1000,64,rcfopcitm,7,6,0,16.63
1000,64,rcfopcitm,7,6,1,18.479999999999997
1000,64,rcfopcitm,7,6,2,18.210000000000004
1000,64,rcfopcitm,7,6,3,19.499999999999996
1000,64,rcfopcitm,7,6,4,18.86
1000,64,rcfopcitm,7,6,5,17.769999999999996
1000,64,rcfopcitm,7,6,6,18.520000000000003
1000,64,rcfopcitm,7,6,7,17.989999999999995
1000,64,rcfopcitm,7,6,8,17.53
1000,64,rcfopcitm,7,6,9,17.259999999999998
1000,64,rcfopcitm,7,7,0,18.42
1000,64,rcfopcitm,7,7,1,18.669999999999998
1000,64,rcfopcitm,7,7,2,18.189999999999994
1000,64,rcfopcitm,7,7,3,19.599999999999994
1000,64,rcfopcitm,7,7,4,19.85
1000,64,rcfopcitm,7,7,5,18.679999999999996
1000,64,rcfopcitm,7,7,6,18.830000000000002
1000,64,rcfopcitm,7,7,7,18.58
1000,64,rcfopcitm,7,7,8,19.099999999999994
1000,64,rcfopcitm,7,7,9,19.710000000000004
1000,64,rcfopcitm,7,8,0,24.629999999999995
1000,64,rcfopcitm,7,8,1,22.970000000000002
1000,64,rcfopcitm,7,8,2,24.8
1000,64,rcfopcitm,7,8,3,24.009999999999998
1000,64,rcfopcitm,7,8,4,23.26
1000,64,rcfopcitm,7,8,5,24.160000000000004
1000,64,rcfopcitm,7,8,6,23.29
1000,64,rcfopcitm,7,8,7,24.060000000000002
1000,64,rcfopcitm,7,8,8,23.299999999999997
1000,64,rcfopcitm,7,8,9,23.519999999999996
1000,64,rcfopcitm,7,9,0,23.28
1000,64,rcfopcitm,7,9,1,22.96
1000,64,rcfopcitm,7,9,2,23.619999999999997
1000,64,rcfopcitm,7,9,3,24.239999999999995
1000,64,rcfopcitm,7,9,4,25.319999999999997
1000,64,rcfopcitm,7,9,5,21.450000000000003
1000,64,rcfopcitm,7,9,6,22.750000000000004
1000,64,rcfopcitm,7,9,7,23.929999999999996
1000,64,rcfopcitm,7,9,8,24.750000000000007
1000,64,rcfopcitm,7,9,9,22.18
5000,1024,fwd,,,0,15.42
5000,1024,fwd,,,1,15.03
5000,1024,fwd,,,2,15.129999999999999
5000,1024,fwd,,,3,14.770000000000005
5000,1024,fwd,,,4,14.719999999999999
5000,1024,fwd,,,5,15.100000000000001
5000,1024,fwd,,,6,14.729999999999999
5000,1024,fwd,,,7,15.459999999999996
5000,1024,fwd,,,8,15.090000000000003
5000,1024,fwd,,,9,15.549999999999997
5000,1024,rcfopcitm,10,1,0,14.649999999999997
5000,1024,rcfopcitm,10,1,1,14.790000000000003
5000,1024,rcfopcitm,10,1,2,14.549999999999997
5000,1024,rcfopcitm,10,1,3,14.659999999999995
5000,1024,rcfopcitm,10,1,4,15.090000000000003
5000,1024,rcfopcitm,10,1,5,14.700000000000003
5000,1024,rcfopcitm,10,1,6,14.81
5000,1024,rcfopcitm,10,1,7,14.41
5000,1024,rcfopcitm,10,1,8,15.129999999999999
5000,1024,rcfopcitm,10,1,9,15.259999999999996
5000,1024,rcfopcitm,10,10,0,17.830000000000002
5000,1024,rcfopcitm,10,10,1,17.179999999999996
5000,1024,rcfopcitm,10,10,2,17.369999999999997
5000,1024,rcfopcitm,10,10,3,17.900000000000006
5000,1024,rcfopcitm,10,10,4,17.769999999999996
5000,1024,rcfopcitm,10,10,5,17.769999999999996
5000,1024,rcfopcitm,10,10,6,17.300000000000004
5000,1024,rcfopcitm,10,10,7,18.06
5000,1024,rcfopcitm,10,10,8,17.520000000000003
5000,1024,rcfopcitm,10,10,9,17.500000000000004
5000,1024,rcfopcitm,10,2,0,13.839999999999996
5000,1024,rcfopcitm,10,2,1,13.919999999999998
5000,1024,rcfopcitm,10,2,2,14.3
5000,1024,rcfopcitm,10,2,3,13.970000000000004
5000,1024,rcfopcitm,10,2,4,14.600000000000001
5000,1024,rcfopcitm,10,2,5,14.229999999999999
5000,1024,rcfopcitm,10,2,6,13.990000000000002
5000,1024,rcfopcitm,10,2,7,14.370000000000005
5000,1024,rcfopcitm,10,2,8,14.539999999999997
5000,1024,rcfopcitm,10,2,9,14.039999999999997
5000,1024,rcfopcitm,10,3,0,13.360000000000005
5000,1024,rcfopcitm,10,3,1,13.590000000000002
5000,1024,rcfopcitm,10,3,2,13.849999999999996
5000,1024,rcfopcitm,10,3,3,13.690000000000001
5000,1024,rcfopcitm,10,3,4,13.590000000000002
5000,1024,rcfopcitm,10,3,5,14.01
5000,1024,rcfopcitm,10,3,6,13.780000000000003
5000,1024,rcfopcitm,10,3,7,13.339999999999996
5000,1024,rcfopcitm,10,3,8,14.01
5000,1024,rcfopcitm,10,3,9,13.91
5000,1024,rcfopcitm,10,4,0,13.139999999999997
5000,1024,rcfopcitm,10,4,1,13.880000000000003
5000,1024,rcfopcitm,10,4,2,13.639999999999997
5000,1024,rcfopcitm,10,4,3,13.560000000000006
5000,1024,rcfopcitm,10,4,4,13.929999999999998
5000,1024,rcfopcitm,10,4,5,13.849999999999996
5000,1024,rcfopcitm,10,4,6,13.570000000000004
5000,1024,rcfopcitm,10,4,7,13.249999999999995
5000,1024,rcfopcitm,10,4,8,13.4
5000,1024,rcfopcitm,10,4,9,13.260000000000005
5000,1024,rcfopcitm,10,5,0,13.680000000000003
5000,1024,rcfopcitm,10,5,1,13.719999999999999
5000,1024,rcfopcitm,10,5,2,13.070000000000004
5000,1024,rcfopcitm,10,5,3,13.700000000000001
5000,1024,rcfopcitm,10,5,4,13.239999999999997
5000,1024,rcfopcitm,10,5,5,13.61
5000,1024,rcfopcitm,10,5,6,13.419999999999998
5000,1024,rcfopcitm,10,5,7,13.080000000000002
5000,1024,rcfopcitm,10,5,8,13.570000000000004
5000,1024,rcfopcitm,10,5,9,13.570000000000004
5000,1024,rcfopcitm,10,6,0,13.439999999999996
5000,1024,rcfopcitm,10,6,1,13.5
5000,1024,rcfopcitm,10,6,2,13.370000000000005
5000,1024,rcfopcitm,10,6,3,13.139999999999997
5000,1024,rcfopcitm,10,6,4,13.460000000000004
5000,1024,rcfopcitm,10,6,5,13.739999999999997
5000,1024,rcfopcitm,10,6,6,13.490000000000002
5000,1024,rcfopcitm,10,6,7,13.52
5000,1024,rcfopcitm,10,6,8,13.670000000000005
5000,1024,rcfopcitm,10,6,9,13.959999999999994
5000,1024,rcfopcitm,10,7,0,13.790000000000003
5000,1024,rcfopcitm,10,7,1,13.880000000000003
5000,1024,rcfopcitm,10,7,2,14.239999999999997
5000,1024,rcfopcitm,10,7,3,14.039999999999997
5000,1024,rcfopcitm,10,7,4,14.029999999999998
5000,1024,rcfopcitm,10,7,5,13.929999999999998
5000,1024,rcfopcitm,10,7,6,13.919999999999998
5000,1024,rcfopcitm,10,7,7,13.91
5000,1024,rcfopcitm,10,7,8,13.880000000000003
5000,1024,rcfopcitm,10,7,9,13.71
5000,1024,rcfopcitm,10,8,0,14.829999999999998
5000,1024,rcfopcitm,10,8,1,14.580000000000004
5000,1024,rcfopcitm,10,8,2,14.259999999999994
5000,1024,rcfopcitm,10,8,3,14.359999999999996
5000,1024,rcfopcitm,10,8,4,14.180000000000003
5000,1024,rcfopcitm,10,8,5,14.090000000000003
5000,1024,rcfopcitm,10,8,6,14.92
5000,1024,rcfopcitm,10,8,7,14.219999999999999
5000,1024,rcfopcitm,10,8,8,15.000000000000002
5000,1024,rcfopcitm,10,8,9,14.41
5000,1024,rcfopcitm,10,9,0,15.649999999999997
5000,1024,rcfopcitm,10,9,1,16.21
5000,1024,rcfopcitm,10,9,2,16.21
5000,1024,rcfopcitm,10,9,3,16.549999999999997
5000,1024,rcfopcitm,10,9,4,16.049999999999997
5000,1024,rcfopcitm,10,9,5,16.180000000000007
5000,1024,rcfopcitm,10,9,6,16.059999999999995
5000,1024,rcfopcitm,10,9,7,16.059999999999995
5000,1024,rcfopcitm,10,9,8,16.01
5000,1024,rcfopcitm,10,9,9,15.500000000000004
5000,1024,rcfopcitm,12,1,0,14.380000000000004
5000,1024,rcfopcitm,12,1,1,14.800000000000002
5000,1024,rcfopcitm,12,1,2,14.690000000000003
5000,1024,rcfopcitm,12,1,3,14.600000000000001
5000,1024,rcfopcitm,12,1,4,14.610000000000001
5000,1024,rcfopcitm,12,1,5,14.719999999999999
5000,1024,rcfopcitm,12,1,6,14.990000000000004
5000,1024,rcfopcitm,12,1,7,14.939999999999998
5000,1024,rcfopcitm,12,1,8,14.639999999999997
5000,1024,rcfopcitm,12,1,9,14.359999999999996
5000,1024,rcfopcitm,12,10,0,17.079999999999995
5000,1024,rcfopcitm,12,10,1,16.73
5000,1024,rcfopcitm,12,10,2,16.869999999999997
5000,1024,rcfopcitm,12,10,3,17.12
5000,1024,rcfopcitm,12,10,4,16.959999999999997
5000,1024,rcfopcitm,12,10,5,16.82
5000,1024,rcfopcitm,12,10,6,16.559999999999995
5000,1024,rcfopcitm,12,10,7,16.700000000000003
5000,1024,rcfopcitm,12,10,8,16.379999999999995
5000,1024,rcfopcitm,12,10,9,16.720000000000002
5000,1024,rcfopcitm,12,2,0,14.01
5000,1024,rcfopcitm,12,2,1,13.959999999999994
5000,1024,rcfopcitm,12,2,2,14.21
5000,1024,rcfopcitm,12,2,3,14.049999999999995
5000,1024,rcfopcitm,12,2,4,14.380000000000004
5000,1024,rcfopcitm,12,2,5,13.81
5000,1024,rcfopcitm,12,2,6,14.32
5000,1024,rcfopcitm,12,2,7,14.080000000000004
5000,1024,rcfopcitm,12,2,8,14.11
5000,1024,rcfopcitm,12,2,9,13.970000000000004
5000,1024,rcfopcitm,12,3,0,13.5
5000,1024,rcfopcitm,12,3,1,13.5
5000,1024,rcfopcitm,12,3,2,13.749999999999996
5000,1024,rcfopcitm,12,3,3,14.12
5000,1024,rcfopcitm,12,3,4,13.649999999999995
5000,1024,rcfopcitm,12,3,5,13.539999999999996
5000,1024,rcfopcitm,12,3,6,13.529999999999998
5000,1024,rcfopcitm,12,3,7,13.719999999999999
5000,1024,rcfopcitm,12,3,8,14.049999999999995
5000,1024,rcfopcitm,12,3,9,13.639999999999997
5000,1024,rcfopcitm,12,4,0,13.829999999999998
5000,1024,rcfopcitm,12,4,1,13.529999999999998
5000,1024,rcfopcitm,12,4,2,13.549999999999995
5000,1024,rcfopcitm,12,4,3,13.229999999999997
5000,1024,rcfopcitm,12,4,4,13.029999999999998
5000,1024,rcfopcitm,12,4,5,13.419999999999998
5000,1024,rcfopcitm,12,4,6,13.239999999999997
5000,1024,rcfopcitm,12,4,7,13.219999999999999
5000,1024,rcfopcitm,12,4,8,13.270000000000003
5000,1024,rcfopcitm,12,4,9,13.390000000000002
5000,1024,rcfopcitm,12,5,0,13.970000000000004
5000,1024,rcfopcitm,12,5,1,13.819999999999999
5000,1024,rcfopcitm,12,5,2,13.260000000000005
5000,1024,rcfopcitm,12,5,3,13.470000000000004
5000,1024,rcfopcitm,12,5,4,13.51
5000,1024,rcfopcitm,12,5,5,13.029999999999998
5000,1024,rcfopcitm,12,5,6,13.549999999999995
5000,1024,rcfopcitm,12,5,7,13.819999999999999
5000,1024,rcfopcitm,12,5,8,13.670000000000005
5000,1024,rcfopcitm,12,5,9,13.11
5000,1024,rcfopcitm,12,6,0,13.959999999999994
5000,1024,rcfopcitm,12,6,1,13.919999999999998
5000,1024,rcfopcitm,12,6,2,14.100000000000001
5000,1024,rcfopcitm,12,6,3,13.729999999999997
5000,1024,rcfopcitm,12,6,4,13.949999999999996
5000,1024,rcfopcitm,12,6,5,13.91
5000,1024,rcfopcitm,12,6,6,13.880000000000003
5000,1024,rcfopcitm,12,6,7,13.690000000000001
5000,1024,rcfopcitm,12,6,8,13.700000000000001
5000,1024,rcfopcitm,12,6,9,13.780000000000003
5000,1024,rcfopcitm,12,7,0,14.510000000000002
5000,1024,rcfopcitm,12,7,1,15.229999999999999
5000,1024,rcfopcitm,12,7,2,14.3
5000,1024,rcfopcitm,12,7,3,15.639999999999999
5000,1024,rcfopcitm,12,7,4,14.770000000000005
5000,1024,rcfopcitm,12,7,5,14.890000000000004
5000,1024,rcfopcitm,12,7,6,14.200000000000001
5000,1024,rcfopcitm,12,7,7,14.990000000000004
5000,1024,rcfopcitm,12,7,8,14.690000000000003
5000,1024,rcfopcitm,12,7,9,15.090000000000003
5000,1024,rcfopcitm,12,8,0,17.400000000000006
5000,1024,rcfopcitm,12,8,1,17.759999999999998
5000,1024,rcfopcitm,12,8,2,17.62
5000,1024,rcfopcitm,12,8,3,17.32
5000,1024,rcfopcitm,12,8,4,17.710000000000004
5000,1024,rcfopcitm,12,8,5,17.42
5000,1024,rcfopcitm,12,8,6,17.400000000000006
5000,1024,rcfopcitm,12,8,7,17.759999999999998
5000,1024,rcfopcitm,12,8,8,17.220000000000002
5000,1024,rcfopcitm,12,8,9,16.810000000000002
5000,1024,rcfopcitm,12,9,0,15.949999999999998
5000,1024,rcfopcitm,12,9,1,16.779999999999994
5000,1024,rcfopcitm,12,9,2,16.579999999999995
5000,1024,rcfopcitm,12,9,3,17.100000000000005
5000,1024,rcfopcitm,12,9,4,16.049999999999997
5000,1024,rcfopcitm,12,9,5,17.62
5000,1024,rcfopcitm,12,9,6,16.75
5000,1024,rcfopcitm,12,9,7,16.690000000000005
5000,1024,rcfopcitm,12,9,8,17.03
5000,1024,rcfopcitm,12,9,9,16.600000000000005
5000,1024,rcfopcitm,2,1,0,14.959999999999996
5000,1024,rcfopcitm,2,1,1,14.659999999999995
5000,1024,rcfopcitm,2,1,2,14.800000000000002
5000,1024,rcfopcitm,2,1,3,15.280000000000005
5000,1024,rcfopcitm,2,1,4,15.490000000000004
5000,1024,rcfopcitm,2,1,5,15.259999999999996
5000,1024,rcfopcitm,2,1,6,14.970000000000006
5000,1024,rcfopcitm,2,1,7,15.069999999999995
5000,1024,rcfopcitm,2,1,8,14.700000000000003
5000,1024,rcfopcitm,2,1,9,14.859999999999996
5000,1024,rcfopcitm,2,10,0,14.539999999999997
5000,1024,rcfopcitm,2,10,1,14.790000000000003
5000,1024,rcfopcitm,2,10,2,14.81
5000,1024,rcfopcitm,2,10,3,15.269999999999994
5000,1024,rcfopcitm,2,10,4,14.980000000000004
5000,1024,rcfopcitm,2,10,5,14.790000000000003
5000,1024,rcfopcitm,2,10,6,14.849999999999996
5000,1024,rcfopcitm,2,10,7,14.629999999999999
5000,1024,rcfopcitm,2,10,8,14.849999999999996
5000,1024,rcfopcitm,2,10,9,14.729999999999999
5000,1024,rcfopcitm,2,2,0,14.949999999999996
5000,1024,rcfopcitm,2,2,1,14.680000000000003
5000,1024,rcfopcitm,2,2,2,14.71
5000,1024,rcfopcitm,2,2,3,14.31
5000,1024,rcfopcitm,2,2,4,14.949999999999996
5000,1024,rcfopcitm,2,2,5,14.459999999999996
5000,1024,rcfopcitm,2,2,6,15.329999999999998
5000,1024,rcfopcitm,2,2,7,14.859999999999996
5000,1024,rcfopcitm,2,2,8,15.239999999999998
5000,1024,rcfopcitm,2,2,9,14.92
5000,1024,rcfopcitm,2,3,0,14.510000000000002
5000,1024,rcfopcitm,2,3,1,14.700000000000003
5000,1024,rcfopcitm,2,3,2,14.449999999999996
5000,1024,rcfopcitm,2,3,3,14.959999999999996
5000,1024,rcfopcitm,2,3,4,14.680000000000003
5000,1024,rcfopcitm,2,3,5,14.700000000000003
5000,1024,rcfopcitm,2,3,6,15.059999999999995
5000,1024,rcfopcitm,2,3,7,14.980000000000004
5000,1024,rcfopcitm,2,3,8,14.92
5000,1024,rcfopcitm,2,3,9,14.639999999999997
5000,1024,rcfopcitm,2,4,0,14.590000000000003
5000,1024,rcfopcitm,2,4,1,14.429999999999998
5000,1024,rcfopcitm,2,4,2,14.729999999999999
5000,1024,rcfopcitm,2,4,3,14.580000000000004
5000,1024,rcfopcitm,2,4,4,14.93
5000,1024,rcfopcitm,2,4,5,14.759999999999994
5000,1024,rcfopcitm,2,4,6,14.939999999999998
5000,1024,rcfopcitm,2,4,7,14.480000000000004
5000,1024,rcfopcitm,2,4,8,14.729999999999999
5000,1024,rcfopcitm,2,4,9,14.490000000000002
5000,1024,rcfopcitm,2,5,0,14.580000000000004
5000,1024,rcfopcitm,2,5,1,14.859999999999996
5000,1024,rcfopcitm,2,5,2,14.759999999999994
5000,1024,rcfopcitm,2,5,3,14.880000000000004
5000,1024,rcfopcitm,2,5,4,14.439999999999998
5000,1024,rcfopcitm,2,5,5,14.400000000000002
5000,1024,rcfopcitm,2,5,6,14.529999999999998
5000,1024,rcfopcitm,2,5,7,14.680000000000003
5000,1024,rcfopcitm,2,5,8,14.759999999999994
5000,1024,rcfopcitm,2,5,9,14.839999999999998
5000,1024,rcfopcitm,2,6,0,14.719999999999999
5000,1024,rcfopcitm,2,6,1,14.780000000000005
5000,1024,rcfopcitm,2,6,2,14.649999999999997
5000,1024,rcfopcitm,2,6,3,14.480000000000004
5000,1024,rcfopcitm,2,6,4,14.470000000000006
5000,1024,rcfopcitm,2,6,5,14.729999999999999
5000,1024,rcfopcitm,2,6,6,14.700000000000003
5000,1024,rcfopcitm,2,6,7,14.829999999999998
5000,1024,rcfopcitm,2,6,8,15.080000000000005
5000,1024,rcfopcitm,2,6,9,14.549999999999997
5000,1024,rcfopcitm,2,7,0,14.739999999999998
5000,1024,rcfopcitm,2,7,1,14.600000000000001
5000,1024,rcfopcitm,2,7,2,14.659999999999995
5000,1024,rcfopcitm,2,7,3,14.91
5000,1024,rcfopcitm,2,7,4,14.470000000000006
5000,1024,rcfopcitm,2,7,5,14.690000000000003
5000,1024,rcfopcitm,2,7,6,14.580000000000004
5000,1024,rcfopcitm,2,7,7,14.800000000000002
5000,1024,rcfopcitm,2,7,8,14.600000000000001
5000,1024,rcfopcitm,2,7,9,14.900000000000002
5000,1024,rcfopcitm,2,8,0,14.93
5000,1024,rcfopcitm,2,8,1,14.600000000000001
5000,1024,rcfopcitm,2,8,2,14.739999999999998
5000,1024,rcfopcitm,2,8,3,14.890000000000004
5000,1024,rcfopcitm,2,8,4,14.780000000000005
5000,1024,rcfopcitm,2,8,5,14.81
5000,1024,rcfopcitm,2,8,6,14.559999999999995
5000,1024,rcfopcitm,2,8,7,14.780000000000005
5000,1024,rcfopcitm,2,8,8,14.649999999999997
5000,1024,rcfopcitm,2,8,9,14.559999999999995
5000,1024,rcfopcitm,2,9,0,14.900000000000002
5000,1024,rcfopcitm,2,9,1,14.71
5000,1024,rcfopcitm,2,9,2,14.970000000000006
5000,1024,rcfopcitm,2,9,3,14.939999999999998
5000,1024,rcfopcitm,2,9,4,14.529999999999998
5000,1024,rcfopcitm,2,9,5,14.780000000000005
5000,1024,rcfopcitm,2,9,6,14.600000000000001
5000,1024,rcfopcitm,2,9,7,14.92
5000,1024,rcfopcitm,2,9,8,14.749999999999996
5000,1024,rcfopcitm,2,9,9,14.900000000000002
5000,1024,rcfopcitm,3,1,0,15.02
5000,1024,rcfopcitm,3,1,1,14.92
5000,1024,rcfopcitm,3,1,2,14.91
5000,1024,rcfopcitm,3,1,3,14.980000000000004
5000,1024,rcfopcitm,3,1,4,15.239999999999998
5000,1024,rcfopcitm,3,1,5,14.580000000000004
5000,1024,rcfopcitm,3,1,6,14.849999999999996
5000,1024,rcfopcitm,3,1,7,14.580000000000004
5000,1024,rcfopcitm,3,1,8,14.580000000000004
5000,1024,rcfopcitm,3,1,9,15.049999999999997
5000,1024,rcfopcitm,3,10,0,14.390000000000002
5000,1024,rcfopcitm,3,10,1,14.180000000000003
5000,1024,rcfopcitm,3,10,2,14.359999999999996
5000,1024,rcfopcitm,3,10,3,14.359999999999996
5000,1024,rcfopcitm,3,10,4,14.449999999999996
5000,1024,rcfopcitm,3,10,5,14.390000000000002
5000,1024,rcfopcitm,3,10,6,14.52
5000,1024,rcfopcitm,3,10,7,14.539999999999997
5000,1024,rcfopcitm,3,10,8,14.510000000000002
5000,1024,rcfopcitm,3,10,9,13.700000000000001
5000,1024,rcfopcitm,3,2,0,14.700000000000003
5000,1024,rcfopcitm,3,2,1,14.949999999999996
5000,1024,rcfopcitm,3,2,2,14.459999999999996
5000,1024,rcfopcitm,3,2,3,14.770000000000005
5000,1024,rcfopcitm,3,2,4,14.849999999999996
5000,1024,rcfopcitm,3,2,5,14.71
5000,1024,rcfopcitm,3,2,6,14.570000000000006
5000,1024,rcfopcitm,3,2,7,14.649999999999997
5000,1024,rcfopcitm,3,2,8,14.739999999999998
5000,1024,rcfopcitm,3,2,9,14.329999999999998
5000,1024,rcfopcitm,3,3,0,14.429999999999998
5000,1024,rcfopcitm,3,3,1,14.429999999999998
5000,1024,rcfopcitm,3,3,2,14.559999999999995
5000,1024,rcfopcitm,3,3,3,14.529999999999998
5000,1024,rcfopcitm,3,3,4,14.449999999999996
5000,1024,rcfopcitm,3,3,5,14.529999999999998
5000,1024,rcfopcitm,3,3,6,14.200000000000001
5000,1024,rcfopcitm,3,3,7,14.449999999999996
5000,1024,rcfopcitm,3,3,8,14.680000000000003
5000,1024,rcfopcitm,3,3,9,14.029999999999998
5000,1024,rcfopcitm,3,4,0,14.229999999999999
5000,1024,rcfopcitm,3,4,1,14.52
5000,1024,rcfopcitm,3,4,2,14.219999999999999
5000,1024,rcfopcitm,3,4,3,14.229999999999999
5000,1024,rcfopcitm,3,4,4,14.490000000000002
5000,1024,rcfopcitm,3,4,5,14.3
5000,1024,rcfopcitm,3,4,6,14.32
5000,1024,rcfopcitm,3,4,7,14.259999999999994
5000,1024,rcfopcitm,3,4,8,14.100000000000001
5000,1024,rcfopcitm,3,4,9,14.529999999999998
5000,1024,rcfopcitm,3,5,0,14.290000000000003
5000,1024,rcfopcitm,3,5,1,14.129999999999999
5000,1024,rcfopcitm,3,5,2,14.31
5000,1024,rcfopcitm,3,5,3,14.380000000000004
5000,1024,rcfopcitm,3,5,4,14.3
5000,1024,rcfopcitm,3,5,5,14.290000000000003
5000,1024,rcfopcitm,3,5,6,14.359999999999996
5000,1024,rcfopcitm,3,5,7,14.170000000000005
5000,1024,rcfopcitm,3,5,8,14.249999999999996
5000,1024,rcfopcitm,3,5,9,14.529999999999998
5000,1024,rcfopcitm,3,6,0,14.190000000000003
5000,1024,rcfopcitm,3,6,1,14.219999999999999
5000,1024,rcfopcitm,3,6,2,14.41
5000,1024,rcfopcitm,3,6,3,14.400000000000002
5000,1024,rcfopcitm,3,6,4,14.039999999999997
5000,1024,rcfopcitm,3,6,5,14.459999999999996
5000,1024,rcfopcitm,3,6,6,14.180000000000003
5000,1024,rcfopcitm,3,6,7,14.200000000000001
5000,1024,rcfopcitm,3,6,8,14.229999999999999
5000,1024,rcfopcitm,3,6,9,14.32
5000,1024,rcfopcitm,3,7,0,14.280000000000005
5000,1024,rcfopcitm,3,7,1,14.529999999999998
5000,1024,rcfopcitm,3,7,2,14.070000000000004
5000,1024,rcfopcitm,3,7,3,14.539999999999997
5000,1024,rcfopcitm,3,7,4,14.41
5000,1024,rcfopcitm,3,7,5,14.239999999999997
5000,1024,rcfopcitm,3,7,6,14.21
5000,1024,rcfopcitm,3,7,7,14.029999999999998
5000,1024,rcfopcitm,3,7,8,14.270000000000005
5000,1024,rcfopcitm,3,7,9,14.200000000000001
5000,1024,rcfopcitm,3,8,0,14.31
5000,1024,rcfopcitm,3,8,1,14.059999999999995
5000,1024,rcfopcitm,3,8,2,14.500000000000002
5000,1024,rcfopcitm,3,8,3,14.349999999999996
5000,1024,rcfopcitm,3,8,4,14.390000000000002
5000,1024,rcfopcitm,3,8,5,14.01
5000,1024,rcfopcitm,3,8,6,14.329999999999998
5000,1024,rcfopcitm,3,8,7,14.490000000000002
5000,1024,rcfopcitm,3,8,8,14.490000000000002
5000,1024,rcfopcitm,3,8,9,14.380000000000004
5000,1024,rcfopcitm,3,9,0,13.990000000000002
5000,1024,rcfopcitm,3,9,1,14.31
5000,1024,rcfopcitm,3,9,2,14.570000000000006
5000,1024,rcfopcitm,3,9,3,14.470000000000006
5000,1024,rcfopcitm,3,9,4,14.229999999999999
5000,1024,rcfopcitm,3,9,5,14.470000000000006
5000,1024,rcfopcitm,3,9,6,14.3
5000,1024,rcfopcitm,3,9,7,13.949999999999996
5000,1024,rcfopcitm,3,9,8,14.31
5000,1024,rcfopcitm,3,9,9,14.52
5000,1024,rcfopcitm,5,1,0,14.539999999999997
5000,1024,rcfopcitm,5,1,1,14.91
5000,1024,rcfopcitm,5,1,2,14.570000000000006
5000,1024,rcfopcitm,5,1,3,14.700000000000003
5000,1024,rcfopcitm,5,1,4,14.439999999999998
5000,1024,rcfopcitm,5,1,5,14.849999999999996
5000,1024,rcfopcitm,5,1,6,14.580000000000004
5000,1024,rcfopcitm,5,1,7,14.980000000000004
5000,1024,rcfopcitm,5,1,8,14.870000000000005
5000,1024,rcfopcitm,5,1,9,14.229999999999999
5000,1024,rcfopcitm,5,10,0,13.849999999999996
5000,1024,rcfopcitm,5,10,1,13.949999999999996
5000,1024,rcfopcitm,5,10,2,14.180000000000003
5000,1024,rcfopcitm,5,10,3,13.639999999999997
5000,1024,rcfopcitm,5,10,4,13.690000000000001
5000,1024,rcfopcitm,5,10,5,13.439999999999996
5000,1024,rcfopcitm,5,10,6,13.839999999999996
5000,1024,rcfopcitm,5,10,7,13.770000000000005
5000,1024,rcfopcitm,5,10,8,13.959999999999994
5000,1024,rcfopcitm,5,10,9,13.670000000000005
5000,1024,rcfopcitm,5,2,0,14.680000000000003
5000,1024,rcfopcitm,5,2,1,14.41
5000,1024,rcfopcitm,5,2,2,14.62
5000,1024,rcfopcitm,5,2,3,14.570000000000006
5000,1024,rcfopcitm,5,2,4,14.200000000000001
5000,1024,rcfopcitm,5,2,5,14.459999999999996
5000,1024,rcfopcitm,5,2,6,13.970000000000004
5000,1024,rcfopcitm,5,2,7,14.259999999999994
5000,1024,rcfopcitm,5,2,8,14.180000000000003
5000,1024,rcfopcitm,5,2,9,14.329999999999998
5000,1024,rcfopcitm,5,3,0,13.980000000000004
5000,1024,rcfopcitm,5,3,1,14.139999999999997
5000,1024,rcfopcitm,5,3,2,14.149999999999995
5000,1024,rcfopcitm,5,3,3,14.290000000000003
5000,1024,rcfopcitm,5,3,4,14.439999999999998
5000,1024,rcfopcitm,5,3,5,14.429999999999998
5000,1024,rcfopcitm,5,3,6,13.939999999999998
5000,1024,rcfopcitm,5,3,7,13.959999999999994
5000,1024,rcfopcitm,5,3,8,14.370000000000005
5000,1024,rcfopcitm,5,3,9,14.52
5000,1024,rcfopcitm,5,4,0,13.859999999999994
5000,1024,rcfopcitm,5,4,1,14.01
5000,1024,rcfopcitm,5,4,2,13.819999999999999
5000,1024,rcfopcitm,5,4,3,14.139999999999997
5000,1024,rcfopcitm,5,4,4,14.570000000000006
5000,1024,rcfopcitm,5,4,5,13.919999999999998
5000,1024,rcfopcitm,5,4,6,13.8
5000,1024,rcfopcitm,5,4,7,13.929999999999998
5000,1024,rcfopcitm,5,4,8,13.959999999999994
5000,1024,rcfopcitm,5,4,9,14.159999999999995
5000,1024,rcfopcitm,5,5,0,13.959999999999994
5000,1024,rcfopcitm,5,5,1,13.780000000000003
5000,1024,rcfopcitm,5,5,2,13.759999999999994
5000,1024,rcfopcitm,5,5,3,13.649999999999995
5000,1024,rcfopcitm,5,5,4,14.090000000000003
5000,1024,rcfopcitm,5,5,5,13.870000000000005
5000,1024,rcfopcitm,5,5,6,14.11
5000,1024,rcfopcitm,5,5,7,13.8
5000,1024,rcfopcitm,5,5,8,13.670000000000005
5000,1024,rcfopcitm,5,5,9,14.3
5000,1024,rcfopcitm,5,6,0,14.190000000000003
5000,1024,rcfopcitm,5,6,1,14.12
5000,1024,rcfopcitm,5,6,2,14.129999999999999
5000,1024,rcfopcitm,5,6,3,13.590000000000002
5000,1024,rcfopcitm,5,6,4,13.660000000000005
5000,1024,rcfopcitm,5,6,5,13.749999999999996
5000,1024,rcfopcitm,5,6,6,13.670000000000005
5000,1024,rcfopcitm,5,6,7,13.660000000000005
5000,1024,rcfopcitm,5,6,8,13.870000000000005
5000,1024,rcfopcitm,5,6,9,13.880000000000003
5000,1024,rcfopcitm,5,7,0,14.070000000000004
5000,1024,rcfopcitm,5,7,1,13.890000000000002
5000,1024,rcfopcitm,5,7,2,13.729999999999997
5000,1024,rcfopcitm,5,7,3,13.900000000000002
5000,1024,rcfopcitm,5,7,4,13.61
5000,1024,rcfopcitm,5,7,5,13.580000000000004
5000,1024,rcfopcitm,5,7,6,13.8
5000,1024,rcfopcitm,5,7,7,14.000000000000002
5000,1024,rcfopcitm,5,7,8,13.319999999999999
5000,1024,rcfopcitm,5,7,9,13.670000000000005
5000,1024,rcfopcitm,5,8,0,14.049999999999995
5000,1024,rcfopcitm,5,8,1,13.5
5000,1024,rcfopcitm,5,8,2,13.8
5000,1024,rcfopcitm,5,8,3,14.039999999999997
5000,1024,rcfopcitm,5,8,4,13.3
5000,1024,rcfopcitm,5,8,5,13.570000000000004
5000,1024,rcfopcitm,5,8,6,14.039999999999997
5000,1024,rcfopcitm,5,8,7,13.739999999999997
5000,1024,rcfopcitm,5,8,8,13.690000000000001
5000,1024,rcfopcitm,5,8,9,13.770000000000005
5000,1024,rcfopcitm,5,9,0,13.460000000000004
5000,1024,rcfopcitm,5,9,1,13.580000000000004
5000,1024,rcfopcitm,5,9,2,13.439999999999996
5000,1024,rcfopcitm,5,9,3,13.61
5000,1024,rcfopcitm,5,9,4,14.039999999999997
5000,1024,rcfopcitm,5,9,5,14.039999999999997
5000,1024,rcfopcitm,5,9,6,13.890000000000002
5000,1024,rcfopcitm,5,9,7,13.51
5000,1024,rcfopcitm,5,9,8,13.629999999999997
5000,1024,rcfopcitm,5,9,9,13.91
5000,1024,rcfopcitm,7,1,0,14.549999999999997
5000,1024,rcfopcitm,7,1,1,15.110000000000001
5000,1024,rcfopcitm,7,1,2,14.52
5000,1024,rcfopcitm,7,1,3,14.32
5000,1024,rcfopcitm,7,1,4,14.780000000000005
5000,1024,rcfopcitm,7,1,5,14.790000000000003
5000,1024,rcfopcitm,7,1,6,14.100000000000001
5000,1024,rcfopcitm,7,1,7,15.459999999999996
5000,1024,rcfopcitm,7,1,8,14.859999999999996
5000,1024,rcfopcitm,7,1,9,14.32
5000,1024,rcfopcitm,7,10,0,14.200000000000001
5000,1024,rcfopcitm,7,10,1,14.490000000000002
5000,1024,rcfopcitm,7,10,2,14.52
5000,1024,rcfopcitm,7,10,3,14.21
5000,1024,rcfopcitm,7,10,4,14.070000000000004
5000,1024,rcfopcitm,7,10,5,14.229999999999999
5000,1024,rcfopcitm,7,10,6,13.929999999999998
5000,1024,rcfopcitm,7,10,7,14.349999999999996
5000,1024,rcfopcitm,7,10,8,14.12
5000,1024,rcfopcitm,7,10,9,14.729999999999999
5000,1024,rcfopcitm,7,2,0,14.200000000000001
5000,1024,rcfopcitm,7,2,1,14.649999999999997
5000,1024,rcfopcitm,7,2,2,13.91
5000,1024,rcfopcitm,7,2,3,14.31
5000,1024,rcfopcitm,7,2,4,13.890000000000002
5000,1024,rcfopcitm,7,2,5,14.52
5000,1024,rcfopcitm,7,2,6,14.100000000000001
5000,1024,rcfopcitm,7,2,7,14.239999999999997
5000,1024,rcfopcitm,7,2,8,14.52
5000,1024,rcfopcitm,7,2,9,14.280000000000005
5000,1024,rcfopcitm,7,3,0,13.919999999999998
5000,1024,rcfopcitm,7,3,1,13.990000000000002
5000,1024,rcfopcitm,7,3,2,14.01
5000,1024,rcfopcitm,7,3,3,14.12
5000,1024,rcfopcitm,7,3,4,13.529999999999998
5000,1024,rcfopcitm,7,3,5,14.459999999999996
5000,1024,rcfopcitm,7,3,6,14.090000000000003
5000,1024,rcfopcitm,7,3,7,13.970000000000004
5000,1024,rcfopcitm,7,3,8,13.749999999999996
5000,1024,rcfopcitm,7,3,9,13.919999999999998
5000,1024,rcfopcitm,7,4,0,13.680000000000003
5000,1024,rcfopcitm,7,4,1,13.52
5000,1024,rcfopcitm,7,4,2,14.049999999999995
5000,1024,rcfopcitm,7,4,3,13.590000000000002
5000,1024,rcfopcitm,7,4,4,13.639999999999997
5000,1024,rcfopcitm,7,4,5,14.380000000000004
5000,1024,rcfopcitm,7,4,6,13.460000000000004
5000,1024,rcfopcitm,7,4,7,13.680000000000003
5000,1024,rcfopcitm,7,4,8,13.770000000000005
5000,1024,rcfopcitm,7,4,9,14.049999999999995
5000,1024,rcfopcitm,7,5,0,13.539999999999996
5000,1024,rcfopcitm,7,5,1,14.259999999999994
5000,1024,rcfopcitm,7,5,2,13.149999999999995
5000,1024,rcfopcitm,7,5,3,13.849999999999996
5000,1024,rcfopcitm,7,5,4,13.749999999999996
5000,1024,rcfopcitm,7,5,5,13.870000000000005
5000,1024,rcfopcitm,7,5,6,13.649999999999995
5000,1024,rcfopcitm,7,5,7,13.539999999999996
5000,1024,rcfopcitm,7,5,8,13.670000000000005
5000,1024,rcfopcitm,7,5,9,13.5
5000,1024,rcfopcitm,7,6,0,13.719999999999999
5000,1024,rcfopcitm,7,6,1,13.370000000000005
5000,1024,rcfopcitm,7,6,2,13.759999999999994
5000,1024,rcfopcitm,7,6,3,13.360000000000005
5000,1024,rcfopcitm,7,6,4,13.61
5000,1024,rcfopcitm,7,6,5,13.590000000000002
5000,1024,rcfopcitm,7,6,6,13.370000000000005
5000,1024,rcfopcitm,7,6,7,13.229999999999997
5000,1024,rcfopcitm,7,6,8,14.180000000000003
5000,1024,rcfopcitm,7,6,9,13.62
5000,1024,rcfopcitm,7,7,0,13.290000000000003
5000,1024,rcfopcitm,7,7,1,13.949999999999996
5000,1024,rcfopcitm,7,7,2,13.339999999999996
5000,1024,rcfopcitm,7,7,3,13.170000000000003
5000,1024,rcfopcitm,7,7,4,13.460000000000004
5000,1024,rcfopcitm,7,7,5,13.629999999999997
5000,1024,rcfopcitm,7,7,6,13.4
5000,1024,rcfopcitm,7,7,7,13.849999999999996
5000,1024,rcfopcitm,7,7,8,13.539999999999996
5000,1024,rcfopcitm,7,7,9,13.549999999999995
5000,1024,rcfopcitm,7,8,0,13.890000000000002
5000,1024,rcfopcitm,7,8,1,13.329999999999998
5000,1024,rcfopcitm,7,8,2,14.11
5000,1024,rcfopcitm,7,8,3,13.560000000000006
5000,1024,rcfopcitm,7,8,4,13.51
5000,1024,rcfopcitm,7,8,5,13.460000000000004
5000,1024,rcfopcitm,7,8,6,13.380000000000003
5000,1024,rcfopcitm,7,8,7,13.600000000000001
5000,1024,rcfopcitm,7,8,8,13.649999999999995
5000,1024,rcfopcitm,7,8,9,13.919999999999998
5000,1024,rcfopcitm,7,9,0,14.02
5000,1024,rcfopcitm,7,9,1,14.170000000000005
5000,1024,rcfopcitm,7,9,2,13.880000000000003
5000,1024,rcfopcitm,7,9,3,13.81
5000,1024,rcfopcitm,7,9,4,14.170000000000005
5000,1024,rcfopcitm,7,9,5,14.039999999999997
5000,1024,rcfopcitm,7,9,6,13.729999999999997
5000,1024,rcfopcitm,7,9,7,14.100000000000001
5000,1024,rcfopcitm,7,9,8,14.139999999999997
5000,1024,rcfopcitm,7,9,9,14.029999999999998
5000,128,fwd,,,0,14.32
5000,128,fwd,,,1,14.71
5000,128,fwd,,,2,14.42
5000,128,fwd,,,3,14.790000000000003
5000,128,fwd,,,4,14.000000000000002
5000,128,fwd,,,5,14.859999999999996
5000,128,fwd,,,6,14.690000000000003
5000,128,fwd,,,7,14.039999999999997
5000,128,fwd,,,8,14.449999999999996
5000,128,fwd,,,9,14.339999999999996
5000,128,rcfopcitm,10,1,0,14.359999999999996
5000,128,rcfopcitm,10,1,1,14.700000000000003
5000,128,rcfopcitm,10,1,2,13.839999999999996
5000,128,rcfopcitm,10,1,3,14.01
5000,128,rcfopcitm,10,1,4,14.190000000000003
5000,128,rcfopcitm,10,1,5,14.570000000000006
5000,128,rcfopcitm,10,1,6,14.349999999999996
5000,128,rcfopcitm,10,1,7,14.890000000000004
5000,128,rcfopcitm,10,1,8,14.480000000000004
5000,128,rcfopcitm,10,1,9,14.590000000000003
5000,128,rcfopcitm,10,10,0,18.300000000000004
5000,128,rcfopcitm,10,10,1,18.269999999999996
5000,128,rcfopcitm,10,10,2,18.03
5000,128,rcfopcitm,10,10,3,18.759999999999998
5000,128,rcfopcitm,10,10,4,17.700000000000003
5000,128,rcfopcitm,10,10,5,18.400000000000006
5000,128,rcfopcitm,10,10,6,18.410000000000004
5000,128,rcfopcitm,10,10,7,18.03
5000,128,rcfopcitm,10,10,8,18.179999999999996
5000,128,rcfopcitm,10,10,9,18.620000000000005
5000,128,rcfopcitm,10,2,0,13.970000000000004
5000,128,rcfopcitm,10,2,1,14.670000000000005
5000,128,rcfopcitm,10,2,2,14.749999999999996
5000,128,rcfopcitm,10,2,3,14.870000000000005
5000,128,rcfopcitm,10,2,4,14.449999999999996
5000,128,rcfopcitm,10,2,5,14.549999999999997
5000,128,rcfopcitm,10,2,6,14.349999999999996
5000,128,rcfopcitm,10,2,7,14.639999999999997
5000,128,rcfopcitm,10,2,8,14.139999999999997
5000,128,rcfopcitm,10,2,9,14.719999999999999
5000,128,rcfopcitm,10,3,0,14.62
5000,128,rcfopcitm,10,3,1,15.069999999999995
5000,128,rcfopcitm,10,3,2,15.180000000000005
5000,128,rcfopcitm,10,3,3,14.729999999999999
5000,128,rcfopcitm,10,3,4,15.010000000000002
5000,128,rcfopcitm,10,3,5,14.449999999999996
5000,128,rcfopcitm,10,3,6,15.090000000000003
5000,128,rcfopcitm,10,3,7,15.369999999999994
5000,128,rcfopcitm,10,3,8,14.470000000000006
5000,128,rcfopcitm,10,3,9,14.180000000000003
5000,128,rcfopcitm,10,4,0,15.059999999999995
5000,128,rcfopcitm,10,4,1,15.600000000000003
5000,128,rcfopcitm,10,4,2,14.900000000000002
5000,128,rcfopcitm,10,4,3,15.410000000000002
5000,128,rcfopcitm,10,4,4,14.900000000000002
5000,128,rcfopcitm,10,4,5,15.069999999999995
5000,128,rcfopcitm,10,4,6,15.190000000000003
5000,128,rcfopcitm,10,4,7,14.81
5000,128,rcfopcitm,10,4,8,15.390000000000004
5000,128,rcfopcitm,10,4,9,15.410000000000002
5000,128,rcfopcitm,10,5,0,16.769999999999996
5000,128,rcfopcitm,10,5,1,16.790000000000006
5000,128,rcfopcitm,10,5,2,17.23
5000,128,rcfopcitm,10,5,3,16.849999999999998
5000,128,rcfopcitm,10,5,4,17.500000000000004
5000,128,rcfopcitm,10,5,5,16.810000000000002
5000,128,rcfopcitm,10,5,6,17.290000000000006
5000,128,rcfopcitm,10,5,7,16.830000000000002
5000,128,rcfopcitm,10,5,8,17.069999999999997
5000,128,rcfopcitm,10,5,9,16.869999999999997
5000,128,rcfopcitm,10,6,0,17.24
5000,128,rcfopcitm,10,6,1,17.800000000000004
5000,128,rcfopcitm,10,6,2,17.579999999999995
5000,128,rcfopcitm,10,6,3,17.589999999999996
5000,128,rcfopcitm,10,6,4,17.669999999999998
5000,128,rcfopcitm,10,6,5,17.410000000000004
5000,128,rcfopcitm,10,6,6,17.45
5000,128,rcfopcitm,10,6,7,17.410000000000004
5000,128,rcfopcitm,10,6,8,17.520000000000003
5000,128,rcfopcitm,10,6,9,17.469999999999995
5000,128,rcfopcitm,10,7,0,17.92
5000,128,rcfopcitm,10,7,1,17.849999999999998
5000,128,rcfopcitm,10,7,2,18.189999999999994
5000,128,rcfopcitm,10,7,3,18.04
5000,128,rcfopcitm,10,7,4,18.06
5000,128,rcfopcitm,10,7,5,18.069999999999997
5000,128,rcfopcitm,10,7,6,18.179999999999996
5000,128,rcfopcitm,10,7,7,18.120000000000005
5000,128,rcfopcitm,10,7,8,17.92
5000,128,rcfopcitm,10,7,9,18.04
5000,128,rcfopcitm,10,8,0,18.389999999999993
5000,128,rcfopcitm,10,8,1,18.379999999999995
5000,128,rcfopcitm,10,8,2,18.600000000000005
5000,128,rcfopcitm,10,8,3,18.75
5000,128,rcfopcitm,10,8,4,18.220000000000002
5000,128,rcfopcitm,10,8,5,18.879999999999995
5000,128,rcfopcitm,10,8,6,18.700000000000006
5000,128,rcfopcitm,10,8,7,18.459999999999997
5000,128,rcfopcitm,10,8,8,18.120000000000005
5000,128,rcfopcitm,10,8,9,18.700000000000006
5000,128,rcfopcitm,10,9,0,18.44
5000,128,rcfopcitm,10,9,1,17.979999999999997
5000,128,rcfopcitm,10,9,2,18.25
5000,128,rcfopcitm,10,9,3,19.099999999999994
5000,128,rcfopcitm,10,9,4,17.830000000000002
5000,128,rcfopcitm,10,9,5,17.889999999999993
5000,128,rcfopcitm,10,9,6,18.600000000000005
5000,128,rcfopcitm,10,9,7,18.600000000000005
5000,128,rcfopcitm,10,9,8,17.849999999999998
5000,128,rcfopcitm,10,9,9,17.93
5000,128,rcfopcitm,12,1,0,14.490000000000002
5000,128,rcfopcitm,12,1,1,14.800000000000002
5000,128,rcfopcitm,12,1,2,14.470000000000006
5000,128,rcfopcitm,12,1,3,14.390000000000002
5000,128,rcfopcitm,12,1,4,14.390000000000002
5000,128,rcfopcitm,12,1,5,13.959999999999994
5000,128,rcfopcitm,12,1,6,14.170000000000005
5000,128,rcfopcitm,12,1,7,13.719999999999999
5000,128,rcfopcitm,12,1,8,14.229999999999999
5000,128,rcfopcitm,12,1,9,14.510000000000002
5000,128,rcfopcitm,12,10,0,18.289999999999996
5000,128,rcfopcitm,12,10,1,18.730000000000004
5000,128,rcfopcitm,12,10,2,18.379999999999995
5000,128,rcfopcitm,12,10,3,18.779999999999998
5000,128,rcfopcitm,12,10,4,17.93
5000,128,rcfopcitm,12,10,5,18.34
5000,128,rcfopcitm,12,10,6,18.64
5000,128,rcfopcitm,12,10,7,17.589999999999996
5000,128,rcfopcitm,12,10,8,18.35
5000,128,rcfopcitm,12,10,9,18.35
5000,128,rcfopcitm,12,2,0,14.190000000000003
5000,128,rcfopcitm,12,2,1,14.270000000000005
5000,128,rcfopcitm,12,2,2,14.539999999999997
5000,128,rcfopcitm,12,2,3,14.729999999999999
5000,128,rcfopcitm,12,2,4,14.510000000000002
5000,128,rcfopcitm,12,2,5,14.659999999999995
5000,128,rcfopcitm,12,2,6,14.690000000000003
5000,128,rcfopcitm,12,2,7,14.739999999999998
5000,128,rcfopcitm,12,2,8,14.149999999999995
5000,128,rcfopcitm,12,2,9,14.780000000000005
5000,128,rcfopcitm,12,3,0,14.439999999999998
5000,128,rcfopcitm,12,3,1,14.52
5000,128,rcfopcitm,12,3,2,14.880000000000004
5000,128,rcfopcitm,12,3,3,14.759999999999994
5000,128,rcfopcitm,12,3,4,15.010000000000002
5000,128,rcfopcitm,12,3,5,14.600000000000001
5000,128,rcfopcitm,12,3,6,14.82
5000,128,rcfopcitm,12,3,7,14.880000000000004
5000,128,rcfopcitm,12,3,8,14.890000000000004
5000,128,rcfopcitm,12,3,9,14.339999999999996
5000,128,rcfopcitm,12,4,0,16.33
5000,128,rcfopcitm,12,4,1,16.520000000000003
5000,128,rcfopcitm,12,4,2,16.459999999999997
5000,128,rcfopcitm,12,4,3,16.12
5000,128,rcfopcitm,12,4,4,16.12
5000,128,rcfopcitm,12,4,5,16.359999999999996
5000,128,rcfopcitm,12,4,6,16.63
5000,128,rcfopcitm,12,4,7,15.849999999999998
5000,128,rcfopcitm,12,4,8,16.469999999999995
5000,128,rcfopcitm,12,4,9,16.410000000000004
5000,128,rcfopcitm,12,5,0,16.810000000000002
5000,128,rcfopcitm,12,5,1,17.379999999999995
5000,128,rcfopcitm,12,5,2,17.12
5000,128,rcfopcitm,12,5,3,16.290000000000006
5000,128,rcfopcitm,12,5,4,17.06
5000,128,rcfopcitm,12,5,5,17.12
5000,128,rcfopcitm,12,5,6,16.71
5000,128,rcfopcitm,12,5,7,16.969999999999995
5000,128,rcfopcitm,12,5,8,16.979999999999997
5000,128,rcfopcitm,12,5,9,16.82
5000,128,rcfopcitm,12,6,0,17.879999999999995
5000,128,rcfopcitm,12,6,1,17.849999999999998
5000,128,rcfopcitm,12,6,2,17.95
5000,128,rcfopcitm,12,6,3,17.820000000000004
5000,128,rcfopcitm,12,6,4,17.84
5000,128,rcfopcitm,12,6,5,18.130000000000003
5000,128,rcfopcitm,12,6,6,17.459999999999997
5000,128,rcfopcitm,12,6,7,18.179999999999996
5000,128,rcfopcitm,12,6,8,18.05
5000,128,rcfopcitm,12,6,9,18.079999999999995
5000,128,rcfopcitm,12,7,0,18.620000000000005
5000,128,rcfopcitm,12,7,1,18.279999999999998
5000,128,rcfopcitm,12,7,2,18.279999999999998
5000,128,rcfopcitm,12,7,3,17.910000000000004
5000,128,rcfopcitm,12,7,4,17.869999999999997
5000,128,rcfopcitm,12,7,5,18.740000000000002
5000,128,rcfopcitm,12,7,6,18.42
5000,128,rcfopcitm,12,7,7,18.279999999999998
5000,128,rcfopcitm,12,7,8,18.44
5000,128,rcfopcitm,12,7,9,18.220000000000002
5000,128,rcfopcitm,12,8,0,18.179999999999996
5000,128,rcfopcitm,12,8,1,18.25
5000,128,rcfopcitm,12,8,2,17.53
5000,128,rcfopcitm,12,8,3,17.510000000000005
5000,128,rcfopcitm,12,8,4,18.15
5000,128,rcfopcitm,12,8,5,18.600000000000005
5000,128,rcfopcitm,12,8,6,18.610000000000003
5000,128,rcfopcitm,12,8,7,18.600000000000005
5000,128,rcfopcitm,12,8,8,18.320000000000004
5000,128,rcfopcitm,12,8,9,19.169999999999998
5000,128,rcfopcitm,12,9,0,18.069999999999997
5000,128,rcfopcitm,12,9,1,17.979999999999997
5000,128,rcfopcitm,12,9,2,18.179999999999996
5000,128,rcfopcitm,12,9,3,18.279999999999998
5000,128,rcfopcitm,12,9,4,18.730000000000004
5000,128,rcfopcitm,12,9,5,18.05
5000,128,rcfopcitm,12,9,6,17.97
5000,128,rcfopcitm,12,9,7,18.42
5000,128,rcfopcitm,12,9,8,17.879999999999995
5000,128,rcfopcitm,12,9,9,18.069999999999997
5000,128,rcfopcitm,2,1,0,15.03
5000,128,rcfopcitm,2,1,1,13.900000000000002
5000,128,rcfopcitm,2,1,2,14.390000000000002
5000,128,rcfopcitm,2,1,3,14.629999999999999
5000,128,rcfopcitm,2,1,4,14.549999999999997
5000,128,rcfopcitm,2,1,5,14.629999999999999
5000,128,rcfopcitm,2,1,6,14.290000000000003
5000,128,rcfopcitm,2,1,7,14.129999999999999
5000,128,rcfopcitm,2,1,8,14.12
5000,128,rcfopcitm,2,1,9,14.41
5000,128,rcfopcitm,2,10,0,14.559999999999995
5000,128,rcfopcitm,2,10,1,14.829999999999998
5000,128,rcfopcitm,2,10,2,14.700000000000003
5000,128,rcfopcitm,2,10,3,14.539999999999997
5000,128,rcfopcitm,2,10,4,14.080000000000004
5000,128,rcfopcitm,2,10,5,14.149999999999995
5000,128,rcfopcitm,2,10,6,14.91
5000,128,rcfopcitm,2,10,7,14.559999999999995
5000,128,rcfopcitm,2,10,8,14.770000000000005
5000,128,rcfopcitm,2,10,9,14.790000000000003
5000,128,rcfopcitm,2,2,0,14.249999999999996
5000,128,rcfopcitm,2,2,1,14.500000000000002
5000,128,rcfopcitm,2,2,2,14.859999999999996
5000,128,rcfopcitm,2,2,3,14.349999999999996
5000,128,rcfopcitm,2,2,4,13.8
5000,128,rcfopcitm,2,2,5,14.349999999999996
5000,128,rcfopcitm,2,2,6,14.62
5000,128,rcfopcitm,2,2,7,14.170000000000005
5000,128,rcfopcitm,2,2,8,14.82
5000,128,rcfopcitm,2,2,9,14.559999999999995
5000,128,rcfopcitm,2,3,0,14.339999999999996
5000,128,rcfopcitm,2,3,1,14.31
5000,128,rcfopcitm,2,3,2,14.91
5000,128,rcfopcitm,2,3,3,14.100000000000001
5000,128,rcfopcitm,2,3,4,14.729999999999999
5000,128,rcfopcitm,2,3,5,14.390000000000002
5000,128,rcfopcitm,2,3,6,13.690000000000001
5000,128,rcfopcitm,2,3,7,14.600000000000001
5000,128,rcfopcitm,2,3,8,14.749999999999996
5000,128,rcfopcitm,2,3,9,14.449999999999996
5000,128,rcfopcitm,2,4,0,14.200000000000001
5000,128,rcfopcitm,2,4,1,14.510000000000002
5000,128,rcfopcitm,2,4,2,14.780000000000005
5000,128,rcfopcitm,2,4,3,14.02
5000,128,rcfopcitm,2,4,4,14.329999999999998
5000,128,rcfopcitm,2,4,5,13.849999999999996
5000,128,rcfopcitm,2,4,6,14.52
5000,128,rcfopcitm,2,4,7,14.400000000000002
5000,128,rcfopcitm,2,4,8,14.93
5000,128,rcfopcitm,2,4,9,14.719999999999999
5000,128,rcfopcitm,2,5,0,14.359999999999996
5000,128,rcfopcitm,2,5,1,14.500000000000002
5000,128,rcfopcitm,2,5,2,14.510000000000002
5000,128,rcfopcitm,2,5,3,14.41
5000,128,rcfopcitm,2,5,4,14.729999999999999
5000,128,rcfopcitm,2,5,5,14.02
5000,128,rcfopcitm,2,5,6,14.729999999999999
5000,128,rcfopcitm,2,5,7,14.62
5000,128,rcfopcitm,2,5,8,14.52
5000,128,rcfopcitm,2,5,9,13.829999999999998
5000,128,rcfopcitm,2,6,0,14.549999999999997
5000,128,rcfopcitm,2,6,1,14.759999999999994
5000,128,rcfopcitm,2,6,2,14.729999999999999
5000,128,rcfopcitm,2,6,3,14.770000000000005
5000,128,rcfopcitm,2,6,4,13.780000000000003
5000,128,rcfopcitm,2,6,5,14.559999999999995
5000,128,rcfopcitm,2,6,6,14.090000000000003
5000,128,rcfopcitm,2,6,7,14.529999999999998
5000,128,rcfopcitm,2,6,8,14.339999999999996
5000,128,rcfopcitm,2,6,9,14.259999999999994
5000,128,rcfopcitm,2,7,0,14.139999999999997
5000,128,rcfopcitm,2,7,1,14.62
5000,128,rcfopcitm,2,7,2,14.390000000000002
5000,128,rcfopcitm,2,7,3,14.359999999999996
5000,128,rcfopcitm,2,7,4,14.470000000000006
5000,128,rcfopcitm,2,7,5,14.41
5000,128,rcfopcitm,2,7,6,14.890000000000004
5000,128,rcfopcitm,2,7,7,13.959999999999994
5000,128,rcfopcitm,2,7,8,14.739999999999998
5000,128,rcfopcitm,2,7,9,14.490000000000002
5000,128,rcfopcitm,2,8,0,14.629999999999999
5000,128,rcfopcitm,2,8,1,14.649999999999997
5000,128,rcfopcitm,2,8,2,14.500000000000002
5000,128,rcfopcitm,2,8,3,14.190000000000003
5000,128,rcfopcitm,2,8,4,14.839999999999998
5000,128,rcfopcitm,2,8,5,14.070000000000004
5000,128,rcfopcitm,2,8,6,14.549999999999997
5000,128,rcfopcitm,2,8,7,14.339999999999996
5000,128,rcfopcitm,2,8,8,14.670000000000005
5000,128,rcfopcitm,2,8,9,14.549999999999997
5000,128,rcfopcitm,2,9,0,14.62
5000,128,rcfopcitm,2,9,1,14.500000000000002
5000,128,rcfopcitm,2,9,2,14.71
5000,128,rcfopcitm,2,9,3,14.759999999999994
5000,128,rcfopcitm,2,9,4,14.039999999999997
5000,128,rcfopcitm,2,9,5,14.649999999999997
5000,128,rcfopcitm,2,9,6,14.659999999999995
5000,128,rcfopcitm,2,9,7,14.649999999999997
5000,128,rcfopcitm,2,9,8,14.690000000000003
5000,128,rcfopcitm,2,9,9,14.21
5000,128,rcfopcitm,3,1,0,13.980000000000004
5000,128,rcfopcitm,3,1,1,14.080000000000004
5000,128,rcfopcitm,3,1,2,14.729999999999999
5000,128,rcfopcitm,3,1,3,14.449999999999996
5000,128,rcfopcitm,3,1,4,14.680000000000003
5000,128,rcfopcitm,3,1,5,13.890000000000002
5000,128,rcfopcitm,3,1,6,14.539999999999997
5000,128,rcfopcitm,3,1,7,14.249999999999996
5000,128,rcfopcitm,3,1,8,14.870000000000005
5000,128,rcfopcitm,3,1,9,14.559999999999995
5000,128,rcfopcitm,3,10,0,14.719999999999999
5000,128,rcfopcitm,3,10,1,14.780000000000005
5000,128,rcfopcitm,3,10,2,15.21
5000,128,rcfopcitm,3,10,3,15.039999999999997
5000,128,rcfopcitm,3,10,4,14.990000000000004
5000,128,rcfopcitm,3,10,5,14.690000000000003
5000,128,rcfopcitm,3,10,6,15.159999999999997
5000,128,rcfopcitm,3,10,7,14.900000000000002
5000,128,rcfopcitm,3,10,8,14.949999999999996
5000,128,rcfopcitm,3,10,9,15.049999999999997
5000,128,rcfopcitm,3,2,0,14.610000000000001
5000,128,rcfopcitm,3,2,1,14.31
5000,128,rcfopcitm,3,2,2,14.729999999999999
5000,128,rcfopcitm,3,2,3,14.52
5000,128,rcfopcitm,3,2,4,14.570000000000006
5000,128,rcfopcitm,3,2,5,14.11
5000,128,rcfopcitm,3,2,6,14.700000000000003
5000,128,rcfopcitm,3,2,7,14.219999999999999
5000,128,rcfopcitm,3,2,8,14.470000000000006
5000,128,rcfopcitm,3,2,9,14.059999999999995
5000,128,rcfopcitm,3,3,0,14.590000000000003
5000,128,rcfopcitm,3,3,1,14.610000000000001
5000,128,rcfopcitm,3,3,2,14.370000000000005
5000,128,rcfopcitm,3,3,3,13.880000000000003
5000,128,rcfopcitm,3,3,4,14.82
5000,128,rcfopcitm,3,3,5,14.610000000000001
5000,128,rcfopcitm,3,3,6,14.080000000000004
5000,128,rcfopcitm,3,3,7,14.770000000000005
5000,128,rcfopcitm,3,3,8,14.249999999999996
5000,128,rcfopcitm,3,3,9,14.500000000000002
5000,128,rcfopcitm,3,4,0,14.71
5000,128,rcfopcitm,3,4,1,14.400000000000002
5000,128,rcfopcitm,3,4,2,14.3
5000,128,rcfopcitm,3,4,3,14.62
5000,128,rcfopcitm,3,4,4,14.11
5000,128,rcfopcitm,3,4,5,13.970000000000004
5000,128,rcfopcitm,3,4,6,14.580000000000004
5000,128,rcfopcitm,3,4,7,14.719999999999999
5000,128,rcfopcitm,3,4,8,14.859999999999996
5000,128,rcfopcitm,3,4,9,14.370000000000005
5000,128,rcfopcitm,3,5,0,14.610000000000001
5000,128,rcfopcitm,3,5,1,14.729999999999999
5000,128,rcfopcitm,3,5,2,14.580000000000004
5000,128,rcfopcitm,3,5,3,14.939999999999998
5000,128,rcfopcitm,3,5,4,14.700000000000003
5000,128,rcfopcitm,3,5,5,14.290000000000003
5000,128,rcfopcitm,3,5,6,14.12
5000,128,rcfopcitm,3,5,7,14.500000000000002
5000,128,rcfopcitm,3,5,8,14.510000000000002
5000,128,rcfopcitm,3,5,9,14.780000000000005
5000,128,rcfopcitm,3,6,0,14.559999999999995
5000,128,rcfopcitm,3,6,1,14.510000000000002
5000,128,rcfopcitm,3,6,2,14.449999999999996
5000,128,rcfopcitm,3,6,3,14.680000000000003
5000,128,rcfopcitm,3,6,4,14.839999999999998
5000,128,rcfopcitm,3,6,5,14.600000000000001
5000,128,rcfopcitm,3,6,6,14.82
5000,128,rcfopcitm,3,6,7,14.539999999999997
5000,128,rcfopcitm,3,6,8,14.81
5000,128,rcfopcitm,3,6,9,14.349999999999996
5000,128,rcfopcitm,3,7,0,15.03
5000,128,rcfopcitm,3,7,1,14.639999999999997
5000,128,rcfopcitm,3,7,2,14.859999999999996
5000,128,rcfopcitm,3,7,3,14.859999999999996
5000,128,rcfopcitm,3,7,4,14.539999999999997
5000,128,rcfopcitm,3,7,5,14.290000000000003
5000,128,rcfopcitm,3,7,6,14.690000000000003
5000,128,rcfopcitm,3,7,7,15.059999999999995
5000,128,rcfopcitm,3,7,8,14.759999999999994
5000,128,rcfopcitm,3,7,9,14.81
5000,128,rcfopcitm,3,8,0,14.849999999999996
5000,128,rcfopcitm,3,8,1,14.490000000000002
5000,128,rcfopcitm,3,8,2,15.239999999999998
5000,128,rcfopcitm,3,8,3,14.71
5000,128,rcfopcitm,3,8,4,14.959999999999996
5000,128,rcfopcitm,3,8,5,14.749999999999996
5000,128,rcfopcitm,3,8,6,14.170000000000005
5000,128,rcfopcitm,3,8,7,14.890000000000004
5000,128,rcfopcitm,3,8,8,14.429999999999998
5000,128,rcfopcitm,3,8,9,14.800000000000002
5000,128,rcfopcitm,3,9,0,14.739999999999998
5000,128,rcfopcitm,3,9,1,14.970000000000006
5000,128,rcfopcitm,3,9,2,14.480000000000004
5000,128,rcfopcitm,3,9,3,15.239999999999998
5000,128,rcfopcitm,3,9,4,14.649999999999997
5000,128,rcfopcitm,3,9,5,15.369999999999994
5000,128,rcfopcitm,3,9,6,15.000000000000002
5000,128,rcfopcitm,3,9,7,15.110000000000001
5000,128,rcfopcitm,3,9,8,15.190000000000003
5000,128,rcfopcitm,3,9,9,14.939999999999998
5000,128,rcfopcitm,5,1,0,14.259999999999994
5000,128,rcfopcitm,5,1,1,14.690000000000003
5000,128,rcfopcitm,5,1,2,14.219999999999999
5000,128,rcfopcitm,5,1,3,14.439999999999998
5000,128,rcfopcitm,5,1,4,14.170000000000005
5000,128,rcfopcitm,5,1,5,14.759999999999994
5000,128,rcfopcitm,5,1,6,14.71
5000,128,rcfopcitm,5,1,7,14.449999999999996
5000,128,rcfopcitm,5,1,8,14.52
5000,128,rcfopcitm,5,1,9,14.600000000000001
5000,128,rcfopcitm,5,10,0,17.610000000000003
5000,128,rcfopcitm,5,10,1,17.500000000000004
5000,128,rcfopcitm,5,10,2,17.769999999999996
5000,128,rcfopcitm,5,10,3,17.54
5000,128,rcfopcitm,5,10,4,17.889999999999993
5000,128,rcfopcitm,5,10,5,17.130000000000003
5000,128,rcfopcitm,5,10,6,17.820000000000004
5000,128,rcfopcitm,5,10,7,17.549999999999997
5000,128,rcfopcitm,5,10,8,17.759999999999998
5000,128,rcfopcitm,5,10,9,17.759999999999998
5000,128,rcfopcitm,5,2,0,14.390000000000002
5000,128,rcfopcitm,5,2,1,14.380000000000004
5000,128,rcfopcitm,5,2,2,14.629999999999999
5000,128,rcfopcitm,5,2,3,14.200000000000001
5000,128,rcfopcitm,5,2,4,14.580000000000004
5000,128,rcfopcitm,5,2,5,14.770000000000005
5000,128,rcfopcitm,5,2,6,14.729999999999999
5000,128,rcfopcitm,5,2,7,14.490000000000002
5000,128,rcfopcitm,5,2,8,14.159999999999995
5000,128,rcfopcitm,5,2,9,13.839999999999996
5000,128,rcfopcitm,5,3,0,14.529999999999998
5000,128,rcfopcitm,5,3,1,14.600000000000001
5000,128,rcfopcitm,5,3,2,14.339999999999996
5000,128,rcfopcitm,5,3,3,14.000000000000002
5000,128,rcfopcitm,5,3,4,14.670000000000005
5000,128,rcfopcitm,5,3,5,14.580000000000004
5000,128,rcfopcitm,5,3,6,14.52
5000,128,rcfopcitm,5,3,7,14.249999999999996
5000,128,rcfopcitm,5,3,8,14.790000000000003
5000,128,rcfopcitm,5,3,9,14.639999999999997
5000,128,rcfopcitm,5,4,0,14.980000000000004
5000,128,rcfopcitm,5,4,1,14.349999999999996
5000,128,rcfopcitm,5,4,2,14.849999999999996
5000,128,rcfopcitm,5,4,3,14.890000000000004
5000,128,rcfopcitm,5,4,4,14.229999999999999
5000,128,rcfopcitm,5,4,5,14.590000000000003
5000,128,rcfopcitm,5,4,6,14.890000000000004
5000,128,rcfopcitm,5,4,7,14.939999999999998
5000,128,rcfopcitm,5,4,8,14.749999999999996
5000,128,rcfopcitm,5,4,9,14.539999999999997
5000,128,rcfopcitm,5,5,0,14.590000000000003
5000,128,rcfopcitm,5,5,1,14.829999999999998
5000,128,rcfopcitm,5,5,2,14.41
5000,128,rcfopcitm,5,5,3,14.949999999999996
5000,128,rcfopcitm,5,5,4,14.249999999999996
5000,128,rcfopcitm,5,5,5,14.939999999999998
5000,128,rcfopcitm,5,5,6,14.670000000000005
5000,128,rcfopcitm,5,5,7,14.739999999999998
5000,128,rcfopcitm,5,5,8,15.129999999999999
5000,128,rcfopcitm,5,5,9,14.780000000000005
5000,128,rcfopcitm,5,6,0,14.600000000000001
5000,128,rcfopcitm,5,6,1,14.670000000000005
5000,128,rcfopcitm,5,6,2,15.349999999999998
5000,128,rcfopcitm,5,6,3,14.380000000000004
5000,128,rcfopcitm,5,6,4,14.900000000000002
5000,128,rcfopcitm,5,6,5,14.91
5000,128,rcfopcitm,5,6,6,14.900000000000002
5000,128,rcfopcitm,5,6,7,14.739999999999998
5000,128,rcfopcitm,5,6,8,15.059999999999995
5000,128,rcfopcitm,5,6,9,15.049999999999997
5000,128,rcfopcitm,5,7,0,14.990000000000004
5000,128,rcfopcitm,5,7,1,15.02
5000,128,rcfopcitm,5,7,2,15.02
5000,128,rcfopcitm,5,7,3,14.839999999999998
5000,128,rcfopcitm,5,7,4,14.800000000000002
5000,128,rcfopcitm,5,7,5,14.93
5000,128,rcfopcitm,5,7,6,15.32
5000,128,rcfopcitm,5,7,7,15.280000000000005
5000,128,rcfopcitm,5,7,8,15.269999999999994
5000,128,rcfopcitm,5,7,9,14.980000000000004
5000,128,rcfopcitm,5,8,0,15.400000000000002
5000,128,rcfopcitm,5,8,1,15.059999999999995
5000,128,rcfopcitm,5,8,2,15.21
5000,128,rcfopcitm,5,8,3,15.490000000000004
5000,128,rcfopcitm,5,8,4,15.449999999999998
5000,128,rcfopcitm,5,8,5,15.500000000000004
5000,128,rcfopcitm,5,8,6,15.190000000000003
5000,128,rcfopcitm,5,8,7,15.329999999999998
5000,128,rcfopcitm,5,8,8,15.600000000000003
5000,128,rcfopcitm,5,8,9,15.52
5000,128,rcfopcitm,5,9,0,16.13
5000,128,rcfopcitm,5,9,1,16.059999999999995
5000,128,rcfopcitm,5,9,2,16.439999999999998
5000,128,rcfopcitm,5,9,3,16.049999999999997
5000,128,rcfopcitm,5,9,4,16.590000000000003
5000,128,rcfopcitm,5,9,5,15.849999999999998
5000,128,rcfopcitm,5,9,6,16.279999999999994
5000,128,rcfopcitm,5,9,7,16.069999999999997
5000,128,rcfopcitm,5,9,8,15.639999999999999
5000,128,rcfopcitm,5,9,9,15.600000000000003
5000,128,rcfopcitm,7,1,0,14.049999999999995
5000,128,rcfopcitm,7,1,1,14.62
5000,128,rcfopcitm,7,1,2,14.959999999999996
5000,128,rcfopcitm,7,1,3,14.590000000000003
5000,128,rcfopcitm,7,1,4,13.929999999999998
5000,128,rcfopcitm,7,1,5,14.529999999999998
5000,128,rcfopcitm,7,1,6,14.490000000000002
5000,128,rcfopcitm,7,1,7,14.780000000000005
5000,128,rcfopcitm,7,1,8,14.359999999999996
5000,128,rcfopcitm,7,1,9,14.180000000000003
5000,128,rcfopcitm,7,10,0,18.479999999999997
5000,128,rcfopcitm,7,10,1,18.56
5000,128,rcfopcitm,7,10,2,18.479999999999997
5000,128,rcfopcitm,7,10,3,18.65
5000,128,rcfopcitm,7,10,4,18.96
5000,128,rcfopcitm,7,10,5,18.54
5000,128,rcfopcitm,7,10,6,18.75
5000,128,rcfopcitm,7,10,7,19.230000000000004
5000,128,rcfopcitm,7,10,8,18.64
5000,128,rcfopcitm,7,10,9,18.700000000000006
5000,128,rcfopcitm,7,2,0,14.539999999999997
5000,128,rcfopcitm,7,2,1,14.659999999999995
5000,128,rcfopcitm,7,2,2,14.71
5000,128,rcfopcitm,7,2,3,14.62
5000,128,rcfopcitm,7,2,4,14.500000000000002
5000,128,rcfopcitm,7,2,5,14.31
5000,128,rcfopcitm,7,2,6,14.510000000000002
5000,128,rcfopcitm,7,2,7,13.990000000000002
5000,128,rcfopcitm,7,2,8,14.839999999999998
5000,128,rcfopcitm,7,2,9,14.839999999999998
5000,128,rcfopcitm,7,3,0,14.859999999999996
5000,128,rcfopcitm,7,3,1,14.759999999999994
5000,128,rcfopcitm,7,3,2,14.41
5000,128,rcfopcitm,7,3,3,15.059999999999995
5000,128,rcfopcitm,7,3,4,14.71
5000,128,rcfopcitm,7,3,5,14.859999999999996
5000,128,rcfopcitm,7,3,6,14.92
5000,128,rcfopcitm,7,3,7,14.770000000000005
5000,128,rcfopcitm,7,3,8,14.93
5000,128,rcfopcitm,7,3,9,14.590000000000003
5000,128,rcfopcitm,7,4,0,14.859999999999996
5000,128,rcfopcitm,7,4,1,14.249999999999996
5000,128,rcfopcitm,7,4,2,14.880000000000004
5000,128,rcfopcitm,7,4,3,14.870000000000005
5000,128,rcfopcitm,7,4,4,15.169999999999995
5000,128,rcfopcitm,7,4,5,15.039999999999997
5000,128,rcfopcitm,7,4,6,14.829999999999998
5000,128,rcfopcitm,7,4,7,15.339999999999998
5000,128,rcfopcitm,7,4,8,14.959999999999996
5000,128,rcfopcitm,7,4,9,14.890000000000004
5000,128,rcfopcitm,7,5,0,14.939999999999998
5000,128,rcfopcitm,7,5,1,14.82
5000,128,rcfopcitm,7,5,2,15.22
5000,128,rcfopcitm,7,5,3,14.890000000000004
5000,128,rcfopcitm,7,5,4,15.129999999999999
5000,128,rcfopcitm,7,5,5,15.390000000000004
5000,128,rcfopcitm,7,5,6,14.949999999999996
5000,128,rcfopcitm,7,5,7,14.62
5000,128,rcfopcitm,7,5,8,15.080000000000005
5000,128,rcfopcitm,7,5,9,15.339999999999998
5000,128,rcfopcitm,7,6,0,16.01
5000,128,rcfopcitm,7,6,1,15.639999999999999
5000,128,rcfopcitm,7,6,2,15.590000000000003
5000,128,rcfopcitm,7,6,3,15.669999999999995
5000,128,rcfopcitm,7,6,4,15.810000000000002
5000,128,rcfopcitm,7,6,5,15.52
5000,128,rcfopcitm,7,6,6,15.869999999999996
5000,128,rcfopcitm,7,6,7,15.71
5000,128,rcfopcitm,7,6,8,15.500000000000004
5000,128,rcfopcitm,7,6,9,15.549999999999997
5000,128,rcfopcitm,7,7,0,17.830000000000002
5000,128,rcfopcitm,7,7,1,18.279999999999998
5000,128,rcfopcitm,7,7,2,17.779999999999994
5000,128,rcfopcitm,7,7,3,17.600000000000005
5000,128,rcfopcitm,7,7,4,17.610000000000003
5000,128,rcfopcitm,7,7,5,17.710000000000004
5000,128,rcfopcitm,7,7,6,17.400000000000006
5000,128,rcfopcitm,7,7,7,17.630000000000003
5000,128,rcfopcitm,7,7,8,17.769999999999996
5000,128,rcfopcitm,7,7,9,17.630000000000003
5000,128,rcfopcitm,7,8,0,18.55
5000,128,rcfopcitm,7,8,1,18.58
5000,128,rcfopcitm,7,8,2,18.179999999999996
5000,128,rcfopcitm,7,8,3,17.959999999999997
5000,128,rcfopcitm,7,8,4,17.64
5000,128,rcfopcitm,7,8,5,17.65
5000,128,rcfopcitm,7,8,6,18.14
5000,128,rcfopcitm,7,8,7,17.97
5000,128,rcfopcitm,7,8,8,18.089999999999996
5000,128,rcfopcitm,7,8,9,17.830000000000002
5000,128,rcfopcitm,7,9,0,18.05
5000,128,rcfopcitm,7,9,1,17.959999999999997
5000,128,rcfopcitm,7,9,2,18.64
5000,128,rcfopcitm,7,9,3,18.179999999999996
5000,128,rcfopcitm,7,9,4,18.100000000000005
5000,128,rcfopcitm,7,9,5,18.010000000000005
5000,128,rcfopcitm,7,9,6,18.120000000000005
5000,128,rcfopcitm,7,9,7,18.620000000000005
5000,128,rcfopcitm,7,9,8,18.479999999999997
5000,128,rcfopcitm,7,9,9,18.44
5000,2048,fwd,,,0,15.639999999999999
5000,2048,fwd,,,1,15.269999999999994
5000,2048,fwd,,,2,15.669999999999995
5000,2048,fwd,,,3,15.349999999999998
5000,2048,fwd,,,4,15.600000000000003
5000,2048,fwd,,,5,15.390000000000004
5000,2048,fwd,,,6,15.459999999999996
5000,2048,fwd,,,7,15.800000000000002
5000,2048,fwd,,,8,15.339999999999998
5000,2048,fwd,,,9,15.380000000000004
5000,2048,rcfopcitm,10,1,0,15.359999999999996
5000,2048,rcfopcitm,10,1,1,15.259999999999996
5000,2048,rcfopcitm,10,1,2,15.090000000000003
5000,2048,rcfopcitm,10,1,3,15.02
5000,2048,rcfopcitm,10,1,4,15.159999999999997
5000,2048,rcfopcitm,10,1,5,14.800000000000002
5000,2048,rcfopcitm,10,1,6,14.859999999999996
5000,2048,rcfopcitm,10,1,7,15.280000000000005
5000,2048,rcfopcitm,10,1,8,15.839999999999998
5000,2048,rcfopcitm,10,1,9,15.449999999999998
5000,2048,rcfopcitm,10,10,0,17.769999999999996
5000,2048,rcfopcitm,10,10,1,18.100000000000005
5000,2048,rcfopcitm,10,10,2,18.320000000000004
5000,2048,rcfopcitm,10,10,3,17.45
5000,2048,rcfopcitm,10,10,4,17.94
5000,2048,rcfopcitm,10,10,5,18.620000000000005
5000,2048,rcfopcitm,10,10,6,17.979999999999997
5000,2048,rcfopcitm,10,10,7,17.710000000000004
5000,2048,rcfopcitm,10,10,8,17.43
5000,2048,rcfopcitm,10,10,9,17.679999999999996
5000,2048,rcfopcitm,10,2,0,14.939999999999998
5000,2048,rcfopcitm,10,2,1,14.739999999999998
5000,2048,rcfopcitm,10,2,2,14.749999999999996
5000,2048,rcfopcitm,10,2,3,14.849999999999996
5000,2048,rcfopcitm,10,2,4,14.610000000000001
5000,2048,rcfopcitm,10,2,5,14.749999999999996
5000,2048,rcfopcitm,10,2,6,14.62
5000,2048,rcfopcitm,10,2,7,14.859999999999996
5000,2048,rcfopcitm,10,2,8,14.949999999999996
5000,2048,rcfopcitm,10,2,9,14.559999999999995
5000,2048,rcfopcitm,10,3,0,14.529999999999998
5000,2048,rcfopcitm,10,3,1,14.449999999999996
5000,2048,rcfopcitm,10,3,2,14.510000000000002
5000,2048,rcfopcitm,10,3,3,14.700000000000003
5000,2048,rcfopcitm,10,3,4,14.549999999999997
5000,2048,rcfopcitm,10,3,5,14.439999999999998
5000,2048,rcfopcitm,10,3,6,14.510000000000002
5000,2048,rcfopcitm,10,3,7,13.980000000000004
5000,2048,rcfopcitm,10,3,8,14.600000000000001
5000,2048,rcfopcitm,10,3,9,14.639999999999997
5000,2048,rcfopcitm,10,4,0,14.32
5000,2048,rcfopcitm,10,4,1,14.190000000000003
5000,2048,rcfopcitm,10,4,2,14.190000000000003
5000,2048,rcfopcitm,10,4,3,13.939999999999998
5000,2048,rcfopcitm,10,4,4,13.790000000000003
5000,2048,rcfopcitm,10,4,5,13.880000000000003
5000,2048,rcfopcitm,10,4,6,14.239999999999997
5000,2048,rcfopcitm,10,4,7,14.3
5000,2048,rcfopcitm,10,4,8,14.100000000000001
5000,2048,rcfopcitm,10,4,9,13.749999999999996
5000,2048,rcfopcitm,10,5,0,13.660000000000005
5000,2048,rcfopcitm,10,5,1,13.529999999999998
5000,2048,rcfopcitm,10,5,2,13.490000000000002
5000,2048,rcfopcitm,10,5,3,13.929999999999998
5000,2048,rcfopcitm,10,5,4,13.429999999999998
5000,2048,rcfopcitm,10,5,5,13.480000000000004
5000,2048,rcfopcitm,10,5,6,13.539999999999996
5000,2048,rcfopcitm,10,5,7,13.690000000000001
5000,2048,rcfopcitm,10,5,8,13.680000000000003
5000,2048,rcfopcitm,10,5,9,13.880000000000003
5000,2048,rcfopcitm,10,6,0,13.829999999999998
5000,2048,rcfopcitm,10,6,1,13.349999999999994
5000,2048,rcfopcitm,10,6,2,13.849999999999996
5000,2048,rcfopcitm,10,6,3,13.190000000000001
5000,2048,rcfopcitm,10,6,4,13.329999999999998
5000,2048,rcfopcitm,10,6,5,13.41
5000,2048,rcfopcitm,10,6,6,13.51
5000,2048,rcfopcitm,10,6,7,13.449999999999996
5000,2048,rcfopcitm,10,6,8,13.970000000000004
5000,2048,rcfopcitm,10,6,9,13.739999999999997
5000,2048,rcfopcitm,10,7,0,13.429999999999998
5000,2048,rcfopcitm,10,7,1,13.480000000000004
5000,2048,rcfopcitm,10,7,2,13.680000000000003
5000,2048,rcfopcitm,10,7,3,13.529999999999998
5000,2048,rcfopcitm,10,7,4,13.119999999999997
5000,2048,rcfopcitm,10,7,5,13.739999999999997
5000,2048,rcfopcitm,10,7,6,13.249999999999995
5000,2048,rcfopcitm,10,7,7,13.770000000000005
5000,2048,rcfopcitm,10,7,8,13.959999999999994
5000,2048,rcfopcitm,10,7,9,13.380000000000003
5000,2048,rcfopcitm,10,8,0,13.380000000000003
5000,2048,rcfopcitm,10,8,1,14.3
5000,2048,rcfopcitm,10,8,2,13.390000000000002
5000,2048,rcfopcitm,10,8,3,13.529999999999998
5000,2048,rcfopcitm,10,8,4,13.649999999999995
5000,2048,rcfopcitm,10,8,5,13.839999999999996
5000,2048,rcfopcitm,10,8,6,13.590000000000002
5000,2048,rcfopcitm,10,8,7,13.780000000000003
5000,2048,rcfopcitm,10,8,8,13.560000000000006
5000,2048,rcfopcitm,10,8,9,13.61
5000,2048,rcfopcitm,10,9,0,14.559999999999995
5000,2048,rcfopcitm,10,9,1,14.81
5000,2048,rcfopcitm,10,9,2,15.42
5000,2048,rcfopcitm,10,9,3,14.880000000000004
5000,2048,rcfopcitm,10,9,4,14.690000000000003
5000,2048,rcfopcitm,10,9,5,14.339999999999996
5000,2048,rcfopcitm,10,9,6,14.329999999999998
5000,2048,rcfopcitm,10,9,7,14.739999999999998
5000,2048,rcfopcitm,10,9,8,14.449999999999996
5000,2048,rcfopcitm,10,9,9,14.839999999999998
5000,2048,rcfopcitm,12,1,0,15.059999999999995
5000,2048,rcfopcitm,12,1,1,15.129999999999999
5000,2048,rcfopcitm,12,1,2,15.380000000000004
5000,2048,rcfopcitm,12,1,3,15.659999999999997
5000,2048,rcfopcitm,12,1,4,15.129999999999999
5000,2048,rcfopcitm,12,1,5,14.839999999999998
5000,2048,rcfopcitm,12,1,6,15.620000000000001
5000,2048,rcfopcitm,12,1,7,15.159999999999997
5000,2048,rcfopcitm,12,1,8,15.03
5000,2048,rcfopcitm,12,1,9,15.939999999999998
5000,2048,rcfopcitm,12,10,0,16.669999999999995
5000,2048,rcfopcitm,12,10,1,16.53
5000,2048,rcfopcitm,12,10,2,16.65
5000,2048,rcfopcitm,12,10,3,17.630000000000003
5000,2048,rcfopcitm,12,10,4,16.63
5000,2048,rcfopcitm,12,10,5,16.71
5000,2048,rcfopcitm,12,10,6,16.32
5000,2048,rcfopcitm,12,10,7,17.12
5000,2048,rcfopcitm,12,10,8,17.44
5000,2048,rcfopcitm,12,10,9,16.490000000000006
5000,2048,rcfopcitm,12,2,0,14.32
5000,2048,rcfopcitm,12,2,1,14.959999999999996
5000,2048,rcfopcitm,12,2,2,14.490000000000002
5000,2048,rcfopcitm,12,2,3,14.590000000000003
5000,2048,rcfopcitm,12,2,4,14.729999999999999
5000,2048,rcfopcitm,12,2,5,15.010000000000002
5000,2048,rcfopcitm,12,2,6,14.829999999999998
5000,2048,rcfopcitm,12,2,7,14.680000000000003
5000,2048,rcfopcitm,12,2,8,14.380000000000004
5000,2048,rcfopcitm,12,2,9,15.069999999999995
5000,2048,rcfopcitm,12,3,0,14.02
5000,2048,rcfopcitm,12,3,1,14.470000000000006
5000,2048,rcfopcitm,12,3,2,14.610000000000001
5000,2048,rcfopcitm,12,3,3,14.41
5000,2048,rcfopcitm,12,3,4,14.539999999999997
5000,2048,rcfopcitm,12,3,5,14.219999999999999
5000,2048,rcfopcitm,12,3,6,13.919999999999998
5000,2048,rcfopcitm,12,3,7,14.580000000000004
5000,2048,rcfopcitm,12,3,8,14.280000000000005
5000,2048,rcfopcitm,12,3,9,14.01
5000,2048,rcfopcitm,12,4,0,13.680000000000003
5000,2048,rcfopcitm,12,4,1,13.529999999999998
5000,2048,rcfopcitm,12,4,2,13.949999999999996
5000,2048,rcfopcitm,12,4,3,13.660000000000005
5000,2048,rcfopcitm,12,4,4,14.180000000000003
5000,2048,rcfopcitm,12,4,5,13.529999999999998
5000,2048,rcfopcitm,12,4,6,14.229999999999999
5000,2048,rcfopcitm,12,4,7,13.970000000000004
5000,2048,rcfopcitm,12,4,8,13.929999999999998
5000,2048,rcfopcitm,12,4,9,13.449999999999996
5000,2048,rcfopcitm,12,5,0,13.700000000000001
5000,2048,rcfopcitm,12,5,1,13.759999999999994
5000,2048,rcfopcitm,12,5,2,13.929999999999998
5000,2048,rcfopcitm,12,5,3,13.3
5000,2048,rcfopcitm,12,5,4,13.319999999999999
5000,2048,rcfopcitm,12,5,5,13.439999999999996
5000,2048,rcfopcitm,12,5,6,13.729999999999997
5000,2048,rcfopcitm,12,5,7,13.480000000000004
5000,2048,rcfopcitm,12,5,8,13.309999999999999
5000,2048,rcfopcitm,12,5,9,13.290000000000003
5000,2048,rcfopcitm,12,6,0,13.590000000000002
5000,2048,rcfopcitm,12,6,1,13.560000000000006
5000,2048,rcfopcitm,12,6,2,13.660000000000005
5000,2048,rcfopcitm,12,6,3,13.81
5000,2048,rcfopcitm,12,6,4,13.839999999999996
5000,2048,rcfopcitm,12,6,5,13.670000000000005
5000,2048,rcfopcitm,12,6,6,13.959999999999994
5000,2048,rcfopcitm,12,6,7,13.490000000000002
5000,2048,rcfopcitm,12,6,8,13.719999999999999
5000,2048,rcfopcitm,12,6,9,13.590000000000002
5000,2048,rcfopcitm,12,7,0,13.870000000000005
5000,2048,rcfopcitm,12,7,1,14.059999999999995
5000,2048,rcfopcitm,12,7,2,13.819999999999999
5000,2048,rcfopcitm,12,7,3,13.81
5000,2048,rcfopcitm,12,7,4,13.900000000000002
5000,2048,rcfopcitm,12,7,5,13.859999999999994
5000,2048,rcfopcitm,12,7,6,13.819999999999999
5000,2048,rcfopcitm,12,7,7,13.819999999999999
5000,2048,rcfopcitm,12,7,8,13.680000000000003
5000,2048,rcfopcitm,12,7,9,14.359999999999996
5000,2048,rcfopcitm,12,8,0,16.54
5000,2048,rcfopcitm,12,8,1,16.779999999999994
5000,2048,rcfopcitm,12,8,2,16.439999999999998
5000,2048,rcfopcitm,12,8,3,16.769999999999996
5000,2048,rcfopcitm,12,8,4,17.200000000000003
5000,2048,rcfopcitm,12,8,5,16.379999999999995
5000,2048,rcfopcitm,12,8,6,16.410000000000004
5000,2048,rcfopcitm,12,8,7,16.159999999999997
5000,2048,rcfopcitm,12,8,8,16.159999999999997
5000,2048,rcfopcitm,12,8,9,16.53
5000,2048,rcfopcitm,12,9,0,16.95
5000,2048,rcfopcitm,12,9,1,16.490000000000006
5000,2048,rcfopcitm,12,9,2,17.159999999999997
5000,2048,rcfopcitm,12,9,3,17.36
5000,2048,rcfopcitm,12,9,4,17.659999999999997
5000,2048,rcfopcitm,12,9,5,17.410000000000004
5000,2048,rcfopcitm,12,9,6,16.700000000000003
5000,2048,rcfopcitm,12,9,7,17.610000000000003
5000,2048,rcfopcitm,12,9,8,16.939999999999998
5000,2048,rcfopcitm,12,9,9,17.069999999999997
5000,2048,rcfopcitm,2,1,0,15.249999999999996
5000,2048,rcfopcitm,2,1,1,14.92
5000,2048,rcfopcitm,2,1,2,15.380000000000004
5000,2048,rcfopcitm,2,1,3,15.239999999999998
5000,2048,rcfopcitm,2,1,4,15.649999999999997
5000,2048,rcfopcitm,2,1,5,15.080000000000005
5000,2048,rcfopcitm,2,1,6,15.459999999999996
5000,2048,rcfopcitm,2,1,7,15.500000000000004
5000,2048,rcfopcitm,2,1,8,15.480000000000004
5000,2048,rcfopcitm,2,1,9,15.120000000000001
5000,2048,rcfopcitm,2,10,0,14.529999999999998
5000,2048,rcfopcitm,2,10,1,14.559999999999995
5000,2048,rcfopcitm,2,10,2,14.400000000000002
5000,2048,rcfopcitm,2,10,3,14.459999999999996
5000,2048,rcfopcitm,2,10,4,14.41
5000,2048,rcfopcitm,2,10,5,14.080000000000004
5000,2048,rcfopcitm,2,10,6,14.659999999999995
5000,2048,rcfopcitm,2,10,7,14.090000000000003
5000,2048,rcfopcitm,2,10,8,14.21
5000,2048,rcfopcitm,2,10,9,14.070000000000004
5000,2048,rcfopcitm,2,2,0,14.959999999999996
5000,2048,rcfopcitm,2,2,1,14.729999999999999
5000,2048,rcfopcitm,2,2,2,15.049999999999997
5000,2048,rcfopcitm,2,2,3,15.290000000000003
5000,2048,rcfopcitm,2,2,4,15.129999999999999
5000,2048,rcfopcitm,2,2,5,14.980000000000004
5000,2048,rcfopcitm,2,2,6,15.620000000000001
5000,2048,rcfopcitm,2,2,7,14.92
5000,2048,rcfopcitm,2,2,8,15.159999999999997
5000,2048,rcfopcitm,2,2,9,15.269999999999994
5000,2048,rcfopcitm,2,3,0,14.859999999999996
5000,2048,rcfopcitm,2,3,1,14.81
5000,2048,rcfopcitm,2,3,2,15.039999999999997
5000,2048,rcfopcitm,2,3,3,14.91
5000,2048,rcfopcitm,2,3,4,14.780000000000005
5000,2048,rcfopcitm,2,3,5,15.21
5000,2048,rcfopcitm,2,3,6,14.880000000000004
5000,2048,rcfopcitm,2,3,7,15.329999999999998
5000,2048,rcfopcitm,2,3,8,14.639999999999997
5000,2048,rcfopcitm,2,3,9,15.32
5000,2048,rcfopcitm,2,4,0,14.719999999999999
5000,2048,rcfopcitm,2,4,1,14.729999999999999
5000,2048,rcfopcitm,2,4,2,14.790000000000003
5000,2048,rcfopcitm,2,4,3,14.92
5000,2048,rcfopcitm,2,4,4,14.71
5000,2048,rcfopcitm,2,4,5,14.770000000000005
5000,2048,rcfopcitm,2,4,6,14.959999999999996
5000,2048,rcfopcitm,2,4,7,14.849999999999996
5000,2048,rcfopcitm,2,4,8,14.590000000000003
5000,2048,rcfopcitm,2,4,9,14.510000000000002
5000,2048,rcfopcitm,2,5,0,14.729999999999999
5000,2048,rcfopcitm,2,5,1,14.780000000000005
5000,2048,rcfopcitm,2,5,2,14.659999999999995
5000,2048,rcfopcitm,2,5,3,14.649999999999997
5000,2048,rcfopcitm,2,5,4,14.649999999999997
5000,2048,rcfopcitm,2,5,5,14.680000000000003
5000,2048,rcfopcitm,2,5,6,14.62
5000,2048,rcfopcitm,2,5,7,14.590000000000003
5000,2048,rcfopcitm,2,5,8,14.42
5000,2048,rcfopcitm,2,5,9,14.439999999999998
5000,2048,rcfopcitm,2,6,0,14.129999999999999
5000,2048,rcfopcitm,2,6,1,14.739999999999998
5000,2048,rcfopcitm,2,6,2,14.439999999999998
5000,2048,rcfopcitm,2,6,3,14.759999999999994
5000,2048,rcfopcitm,2,6,4,14.719999999999999
5000,2048,rcfopcitm,2,6,5,14.770000000000005
5000,2048,rcfopcitm,2,6,6,14.490000000000002
5000,2048,rcfopcitm,2,6,7,14.600000000000001
5000,2048,rcfopcitm,2,6,8,14.590000000000003
5000,2048,rcfopcitm,2,6,9,14.480000000000004
5000,2048,rcfopcitm,2,7,0,14.559999999999995
5000,2048,rcfopcitm,2,7,1,14.359999999999996
5000,2048,rcfopcitm,2,7,2,14.270000000000005
5000,2048,rcfopcitm,2,7,3,14.510000000000002
5000,2048,rcfopcitm,2,7,4,14.329999999999998
5000,2048,rcfopcitm,2,7,5,14.719999999999999
5000,2048,rcfopcitm,2,7,6,14.759999999999994
5000,2048,rcfopcitm,2,7,7,14.700000000000003
5000,2048,rcfopcitm,2,7,8,13.959999999999994
5000,2048,rcfopcitm,2,7,9,14.510000000000002
5000,2048,rcfopcitm,2,8,0,14.510000000000002
5000,2048,rcfopcitm,2,8,1,14.229999999999999
5000,2048,rcfopcitm,2,8,2,14.600000000000001
5000,2048,rcfopcitm,2,8,3,14.680000000000003
5000,2048,rcfopcitm,2,8,4,14.559999999999995
5000,2048,rcfopcitm,2,8,5,14.31
5000,2048,rcfopcitm,2,8,6,14.21
5000,2048,rcfopcitm,2,8,7,14.059999999999995
5000,2048,rcfopcitm,2,8,8,14.629999999999999
5000,2048,rcfopcitm,2,8,9,14.32
5000,2048,rcfopcitm,2,9,0,14.680000000000003
5000,2048,rcfopcitm,2,9,1,14.21
5000,2048,rcfopcitm,2,9,2,14.159999999999995
5000,2048,rcfopcitm,2,9,3,14.539999999999997
5000,2048,rcfopcitm,2,9,4,14.359999999999996
5000,2048,rcfopcitm,2,9,5,14.439999999999998
5000,2048,rcfopcitm,2,9,6,14.219999999999999
5000,2048,rcfopcitm,2,9,7,14.090000000000003
5000,2048,rcfopcitm,2,9,8,14.429999999999998
5000,2048,rcfopcitm,2,9,9,14.670000000000005
5000,2048,rcfopcitm,3,1,0,15.42
5000,2048,rcfopcitm,3,1,1,15.439999999999998
5000,2048,rcfopcitm,3,1,2,15.269999999999994
5000,2048,rcfopcitm,3,1,3,15.610000000000001
5000,2048,rcfopcitm,3,1,4,15.43
5000,2048,rcfopcitm,3,1,5,15.390000000000004
5000,2048,rcfopcitm,3,1,6,14.92
5000,2048,rcfopcitm,3,1,7,15.129999999999999
5000,2048,rcfopcitm,3,1,8,14.939999999999998
5000,2048,rcfopcitm,3,1,9,15.500000000000004
5000,2048,rcfopcitm,3,10,0,14.11
5000,2048,rcfopcitm,3,10,1,14.339999999999996
5000,2048,rcfopcitm,3,10,2,14.02
5000,2048,rcfopcitm,3,10,3,13.91
5000,2048,rcfopcitm,3,10,4,14.090000000000003
5000,2048,rcfopcitm,3,10,5,14.039999999999997
5000,2048,rcfopcitm,3,10,6,13.81
5000,2048,rcfopcitm,3,10,7,13.959999999999994
5000,2048,rcfopcitm,3,10,8,14.059999999999995
5000,2048,rcfopcitm,3,10,9,13.980000000000004
5000,2048,rcfopcitm,3,2,0,15.159999999999997
5000,2048,rcfopcitm,3,2,1,14.949999999999996
5000,2048,rcfopcitm,3,2,2,15.249999999999996
5000,2048,rcfopcitm,3,2,3,15.110000000000001
5000,2048,rcfopcitm,3,2,4,15.569999999999995
5000,2048,rcfopcitm,3,2,5,15.22
5000,2048,rcfopcitm,3,2,6,14.870000000000005
5000,2048,rcfopcitm,3,2,7,15.139999999999997
5000,2048,rcfopcitm,3,2,8,15.090000000000003
5000,2048,rcfopcitm,3,2,9,15.02
5000,2048,rcfopcitm,3,3,0,14.870000000000005
5000,2048,rcfopcitm,3,3,1,15.239999999999998
5000,2048,rcfopcitm,3,3,2,14.759999999999994
5000,2048,rcfopcitm,3,3,3,14.959999999999996
5000,2048,rcfopcitm,3,3,4,14.739999999999998
5000,2048,rcfopcitm,3,3,5,15.180000000000005
5000,2048,rcfopcitm,3,3,6,15.010000000000002
5000,2048,rcfopcitm,3,3,7,14.780000000000005
5000,2048,rcfopcitm,3,3,8,14.829999999999998
5000,2048,rcfopcitm,3,3,9,15.010000000000002
5000,2048,rcfopcitm,3,4,0,14.41
5000,2048,rcfopcitm,3,4,1,14.32
5000,2048,rcfopcitm,3,4,2,14.839999999999998
5000,2048,rcfopcitm,3,4,3,14.790000000000003
5000,2048,rcfopcitm,3,4,4,15.049999999999997
5000,2048,rcfopcitm,3,4,5,14.400000000000002
5000,2048,rcfopcitm,3,4,6,14.500000000000002
5000,2048,rcfopcitm,3,4,7,14.92
5000,2048,rcfopcitm,3,4,8,14.490000000000002
5000,2048,rcfopcitm,3,4,9,14.719999999999999
5000,2048,rcfopcitm,3,5,0,14.690000000000003
5000,2048,rcfopcitm,3,5,1,14.270000000000005
5000,2048,rcfopcitm,3,5,2,14.32
5000,2048,rcfopcitm,3,5,3,14.219999999999999
5000,2048,rcfopcitm,3,5,4,14.449999999999996
5000,2048,rcfopcitm,3,5,5,14.570000000000006
5000,2048,rcfopcitm,3,5,6,14.400000000000002
5000,2048,rcfopcitm,3,5,7,14.41
5000,2048,rcfopcitm,3,5,8,14.339999999999996
5000,2048,rcfopcitm,3,5,9,14.470000000000006
5000,2048,rcfopcitm,3,6,0,14.039999999999997
5000,2048,rcfopcitm,3,6,1,14.3
5000,2048,rcfopcitm,3,6,2,14.62
5000,2048,rcfopcitm,3,6,3,14.339999999999996
5000,2048,rcfopcitm,3,6,4,14.339999999999996
5000,2048,rcfopcitm,3,6,5,14.239999999999997
5000,2048,rcfopcitm,3,6,6,14.21
5000,2048,rcfopcitm,3,6,7,14.12
5000,2048,rcfopcitm,3,6,8,14.490000000000002
5000,2048,rcfopcitm,3,6,9,14.490000000000002
5000,2048,rcfopcitm,3,7,0,14.21
5000,2048,rcfopcitm,3,7,1,14.190000000000003
5000,2048,rcfopcitm,3,7,2,14.359999999999996
5000,2048,rcfopcitm,3,7,3,14.470000000000006
5000,2048,rcfopcitm,3,7,4,14.359999999999996
5000,2048,rcfopcitm,3,7,5,14.219999999999999
5000,2048,rcfopcitm,3,7,6,14.239999999999997
5000,2048,rcfopcitm,3,7,7,14.100000000000001
5000,2048,rcfopcitm,3,7,8,14.390000000000002
5000,2048,rcfopcitm,3,7,9,14.090000000000003
5000,2048,rcfopcitm,3,8,0,13.939999999999998
5000,2048,rcfopcitm,3,8,1,14.170000000000005
5000,2048,rcfopcitm,3,8,2,14.149999999999995
5000,2048,rcfopcitm,3,8,3,14.349999999999996
5000,2048,rcfopcitm,3,8,4,14.280000000000005
5000,2048,rcfopcitm,3,8,5,14.02
5000,2048,rcfopcitm,3,8,6,13.900000000000002
5000,2048,rcfopcitm,3,8,7,14.02
5000,2048,rcfopcitm,3,8,8,14.080000000000004
5000,2048,rcfopcitm,3,8,9,14.259999999999994
5000,2048,rcfopcitm,3,9,0,14.029999999999998
5000,2048,rcfopcitm,3,9,1,13.829999999999998
5000,2048,rcfopcitm,3,9,2,14.170000000000005
5000,2048,rcfopcitm,3,9,3,13.980000000000004
5000,2048,rcfopcitm,3,9,4,14.190000000000003
5000,2048,rcfopcitm,3,9,5,14.070000000000004
5000,2048,rcfopcitm,3,9,6,14.359999999999996
5000,2048,rcfopcitm,3,9,7,14.080000000000004
5000,2048,rcfopcitm,3,9,8,14.000000000000002
5000,2048,rcfopcitm,3,9,9,13.929999999999998
5000,2048,rcfopcitm,5,1,0,15.590000000000003
5000,2048,rcfopcitm,5,1,1,15.259999999999996
5000,2048,rcfopcitm,5,1,2,15.120000000000001
5000,2048,rcfopcitm,5,1,3,15.21
5000,2048,rcfopcitm,5,1,4,15.149999999999997
5000,2048,rcfopcitm,5,1,5,15.359999999999996
5000,2048,rcfopcitm,5,1,6,15.490000000000004
5000,2048,rcfopcitm,5,1,7,15.059999999999995
5000,2048,rcfopcitm,5,1,8,15.32
5000,2048,rcfopcitm,5,1,9,15.259999999999996
5000,2048,rcfopcitm,5,10,0,13.460000000000004
5000,2048,rcfopcitm,5,10,1,13.460000000000004
5000,2048,rcfopcitm,5,10,2,13.360000000000005
5000,2048,rcfopcitm,5,10,3,13.219999999999999
5000,2048,rcfopcitm,5,10,4,13.629999999999997
5000,2048,rcfopcitm,5,10,5,13.570000000000004
5000,2048,rcfopcitm,5,10,6,13.480000000000004
5000,2048,rcfopcitm,5,10,7,13.419999999999998
5000,2048,rcfopcitm,5,10,8,13.360000000000005
5000,2048,rcfopcitm,5,10,9,13.41
5000,2048,rcfopcitm,5,2,0,15.139999999999997
5000,2048,rcfopcitm,5,2,1,14.859999999999996
5000,2048,rcfopcitm,5,2,2,14.62
5000,2048,rcfopcitm,5,2,3,14.92
5000,2048,rcfopcitm,5,2,4,14.92
5000,2048,rcfopcitm,5,2,5,14.970000000000006
5000,2048,rcfopcitm,5,2,6,14.890000000000004
5000,2048,rcfopcitm,5,2,7,14.91
5000,2048,rcfopcitm,5,2,8,15.249999999999996
5000,2048,rcfopcitm,5,2,9,14.770000000000005
5000,2048,rcfopcitm,5,3,0,14.890000000000004
5000,2048,rcfopcitm,5,3,1,14.559999999999995
5000,2048,rcfopcitm,5,3,2,14.749999999999996
5000,2048,rcfopcitm,5,3,3,14.590000000000003
5000,2048,rcfopcitm,5,3,4,14.52
5000,2048,rcfopcitm,5,3,5,14.719999999999999
5000,2048,rcfopcitm,5,3,6,14.32
5000,2048,rcfopcitm,5,3,7,14.690000000000003
5000,2048,rcfopcitm,5,3,8,14.82
5000,2048,rcfopcitm,5,3,9,14.31
5000,2048,rcfopcitm,5,4,0,14.400000000000002
5000,2048,rcfopcitm,5,4,1,14.190000000000003
5000,2048,rcfopcitm,5,4,2,14.500000000000002
5000,2048,rcfopcitm,5,4,3,14.390000000000002
5000,2048,rcfopcitm,5,4,4,14.41
5000,2048,rcfopcitm,5,4,5,14.249999999999996
5000,2048,rcfopcitm,5,4,6,14.749999999999996
5000,2048,rcfopcitm,5,4,7,14.3
5000,2048,rcfopcitm,5,4,8,14.659999999999995
5000,2048,rcfopcitm,5,4,9,14.570000000000006
5000,2048,rcfopcitm,5,5,0,14.149999999999995
5000,2048,rcfopcitm,5,5,1,14.02
5000,2048,rcfopcitm,5,5,2,13.959999999999994
5000,2048,rcfopcitm,5,5,3,14.490000000000002
5000,2048,rcfopcitm,5,5,4,13.970000000000004
5000,2048,rcfopcitm,5,5,5,14.100000000000001
5000,2048,rcfopcitm,5,5,6,14.639999999999997
5000,2048,rcfopcitm,5,5,7,14.31
5000,2048,rcfopcitm,5,5,8,13.919999999999998
5000,2048,rcfopcitm,5,5,9,14.449999999999996
5000,2048,rcfopcitm,5,6,0,13.919999999999998
5000,2048,rcfopcitm,5,6,1,14.059999999999995
5000,2048,rcfopcitm,5,6,2,13.859999999999994
5000,2048,rcfopcitm,5,6,3,13.929999999999998
5000,2048,rcfopcitm,5,6,4,14.000000000000002
5000,2048,rcfopcitm,5,6,5,13.639999999999997
5000,2048,rcfopcitm,5,6,6,14.11
5000,2048,rcfopcitm,5,6,7,13.91
5000,2048,rcfopcitm,5,6,8,14.02
5000,2048,rcfopcitm,5,6,9,14.049999999999995
5000,2048,rcfopcitm,5,7,0,13.670000000000005
5000,2048,rcfopcitm,5,7,1,13.770000000000005
5000,2048,rcfopcitm,5,7,2,13.71
5000,2048,rcfopcitm,5,7,3,13.880000000000003
5000,2048,rcfopcitm,5,7,4,13.849999999999996
5000,2048,rcfopcitm,5,7,5,13.790000000000003
5000,2048,rcfopcitm,5,7,6,14.029999999999998
5000,2048,rcfopcitm,5,7,7,13.759999999999994
5000,2048,rcfopcitm,5,7,8,14.159999999999995
5000,2048,rcfopcitm,5,7,9,13.680000000000003
5000,2048,rcfopcitm,5,8,0,13.539999999999996
5000,2048,rcfopcitm,5,8,1,13.71
5000,2048,rcfopcitm,5,8,2,13.61
5000,2048,rcfopcitm,5,8,3,14.259999999999994
5000,2048,rcfopcitm,5,8,4,13.61
5000,2048,rcfopcitm,5,8,5,13.700000000000001
5000,2048,rcfopcitm,5,8,6,13.539999999999996
5000,2048,rcfopcitm,5,8,7,13.560000000000006
5000,2048,rcfopcitm,5,8,8,13.690000000000001
5000,2048,rcfopcitm,5,8,9,13.590000000000002
5000,2048,rcfopcitm,5,9,0,13.560000000000006
5000,2048,rcfopcitm,5,9,1,13.5
5000,2048,rcfopcitm,5,9,2,13.170000000000003
5000,2048,rcfopcitm,5,9,3,13.529999999999998
5000,2048,rcfopcitm,5,9,4,13.380000000000003
5000,2048,rcfopcitm,5,9,5,13.829999999999998
5000,2048,rcfopcitm,5,9,6,13.329999999999998
5000,2048,rcfopcitm,5,9,7,13.62
5000,2048,rcfopcitm,5,9,8,13.880000000000003
5000,2048,rcfopcitm,5,9,9,13.349999999999994
5000,2048,rcfopcitm,7,1,0,15.290000000000003
5000,2048,rcfopcitm,7,1,1,15.129999999999999
5000,2048,rcfopcitm,7,1,2,15.169999999999995
5000,2048,rcfopcitm,7,1,3,15.280000000000005
5000,2048,rcfopcitm,7,1,4,15.43
5000,2048,rcfopcitm,7,1,5,15.229999999999999
5000,2048,rcfopcitm,7,1,6,15.410000000000002
5000,2048,rcfopcitm,7,1,7,15.059999999999995
5000,2048,rcfopcitm,7,1,8,14.949999999999996
5000,2048,rcfopcitm,7,1,9,15.22
5000,2048,rcfopcitm,7,10,0,13.390000000000002
5000,2048,rcfopcitm,7,10,1,13.470000000000004
5000,2048,rcfopcitm,7,10,2,13.859999999999994
5000,2048,rcfopcitm,7,10,3,14.029999999999998
5000,2048,rcfopcitm,7,10,4,13.81
5000,2048,rcfopcitm,7,10,5,13.8
5000,2048,rcfopcitm,7,10,6,13.529999999999998
5000,2048,rcfopcitm,7,10,7,13.560000000000006
5000,2048,rcfopcitm,7,10,8,13.680000000000003
5000,2048,rcfopcitm,7,10,9,13.560000000000006
5000,2048,rcfopcitm,7,2,0,14.990000000000004
5000,2048,rcfopcitm,7,2,1,15.190000000000003
5000,2048,rcfopcitm,7,2,2,15.03
5000,2048,rcfopcitm,7,2,3,14.81
5000,2048,rcfopcitm,7,2,4,15.090000000000003
5000,2048,rcfopcitm,7,2,5,14.770000000000005
5000,2048,rcfopcitm,7,2,6,14.680000000000003
5000,2048,rcfopcitm,7,2,7,14.600000000000001
5000,2048,rcfopcitm,7,2,8,14.890000000000004
5000,2048,rcfopcitm,7,2,9,14.600000000000001
5000,2048,rcfopcitm,7,3,0,14.859999999999996
5000,2048,rcfopcitm,7,3,1,14.339999999999996
5000,2048,rcfopcitm,7,3,2,14.570000000000006
5000,2048,rcfopcitm,7,3,3,13.949999999999996
5000,2048,rcfopcitm,7,3,4,14.770000000000005
5000,2048,rcfopcitm,7,3,5,14.439999999999998
5000,2048,rcfopcitm,7,3,6,14.359999999999996
5000,2048,rcfopcitm,7,3,7,15.039999999999997
5000,2048,rcfopcitm,7,3,8,14.62
5000,2048,rcfopcitm,7,3,9,14.659999999999995
5000,2048,rcfopcitm,7,4,0,14.170000000000005
5000,2048,rcfopcitm,7,4,1,14.490000000000002
5000,2048,rcfopcitm,7,4,2,14.510000000000002
5000,2048,rcfopcitm,7,4,3,14.170000000000005
5000,2048,rcfopcitm,7,4,4,14.470000000000006
5000,2048,rcfopcitm,7,4,5,14.11
5000,2048,rcfopcitm,7,4,6,14.31
5000,2048,rcfopcitm,7,4,7,14.429999999999998
5000,2048,rcfopcitm,7,4,8,14.500000000000002
5000,2048,rcfopcitm,7,4,9,14.659999999999995
5000,2048,rcfopcitm,7,5,0,14.259999999999994
5000,2048,rcfopcitm,7,5,1,13.91
5000,2048,rcfopcitm,7,5,2,13.780000000000003
5000,2048,rcfopcitm,7,5,3,13.680000000000003
5000,2048,rcfopcitm,7,5,4,14.239999999999997
5000,2048,rcfopcitm,7,5,5,13.759999999999994
5000,2048,rcfopcitm,7,5,6,14.170000000000005
5000,2048,rcfopcitm,7,5,7,14.129999999999999
5000,2048,rcfopcitm,7,5,8,14.349999999999996
5000,2048,rcfopcitm,7,5,9,14.229999999999999
5000,2048,rcfopcitm,7,6,0,14.02
5000,2048,rcfopcitm,7,6,1,13.849999999999996
5000,2048,rcfopcitm,7,6,2,13.880000000000003
5000,2048,rcfopcitm,7,6,3,13.770000000000005
5000,2048,rcfopcitm,7,6,4,13.680000000000003
5000,2048,rcfopcitm,7,6,5,13.880000000000003
5000,2048,rcfopcitm,7,6,6,13.61
5000,2048,rcfopcitm,7,6,7,13.71
5000,2048,rcfopcitm,7,6,8,14.000000000000002
5000,2048,rcfopcitm,7,6,9,13.829999999999998
5000,2048,rcfopcitm,7,7,0,13.780000000000003
5000,2048,rcfopcitm,7,7,1,13.390000000000002
5000,2048,rcfopcitm,7,7,2,13.660000000000005
5000,2048,rcfopcitm,7,7,3,13.5
5000,2048,rcfopcitm,7,7,4,13.390000000000002
5000,2048,rcfopcitm,7,7,5,13.41
5000,2048,rcfopcitm,7,7,6,13.480000000000004
5000,2048,rcfopcitm,7,7,7,13.919999999999998
5000,2048,rcfopcitm,7,7,8,13.759999999999994
5000,2048,rcfopcitm,7,7,9,13.719999999999999
5000,2048,rcfopcitm,7,8,0,13.270000000000003
5000,2048,rcfopcitm,7,8,1,13.780000000000003
5000,2048,rcfopcitm,7,8,2,13.290000000000003
5000,2048,rcfopcitm,7,8,3,13.419999999999998
5000,2048,rcfopcitm,7,8,4,13.5
5000,2048,rcfopcitm,7,8,5,13.449999999999996
5000,2048,rcfopcitm,7,8,6,13.670000000000005
5000,2048,rcfopcitm,7,8,7,13.719999999999999
5000,2048,rcfopcitm,7,8,8,13.239999999999997
5000,2048,rcfopcitm,7,8,9,13.390000000000002
5000,2048,rcfopcitm,7,9,0,13.309999999999999
5000,2048,rcfopcitm,7,9,1,13.52
5000,2048,rcfopcitm,7,9,2,13.719999999999999
5000,2048,rcfopcitm,7,9,3,13.370000000000005
5000,2048,rcfopcitm,7,9,4,13.329999999999998
5000,2048,rcfopcitm,7,9,5,13.549999999999995
5000,2048,rcfopcitm,7,9,6,13.290000000000003
5000,2048,rcfopcitm,7,9,7,13.719999999999999
5000,2048,rcfopcitm,7,9,8,13.239999999999997
5000,2048,rcfopcitm,7,9,9,13.570000000000004
5000,256,fwd,,,0,14.339999999999996
5000,256,fwd,,,1,14.739999999999998
5000,256,fwd,,,2,14.729999999999999
5000,256,fwd,,,3,14.370000000000005
5000,256,fwd,,,4,14.62
5000,256,fwd,,,5,14.849999999999996
5000,256,fwd,,,6,13.970000000000004
5000,256,fwd,,,7,15.149999999999997
5000,256,fwd,,,8,14.91
5000,256,fwd,,,9,14.459999999999996
5000,256,rcfopcitm,10,1,0,14.52
5000,256,rcfopcitm,10,1,1,14.570000000000006
5000,256,rcfopcitm,10,1,2,14.500000000000002
5000,256,rcfopcitm,10,1,3,13.859999999999994
5000,256,rcfopcitm,10,1,4,14.180000000000003
5000,256,rcfopcitm,10,1,5,14.039999999999997
5000,256,rcfopcitm,10,1,6,14.229999999999999
5000,256,rcfopcitm,10,1,7,14.71
5000,256,rcfopcitm,10,1,8,14.3
5000,256,rcfopcitm,10,1,9,13.890000000000002
5000,256,rcfopcitm,10,10,0,17.65
5000,256,rcfopcitm,10,10,1,18.100000000000005
5000,256,rcfopcitm,10,10,2,18.089999999999996
5000,256,rcfopcitm,10,10,3,17.069999999999997
5000,256,rcfopcitm,10,10,4,17.269999999999996
5000,256,rcfopcitm,10,10,5,17.069999999999997
5000,256,rcfopcitm,10,10,6,17.14
5000,256,rcfopcitm,10,10,7,17.92
5000,256,rcfopcitm,10,10,8,17.56
5000,256,rcfopcitm,10,10,9,17.810000000000002
5000,256,rcfopcitm,10,2,0,14.470000000000006
5000,256,rcfopcitm,10,2,1,14.170000000000005
5000,256,rcfopcitm,10,2,2,13.81
5000,256,rcfopcitm,10,2,3,14.080000000000004
5000,256,rcfopcitm,10,2,4,14.259999999999994
5000,256,rcfopcitm,10,2,5,13.729999999999997
5000,256,rcfopcitm,10,2,6,14.32
5000,256,rcfopcitm,10,2,7,14.139999999999997
5000,256,rcfopcitm,10,2,8,14.11
5000,256,rcfopcitm,10,2,9,14.570000000000006
5000,256,rcfopcitm,10,3,0,14.739999999999998
5000,256,rcfopcitm,10,3,1,13.939999999999998
5000,256,rcfopcitm,10,3,2,14.31
5000,256,rcfopcitm,10,3,3,13.829999999999998
5000,256,rcfopcitm,10,3,4,14.100000000000001
5000,256,rcfopcitm,10,3,5,14.270000000000005
5000,256,rcfopcitm,10,3,6,14.190000000000003
5000,256,rcfopcitm,10,3,7,14.510000000000002
5000,256,rcfopcitm,10,3,8,14.690000000000003
5000,256,rcfopcitm,10,3,9,14.510000000000002
5000,256,rcfopcitm,10,4,0,14.91
5000,256,rcfopcitm,10,4,1,14.629999999999999
5000,256,rcfopcitm,10,4,2,14.190000000000003
5000,256,rcfopcitm,10,4,3,14.249999999999996
5000,256,rcfopcitm,10,4,4,14.029999999999998
5000,256,rcfopcitm,10,4,5,14.3
5000,256,rcfopcitm,10,4,6,14.339999999999996
5000,256,rcfopcitm,10,4,7,14.600000000000001
5000,256,rcfopcitm,10,4,8,14.590000000000003
5000,256,rcfopcitm,10,4,9,14.090000000000003
5000,256,rcfopcitm,10,5,0,14.71
5000,256,rcfopcitm,10,5,1,15.010000000000002
5000,256,rcfopcitm,10,5,2,14.829999999999998
5000,256,rcfopcitm,10,5,3,15.329999999999998
5000,256,rcfopcitm,10,5,4,15.159999999999997
5000,256,rcfopcitm,10,5,5,14.93
5000,256,rcfopcitm,10,5,6,15.380000000000004
5000,256,rcfopcitm,10,5,7,15.32
5000,256,rcfopcitm,10,5,8,15.32
5000,256,rcfopcitm,10,5,9,14.939999999999998
5000,256,rcfopcitm,10,6,0,15.390000000000004
5000,256,rcfopcitm,10,6,1,15.600000000000003
5000,256,rcfopcitm,10,6,2,15.839999999999998
5000,256,rcfopcitm,10,6,3,15.910000000000002
5000,256,rcfopcitm,10,6,4,15.810000000000002
5000,256,rcfopcitm,10,6,5,15.790000000000004
5000,256,rcfopcitm,10,6,6,15.690000000000005
5000,256,rcfopcitm,10,6,7,16.080000000000005
5000,256,rcfopcitm,10,6,8,15.949999999999998
5000,256,rcfopcitm,10,6,9,16.349999999999998
5000,256,rcfopcitm,10,7,0,17.12
5000,256,rcfopcitm,10,7,1,16.080000000000005
5000,256,rcfopcitm,10,7,2,17.000000000000004
5000,256,rcfopcitm,10,7,3,15.759999999999996
5000,256,rcfopcitm,10,7,4,16.42
5000,256,rcfopcitm,10,7,5,16.859999999999996
5000,256,rcfopcitm,10,7,6,16.310000000000002
5000,256,rcfopcitm,10,7,7,16.939999999999998
5000,256,rcfopcitm,10,7,8,16.549999999999997
5000,256,rcfopcitm,10,7,9,16.549999999999997
5000,256,rcfopcitm,10,8,0,17.330000000000002
5000,256,rcfopcitm,10,8,1,17.45
5000,256,rcfopcitm,10,8,2,17.410000000000004
5000,256,rcfopcitm,10,8,3,17.390000000000004
5000,256,rcfopcitm,10,8,4,16.84
5000,256,rcfopcitm,10,8,5,17.300000000000004
5000,256,rcfopcitm,10,8,6,16.990000000000006
5000,256,rcfopcitm,10,8,7,17.520000000000003
5000,256,rcfopcitm,10,8,8,16.900000000000006
5000,256,rcfopcitm,10,8,9,17.379999999999995
5000,256,rcfopcitm,10,9,0,18.44
5000,256,rcfopcitm,10,9,1,17.210000000000004
5000,256,rcfopcitm,10,9,2,18.04
5000,256,rcfopcitm,10,9,3,17.73
5000,256,rcfopcitm,10,9,4,18.34
5000,256,rcfopcitm,10,9,5,17.659999999999997
5000,256,rcfopcitm,10,9,6,18.000000000000004
5000,256,rcfopcitm,10,9,7,17.759999999999998
5000,256,rcfopcitm,10,9,8,18.75
5000,256,rcfopcitm,10,9,9,17.879999999999995
5000,256,rcfopcitm,12,1,0,13.900000000000002
5000,256,rcfopcitm,12,1,1,14.249999999999996
5000,256,rcfopcitm,12,1,2,14.090000000000003
5000,256,rcfopcitm,12,1,3,14.259999999999994
5000,256,rcfopcitm,12,1,4,13.819999999999999
5000,256,rcfopcitm,12,1,5,14.880000000000004
5000,256,rcfopcitm,12,1,6,14.200000000000001
5000,256,rcfopcitm,12,1,7,13.980000000000004
5000,256,rcfopcitm,12,1,8,14.400000000000002
5000,256,rcfopcitm,12,1,9,14.290000000000003
5000,256,rcfopcitm,12,10,0,17.279999999999994
5000,256,rcfopcitm,12,10,1,17.45
5000,256,rcfopcitm,12,10,2,17.290000000000006
5000,256,rcfopcitm,12,10,3,16.92
5000,256,rcfopcitm,12,10,4,17.210000000000004
5000,256,rcfopcitm,12,10,5,17.510000000000005
5000,256,rcfopcitm,12,10,6,18.020000000000003
5000,256,rcfopcitm,12,10,7,17.869999999999997
5000,256,rcfopcitm,12,10,8,18.400000000000006
5000,256,rcfopcitm,12,10,9,17.84
5000,256,rcfopcitm,12,2,0,13.570000000000004
5000,256,rcfopcitm,12,2,1,14.239999999999997
5000,256,rcfopcitm,12,2,2,13.690000000000001
5000,256,rcfopcitm,12,2,3,13.900000000000002
5000,256,rcfopcitm,12,2,4,14.000000000000002
5000,256,rcfopcitm,12,2,5,14.11
5000,256,rcfopcitm,12,2,6,14.249999999999996
5000,256,rcfopcitm,12,2,7,14.349999999999996
5000,256,rcfopcitm,12,2,8,14.549999999999997
5000,256,rcfopcitm,12,2,9,13.859999999999994
5000,256,rcfopcitm,12,3,0,14.029999999999998
5000,256,rcfopcitm,12,3,1,13.660000000000005
5000,256,rcfopcitm,12,3,2,14.259999999999994
5000,256,rcfopcitm,12,3,3,13.629999999999997
5000,256,rcfopcitm,12,3,4,13.749999999999996
5000,256,rcfopcitm,12,3,5,14.259999999999994
5000,256,rcfopcitm,12,3,6,14.21
5000,256,rcfopcitm,12,3,7,14.129999999999999
5000,256,rcfopcitm,12,3,8,13.980000000000004
5000,256,rcfopcitm,12,3,9,14.600000000000001
5000,256,rcfopcitm,12,4,0,14.290000000000003
5000,256,rcfopcitm,12,4,1,14.549999999999997
5000,256,rcfopcitm,12,4,2,15.149999999999997
5000,256,rcfopcitm,12,4,3,14.749999999999996
5000,256,rcfopcitm,12,4,4,14.349999999999996
5000,256,rcfopcitm,12,4,5,15.139999999999997
5000,256,rcfopcitm,12,4,6,14.880000000000004
5000,256,rcfopcitm,12,4,7,13.970000000000004
5000,256,rcfopcitm,12,4,8,14.219999999999999
5000,256,rcfopcitm,12,4,9,14.539999999999997
5000,256,rcfopcitm,12,5,0,14.939999999999998
5000,256,rcfopcitm,12,5,1,15.359999999999996
5000,256,rcfopcitm,12,5,2,15.900000000000002
5000,256,rcfopcitm,12,5,3,16.13
5000,256,rcfopcitm,12,5,4,15.949999999999998
5000,256,rcfopcitm,12,5,5,15.620000000000001
5000,256,rcfopcitm,12,5,6,14.880000000000004
5000,256,rcfopcitm,12,5,7,15.510000000000002
5000,256,rcfopcitm,12,5,8,15.620000000000001
5000,256,rcfopcitm,12,5,9,15.149999999999997
5000,256,rcfopcitm,12,6,0,16.579999999999995
5000,256,rcfopcitm,12,6,1,16.93
5000,256,rcfopcitm,12,6,2,16.249999999999996
5000,256,rcfopcitm,12,6,3,17.24
5000,256,rcfopcitm,12,6,4,16.220000000000002
5000,256,rcfopcitm,12,6,5,16.169999999999995
5000,256,rcfopcitm,12,6,6,16.269999999999996
5000,256,rcfopcitm,12,6,7,16.559999999999995
5000,256,rcfopcitm,12,6,8,16.33
5000,256,rcfopcitm,12,6,9,16.93
5000,256,rcfopcitm,12,7,0,17.190000000000005
5000,256,rcfopcitm,12,7,1,17.579999999999995
5000,256,rcfopcitm,12,7,2,17.03
5000,256,rcfopcitm,12,7,3,16.62
5000,256,rcfopcitm,12,7,4,17.25
5000,256,rcfopcitm,12,7,5,17.36
5000,256,rcfopcitm,12,7,6,17.269999999999996
5000,256,rcfopcitm,12,7,7,17.259999999999998
5000,256,rcfopcitm,12,7,8,17.53
5000,256,rcfopcitm,12,7,9,17.269999999999996
5000,256,rcfopcitm,12,8,0,17.589999999999996
5000,256,rcfopcitm,12,8,1,16.969999999999995
5000,256,rcfopcitm,12,8,2,17.630000000000003
5000,256,rcfopcitm,12,8,3,17.979999999999997
5000,256,rcfopcitm,12,8,4,17.959999999999997
5000,256,rcfopcitm,12,8,5,17.14
5000,256,rcfopcitm,12,8,6,16.979999999999997
5000,256,rcfopcitm,12,8,7,18.15
5000,256,rcfopcitm,12,8,8,17.400000000000006
5000,256,rcfopcitm,12,8,9,17.500000000000004
5000,256,rcfopcitm,12,9,0,16.990000000000006
5000,256,rcfopcitm,12,9,1,17.159999999999997
5000,256,rcfopcitm,12,9,2,16.759999999999998
5000,256,rcfopcitm,12,9,3,17.54
5000,256,rcfopcitm,12,9,4,16.830000000000002
5000,256,rcfopcitm,12,9,5,16.890000000000004
5000,256,rcfopcitm,12,9,6,17.14
5000,256,rcfopcitm,12,9,7,17.42
5000,256,rcfopcitm,12,9,8,17.459999999999997
5000,256,rcfopcitm,12,9,9,17.210000000000004
5000,256,rcfopcitm,2,1,0,14.049999999999995
5000,256,rcfopcitm,2,1,1,14.690000000000003
5000,256,rcfopcitm,2,1,2,14.280000000000005
5000,256,rcfopcitm,2,1,3,14.670000000000005
5000,256,rcfopcitm,2,1,4,14.82
5000,256,rcfopcitm,2,1,5,15.239999999999998
5000,256,rcfopcitm,2,1,6,14.610000000000001
5000,256,rcfopcitm,2,1,7,14.370000000000005
5000,256,rcfopcitm,2,1,8,14.3
5000,256,rcfopcitm,2,1,9,14.71
5000,256,rcfopcitm,2,10,0,15.129999999999999
5000,256,rcfopcitm,2,10,1,14.990000000000004
5000,256,rcfopcitm,2,10,2,14.839999999999998
5000,256,rcfopcitm,2,10,3,15.159999999999997
5000,256,rcfopcitm,2,10,4,14.93
5000,256,rcfopcitm,2,10,5,14.91
5000,256,rcfopcitm,2,10,6,14.81
5000,256,rcfopcitm,2,10,7,15.559999999999995
5000,256,rcfopcitm,2,10,8,14.459999999999996
5000,256,rcfopcitm,2,10,9,15.490000000000004
5000,256,rcfopcitm,2,2,0,14.570000000000006
5000,256,rcfopcitm,2,2,1,14.92
5000,256,rcfopcitm,2,2,2,14.329999999999998
5000,256,rcfopcitm,2,2,3,14.090000000000003
5000,256,rcfopcitm,2,2,4,14.829999999999998
5000,256,rcfopcitm,2,2,5,14.539999999999997
5000,256,rcfopcitm,2,2,6,14.439999999999998
5000,256,rcfopcitm,2,2,7,14.729999999999999
5000,256,rcfopcitm,2,2,8,14.790000000000003
5000,256,rcfopcitm,2,2,9,14.329999999999998
5000,256,rcfopcitm,2,3,0,14.229999999999999
5000,256,rcfopcitm,2,3,1,14.219999999999999
5000,256,rcfopcitm,2,3,2,14.870000000000005
5000,256,rcfopcitm,2,3,3,14.439999999999998
5000,256,rcfopcitm,2,3,4,14.480000000000004
5000,256,rcfopcitm,2,3,5,14.62
5000,256,rcfopcitm,2,3,6,14.610000000000001
5000,256,rcfopcitm,2,3,7,14.970000000000006
5000,256,rcfopcitm,2,3,8,14.039999999999997
5000,256,rcfopcitm,2,3,9,14.829999999999998
5000,256,rcfopcitm,2,4,0,14.880000000000004
5000,256,rcfopcitm,2,4,1,14.21
5000,256,rcfopcitm,2,4,2,14.359999999999996
5000,256,rcfopcitm,2,4,3,14.839999999999998
5000,256,rcfopcitm,2,4,4,14.62
5000,256,rcfopcitm,2,4,5,14.459999999999996
5000,256,rcfopcitm,2,4,6,14.090000000000003
5000,256,rcfopcitm,2,4,7,14.659999999999995
5000,256,rcfopcitm,2,4,8,15.21
5000,256,rcfopcitm,2,4,9,14.249999999999996
5000,256,rcfopcitm,2,5,0,15.090000000000003
5000,256,rcfopcitm,2,5,1,14.570000000000006
5000,256,rcfopcitm,2,5,2,14.11
5000,256,rcfopcitm,2,5,3,14.200000000000001
5000,256,rcfopcitm,2,5,4,14.690000000000003
5000,256,rcfopcitm,2,5,5,14.610000000000001
5000,256,rcfopcitm,2,5,6,14.81
5000,256,rcfopcitm,2,5,7,14.92
5000,256,rcfopcitm,2,5,8,14.239999999999997
5000,256,rcfopcitm,2,5,9,14.600000000000001
5000,256,rcfopcitm,2,6,0,14.510000000000002
5000,256,rcfopcitm,2,6,1,15.080000000000005
5000,256,rcfopcitm,2,6,2,14.639999999999997
5000,256,rcfopcitm,2,6,3,14.62
5000,256,rcfopcitm,2,6,4,14.270000000000005
5000,256,rcfopcitm,2,6,5,14.059999999999995
5000,256,rcfopcitm,2,6,6,14.149999999999995
5000,256,rcfopcitm,2,6,7,15.290000000000003
5000,256,rcfopcitm,2,6,8,15.010000000000002
5000,256,rcfopcitm,2,6,9,14.52
5000,256,rcfopcitm,2,7,0,14.739999999999998
5000,256,rcfopcitm,2,7,1,14.959999999999996
5000,256,rcfopcitm,2,7,2,14.780000000000005
5000,256,rcfopcitm,2,7,3,14.280000000000005
5000,256,rcfopcitm,2,7,4,14.449999999999996
5000,256,rcfopcitm,2,7,5,14.559999999999995
5000,256,rcfopcitm,2,7,6,14.990000000000004
5000,256,rcfopcitm,2,7,7,15.329999999999998
5000,256,rcfopcitm,2,7,8,14.3
5000,256,rcfopcitm,2,7,9,14.859999999999996
5000,256,rcfopcitm,2,8,0,14.649999999999997
5000,256,rcfopcitm,2,8,1,15.369999999999994
5000,256,rcfopcitm,2,8,2,14.459999999999996
5000,256,rcfopcitm,2,8,3,15.039999999999997
5000,256,rcfopcitm,2,8,4,14.500000000000002
5000,256,rcfopcitm,2,8,5,14.270000000000005
5000,256,rcfopcitm,2,8,6,14.880000000000004
5000,256,rcfopcitm,2,8,7,14.990000000000004
5000,256,rcfopcitm,2,8,8,14.649999999999997
5000,256,rcfopcitm,2,8,9,14.93
5000,256,rcfopcitm,2,9,0,14.939999999999998
5000,256,rcfopcitm,2,9,1,14.790000000000003
5000,256,rcfopcitm,2,9,2,15.03
5000,256,rcfopcitm,2,9,3,14.729999999999999
5000,256,rcfopcitm,2,9,4,15.43
5000,256,rcfopcitm,2,9,5,14.629999999999999
5000,256,rcfopcitm,2,9,6,14.71
5000,256,rcfopcitm,2,9,7,15.159999999999997
5000,256,rcfopcitm,2,9,8,14.349999999999996
5000,256,rcfopcitm,2,9,9,15.049999999999997
5000,256,rcfopcitm,3,1,0,13.91
5000,256,rcfopcitm,3,1,1,14.939999999999998
5000,256,rcfopcitm,3,1,2,14.690000000000003
5000,256,rcfopcitm,3,1,3,15.169999999999995
5000,256,rcfopcitm,3,1,4,14.839999999999998
5000,256,rcfopcitm,3,1,5,14.21
5000,256,rcfopcitm,3,1,6,14.439999999999998
5000,256,rcfopcitm,3,1,7,14.449999999999996
5000,256,rcfopcitm,3,1,8,14.62
5000,256,rcfopcitm,3,1,9,14.259999999999994
5000,256,rcfopcitm,3,10,0,15.810000000000002
5000,256,rcfopcitm,3,10,1,15.139999999999997
5000,256,rcfopcitm,3,10,2,15.349999999999998
5000,256,rcfopcitm,3,10,3,15.54
5000,256,rcfopcitm,3,10,4,15.869999999999996
5000,256,rcfopcitm,3,10,5,15.359999999999996
5000,256,rcfopcitm,3,10,6,15.42
5000,256,rcfopcitm,3,10,7,15.369999999999994
5000,256,rcfopcitm,3,10,8,15.22
5000,256,rcfopcitm,3,10,9,15.080000000000005
5000,256,rcfopcitm,3,2,0,14.510000000000002
5000,256,rcfopcitm,3,2,1,14.570000000000006
5000,256,rcfopcitm,3,2,2,14.470000000000006
5000,256,rcfopcitm,3,2,3,14.590000000000003
5000,256,rcfopcitm,3,2,4,14.829999999999998
5000,256,rcfopcitm,3,2,5,15.059999999999995
5000,256,rcfopcitm,3,2,6,14.92
5000,256,rcfopcitm,3,2,7,14.249999999999996
5000,256,rcfopcitm,3,2,8,14.219999999999999
5000,256,rcfopcitm,3,2,9,14.31
5000,256,rcfopcitm,3,3,0,15.059999999999995
5000,256,rcfopcitm,3,3,1,14.329999999999998
5000,256,rcfopcitm,3,3,2,14.71
5000,256,rcfopcitm,3,3,3,14.91
5000,256,rcfopcitm,3,3,4,14.459999999999996
5000,256,rcfopcitm,3,3,5,14.290000000000003
5000,256,rcfopcitm,3,3,6,15.080000000000005
5000,256,rcfopcitm,3,3,7,14.32
5000,256,rcfopcitm,3,3,8,14.600000000000001
5000,256,rcfopcitm,3,3,9,14.839999999999998
5000,256,rcfopcitm,3,4,0,14.939999999999998
5000,256,rcfopcitm,3,4,1,14.92
5000,256,rcfopcitm,3,4,2,14.41
5000,256,rcfopcitm,3,4,3,15.069999999999995
5000,256,rcfopcitm,3,4,4,14.400000000000002
5000,256,rcfopcitm,3,4,5,14.990000000000004
5000,256,rcfopcitm,3,4,6,14.939999999999998
5000,256,rcfopcitm,3,4,7,15.180000000000005
5000,256,rcfopcitm,3,4,8,14.500000000000002
5000,256,rcfopcitm,3,4,9,15.02
5000,256,rcfopcitm,3,5,0,14.93
5000,256,rcfopcitm,3,5,1,15.100000000000001
5000,256,rcfopcitm,3,5,2,15.229999999999999
5000,256,rcfopcitm,3,5,3,15.249999999999996
5000,256,rcfopcitm,3,5,4,15.049999999999997
5000,256,rcfopcitm,3,5,5,15.080000000000005
5000,256,rcfopcitm,3,5,6,14.559999999999995
5000,256,rcfopcitm,3,5,7,14.370000000000005
5000,256,rcfopcitm,3,5,8,14.590000000000003
5000,256,rcfopcitm,3,5,9,15.339999999999998
5000,256,rcfopcitm,3,6,0,14.82
5000,256,rcfopcitm,3,6,1,15.439999999999998
5000,256,rcfopcitm,3,6,2,14.749999999999996
5000,256,rcfopcitm,3,6,3,14.859999999999996
5000,256,rcfopcitm,3,6,4,15.410000000000002
5000,256,rcfopcitm,3,6,5,15.149999999999997
5000,256,rcfopcitm,3,6,6,15.469999999999995
5000,256,rcfopcitm,3,6,7,15.400000000000002
5000,256,rcfopcitm,3,6,8,15.249999999999996
5000,256,rcfopcitm,3,6,9,14.770000000000005
5000,256,rcfopcitm,3,7,0,15.500000000000004
5000,256,rcfopcitm,3,7,1,15.459999999999996
5000,256,rcfopcitm,3,7,2,14.91
5000,256,rcfopcitm,3,7,3,15.439999999999998
5000,256,rcfopcitm,3,7,4,15.049999999999997
5000,256,rcfopcitm,3,7,5,15.590000000000003
5000,256,rcfopcitm,3,7,6,15.190000000000003
5000,256,rcfopcitm,3,7,7,15.21
5000,256,rcfopcitm,3,7,8,15.139999999999997
5000,256,rcfopcitm,3,7,9,15.22
5000,256,rcfopcitm,3,8,0,15.580000000000005
5000,256,rcfopcitm,3,8,1,15.329999999999998
5000,256,rcfopcitm,3,8,2,15.169999999999995
5000,256,rcfopcitm,3,8,3,15.42
5000,256,rcfopcitm,3,8,4,15.239999999999998
5000,256,rcfopcitm,3,8,5,15.510000000000002
5000,256,rcfopcitm,3,8,6,15.239999999999998
5000,256,rcfopcitm,3,8,7,15.259999999999996
5000,256,rcfopcitm,3,8,8,15.759999999999996
5000,256,rcfopcitm,3,8,9,14.82
5000,256,rcfopcitm,3,9,0,15.290000000000003
5000,256,rcfopcitm,3,9,1,15.859999999999996
5000,256,rcfopcitm,3,9,2,15.22
5000,256,rcfopcitm,3,9,3,15.639999999999999
5000,256,rcfopcitm,3,9,4,15.839999999999998
5000,256,rcfopcitm,3,9,5,15.21
5000,256,rcfopcitm,3,9,6,15.52
5000,256,rcfopcitm,3,9,7,14.770000000000005
5000,256,rcfopcitm,3,9,8,15.269999999999994
5000,256,rcfopcitm,3,9,9,15.329999999999998
5000,256,rcfopcitm,5,1,0,15.100000000000001
5000,256,rcfopcitm,5,1,1,14.139999999999997
5000,256,rcfopcitm,5,1,2,14.41
5000,256,rcfopcitm,5,1,3,14.400000000000002
5000,256,rcfopcitm,5,1,4,14.41
5000,256,rcfopcitm,5,1,5,14.739999999999998
5000,256,rcfopcitm,5,1,6,14.159999999999995
5000,256,rcfopcitm,5,1,7,14.429999999999998
5000,256,rcfopcitm,5,1,8,14.680000000000003
5000,256,rcfopcitm,5,1,9,14.370000000000005
5000,256,rcfopcitm,5,10,0,16.520000000000003
5000,256,rcfopcitm,5,10,1,16.71
5000,256,rcfopcitm,5,10,2,16.73
5000,256,rcfopcitm,5,10,3,16.42
5000,256,rcfopcitm,5,10,4,16.310000000000002
5000,256,rcfopcitm,5,10,5,16.300000000000004
5000,256,rcfopcitm,5,10,6,16.159999999999997
5000,256,rcfopcitm,5,10,7,16.73
5000,256,rcfopcitm,5,10,8,17.020000000000003
5000,256,rcfopcitm,5,10,9,16.520000000000003
5000,256,rcfopcitm,5,2,0,14.549999999999997
5000,256,rcfopcitm,5,2,1,14.249999999999996
5000,256,rcfopcitm,5,2,2,14.870000000000005
5000,256,rcfopcitm,5,2,3,14.749999999999996
5000,256,rcfopcitm,5,2,4,14.059999999999995
5000,256,rcfopcitm,5,2,5,14.639999999999997
5000,256,rcfopcitm,5,2,6,14.670000000000005
5000,256,rcfopcitm,5,2,7,14.629999999999999
5000,256,rcfopcitm,5,2,8,14.459999999999996
5000,256,rcfopcitm,5,2,9,14.400000000000002
5000,256,rcfopcitm,5,3,0,14.959999999999996
5000,256,rcfopcitm,5,3,1,14.849999999999996
5000,256,rcfopcitm,5,3,2,14.870000000000005
5000,256,rcfopcitm,5,3,3,14.429999999999998
5000,256,rcfopcitm,5,3,4,14.680000000000003
5000,256,rcfopcitm,5,3,5,14.439999999999998
5000,256,rcfopcitm,5,3,6,14.439999999999998
5000,256,rcfopcitm,5,3,7,14.659999999999995
5000,256,rcfopcitm,5,3,8,15.059999999999995
5000,256,rcfopcitm,5,3,9,14.949999999999996
5000,256,rcfopcitm,5,4,0,14.500000000000002
5000,256,rcfopcitm,5,4,1,14.890000000000004
5000,256,rcfopcitm,5,4,2,14.729999999999999
5000,256,rcfopcitm,5,4,3,14.980000000000004
5000,256,rcfopcitm,5,4,4,14.359999999999996
5000,256,rcfopcitm,5,4,5,14.890000000000004
5000,256,rcfopcitm,5,4,6,15.159999999999997
5000,256,rcfopcitm,5,4,7,15.059999999999995
5000,256,rcfopcitm,5,4,8,14.700000000000003
5000,256,rcfopcitm,5,4,9,15.02
5000,256,rcfopcitm,5,5,0,15.32
5000,256,rcfopcitm,5,5,1,15.02
5000,256,rcfopcitm,5,5,2,14.559999999999995
5000,256,rcfopcitm,5,5,3,14.629999999999999
5000,256,rcfopcitm,5,5,4,15.120000000000001
5000,256,rcfopcitm,5,5,5,15.22
5000,256,rcfopcitm,5,5,6,15.400000000000002
5000,256,rcfopcitm,5,5,7,15.300000000000002
5000,256,rcfopcitm,5,5,8,15.249999999999996
5000,256,rcfopcitm,5,5,9,14.870000000000005
5000,256,rcfopcitm,5,6,0,15.229999999999999
5000,256,rcfopcitm,5,6,1,15.169999999999995
5000,256,rcfopcitm,5,6,2,15.039999999999997
5000,256,rcfopcitm,5,6,3,14.780000000000005
5000,256,rcfopcitm,5,6,4,15.169999999999995
5000,256,rcfopcitm,5,6,5,15.590000000000003
5000,256,rcfopcitm,5,6,6,14.739999999999998
5000,256,rcfopcitm,5,6,7,15.21
5000,256,rcfopcitm,5,6,8,15.080000000000005
5000,256,rcfopcitm,5,6,9,14.600000000000001
5000,256,rcfopcitm,5,7,0,14.870000000000005
5000,256,rcfopcitm,5,7,1,14.62
5000,256,rcfopcitm,5,7,2,15.100000000000001
5000,256,rcfopcitm,5,7,3,15.02
5000,256,rcfopcitm,5,7,4,15.069999999999995
5000,256,rcfopcitm,5,7,5,15.500000000000004
5000,256,rcfopcitm,5,7,6,15.03
5000,256,rcfopcitm,5,7,7,14.539999999999997
5000,256,rcfopcitm,5,7,8,14.849999999999996
5000,256,rcfopcitm,5,7,9,14.949999999999996
5000,256,rcfopcitm,5,8,0,15.249999999999996
5000,256,rcfopcitm,5,8,1,14.870000000000005
5000,256,rcfopcitm,5,8,2,14.900000000000002
5000,256,rcfopcitm,5,8,3,14.41
5000,256,rcfopcitm,5,8,4,14.649999999999997
5000,256,rcfopcitm,5,8,5,15.080000000000005
5000,256,rcfopcitm,5,8,6,15.110000000000001
5000,256,rcfopcitm,5,8,7,15.059999999999995
5000,256,rcfopcitm,5,8,8,14.610000000000001
5000,256,rcfopcitm,5,8,9,15.000000000000002
5000,256,rcfopcitm,5,9,0,15.369999999999994
5000,256,rcfopcitm,5,9,1,15.469999999999995
5000,256,rcfopcitm,5,9,2,15.129999999999999
5000,256,rcfopcitm,5,9,3,14.739999999999998
5000,256,rcfopcitm,5,9,4,15.43
5000,256,rcfopcitm,5,9,5,15.669999999999995
5000,256,rcfopcitm,5,9,6,15.43
5000,256,rcfopcitm,5,9,7,15.190000000000003
5000,256,rcfopcitm,5,9,8,15.110000000000001
5000,256,rcfopcitm,5,9,9,15.190000000000003
5000,256,rcfopcitm,7,1,0,14.439999999999998
5000,256,rcfopcitm,7,1,1,14.480000000000004
5000,256,rcfopcitm,7,1,2,14.100000000000001
5000,256,rcfopcitm,7,1,3,14.590000000000003
5000,256,rcfopcitm,7,1,4,14.180000000000003
5000,256,rcfopcitm,7,1,5,13.970000000000004
5000,256,rcfopcitm,7,1,6,14.590000000000003
5000,256,rcfopcitm,7,1,7,14.349999999999996
5000,256,rcfopcitm,7,1,8,14.480000000000004
5000,256,rcfopcitm,7,1,9,14.21
5000,256,rcfopcitm,7,10,0,17.279999999999994
5000,256,rcfopcitm,7,10,1,17.390000000000004
5000,256,rcfopcitm,7,10,2,17.979999999999997
5000,256,rcfopcitm,7,10,3,17.259999999999998
5000,256,rcfopcitm,7,10,4,18.010000000000005
5000,256,rcfopcitm,7,10,5,17.510000000000005
5000,256,rcfopcitm,7,10,6,17.020000000000003
5000,256,rcfopcitm,7,10,7,17.110000000000003
5000,256,rcfopcitm,7,10,8,17.14
5000,256,rcfopcitm,7,10,9,17.179999999999996
5000,256,rcfopcitm,7,2,0,14.429999999999998
5000,256,rcfopcitm,7,2,1,13.970000000000004
5000,256,rcfopcitm,7,2,2,13.929999999999998
5000,256,rcfopcitm,7,2,3,14.659999999999995
5000,256,rcfopcitm,7,2,4,14.180000000000003
5000,256,rcfopcitm,7,2,5,14.549999999999997
5000,256,rcfopcitm,7,2,6,14.32
5000,256,rcfopcitm,7,2,7,14.510000000000002
5000,256,rcfopcitm,7,2,8,14.500000000000002
5000,256,rcfopcitm,7,2,9,14.559999999999995
5000,256,rcfopcitm,7,3,0,14.839999999999998
5000,256,rcfopcitm,7,3,1,14.510000000000002
5000,256,rcfopcitm,7,3,2,14.570000000000006
5000,256,rcfopcitm,7,3,3,14.510000000000002
5000,256,rcfopcitm,7,3,4,14.790000000000003
5000,256,rcfopcitm,7,3,5,14.229999999999999
5000,256,rcfopcitm,7,3,6,14.480000000000004
5000,256,rcfopcitm,7,3,7,14.62
5000,256,rcfopcitm,7,3,8,14.029999999999998
5000,256,rcfopcitm,7,3,9,14.539999999999997
5000,256,rcfopcitm,7,4,0,14.759999999999994
5000,256,rcfopcitm,7,4,1,14.719999999999999
5000,256,rcfopcitm,7,4,2,15.049999999999997
5000,256,rcfopcitm,7,4,3,14.329999999999998
5000,256,rcfopcitm,7,4,4,14.91
5000,256,rcfopcitm,7,4,5,14.719999999999999
5000,256,rcfopcitm,7,4,6,14.91
5000,256,rcfopcitm,7,4,7,14.159999999999995
5000,256,rcfopcitm,7,4,8,14.890000000000004
5000,256,rcfopcitm,7,4,9,14.580000000000004
5000,256,rcfopcitm,7,5,0,14.659999999999995
5000,256,rcfopcitm,7,5,1,14.92
5000,256,rcfopcitm,7,5,2,14.81
5000,256,rcfopcitm,7,5,3,14.729999999999999
5000,256,rcfopcitm,7,5,4,14.759999999999994
5000,256,rcfopcitm,7,5,5,14.219999999999999
5000,256,rcfopcitm,7,5,6,14.729999999999999
5000,256,rcfopcitm,7,5,7,14.529999999999998
5000,256,rcfopcitm,7,5,8,14.280000000000005
5000,256,rcfopcitm,7,5,9,14.259999999999994
5000,256,rcfopcitm,7,6,0,14.81
5000,256,rcfopcitm,7,6,1,14.339999999999996
5000,256,rcfopcitm,7,6,2,14.42
5000,256,rcfopcitm,7,6,3,14.500000000000002
5000,256,rcfopcitm,7,6,4,14.92
5000,256,rcfopcitm,7,6,5,14.229999999999999
5000,256,rcfopcitm,7,6,6,14.670000000000005
5000,256,rcfopcitm,7,6,7,15.010000000000002
5000,256,rcfopcitm,7,6,8,14.839999999999998
5000,256,rcfopcitm,7,6,9,14.739999999999998
5000,256,rcfopcitm,7,7,0,15.680000000000005
5000,256,rcfopcitm,7,7,1,15.43
5000,256,rcfopcitm,7,7,2,15.690000000000005
5000,256,rcfopcitm,7,7,3,15.82
5000,256,rcfopcitm,7,7,4,15.82
5000,256,rcfopcitm,7,7,5,15.610000000000001
5000,256,rcfopcitm,7,7,6,15.969999999999995
5000,256,rcfopcitm,7,7,7,15.480000000000004
5000,256,rcfopcitm,7,7,8,16.080000000000005
5000,256,rcfopcitm,7,7,9,16.12
5000,256,rcfopcitm,7,8,0,16.220000000000002
5000,256,rcfopcitm,7,8,1,16.269999999999996
5000,256,rcfopcitm,7,8,2,15.980000000000006
5000,256,rcfopcitm,7,8,3,15.93
5000,256,rcfopcitm,7,8,4,16.069999999999997
5000,256,rcfopcitm,7,8,5,16.469999999999995
5000,256,rcfopcitm,7,8,6,15.949999999999998
5000,256,rcfopcitm,7,8,7,16.669999999999995
5000,256,rcfopcitm,7,8,8,16.090000000000003
5000,256,rcfopcitm,7,8,9,15.959999999999997
5000,256,rcfopcitm,7,9,0,16.869999999999997
5000,256,rcfopcitm,7,9,1,16.279999999999994
5000,256,rcfopcitm,7,9,2,17.03
5000,256,rcfopcitm,7,9,3,17.020000000000003
5000,256,rcfopcitm,7,9,4,16.45
5000,256,rcfopcitm,7,9,5,16.469999999999995
5000,256,rcfopcitm,7,9,6,16.559999999999995
5000,256,rcfopcitm,7,9,7,16.569999999999997
5000,256,rcfopcitm,7,9,8,16.379999999999995
5000,256,rcfopcitm,7,9,9,16.53
5000,32,fwd,,,0,14.529999999999998
5000,32,fwd,,,1,15.200000000000003
5000,32,fwd,,,2,15.300000000000002
5000,32,fwd,,,3,15.059999999999995
5000,32,fwd,,,4,15.469999999999995
5000,32,fwd,,,5,15.059999999999995
5000,32,fwd,,,6,14.990000000000004
5000,32,fwd,,,7,14.559999999999995
5000,32,fwd,,,8,14.82
5000,32,fwd,,,9,14.990000000000004
5000,32,rcfopcitm,10,1,0,15.000000000000002
5000,32,rcfopcitm,10,1,1,15.02
5000,32,rcfopcitm,10,1,2,15.290000000000003
5000,32,rcfopcitm,10,1,3,15.449999999999998
5000,32,rcfopcitm,10,1,4,15.590000000000003
5000,32,rcfopcitm,10,1,5,15.039999999999997
5000,32,rcfopcitm,10,1,6,15.339999999999998
5000,32,rcfopcitm,10,1,7,15.53
5000,32,rcfopcitm,10,1,8,14.71
5000,32,rcfopcitm,10,1,9,15.490000000000004
5000,32,rcfopcitm,10,10,0,22.78
5000,32,rcfopcitm,10,10,1,22.49
5000,32,rcfopcitm,10,10,2,22.88
5000,32,rcfopcitm,10,10,3,22.58
5000,32,rcfopcitm,10,10,4,22.050000000000004
5000,32,rcfopcitm,10,10,5,22.509999999999998
5000,32,rcfopcitm,10,10,6,23.07
5000,32,rcfopcitm,10,10,7,22.909999999999997
5000,32,rcfopcitm,10,10,8,23.450000000000003
5000,32,rcfopcitm,10,10,9,23.209999999999997
5000,32,rcfopcitm,10,2,0,15.43
5000,32,rcfopcitm,10,2,1,15.459999999999996
5000,32,rcfopcitm,10,2,2,15.900000000000002
5000,32,rcfopcitm,10,2,3,15.83
5000,32,rcfopcitm,10,2,4,15.849999999999998
5000,32,rcfopcitm,10,2,5,15.639999999999999
5000,32,rcfopcitm,10,2,6,15.359999999999996
5000,32,rcfopcitm,10,2,7,15.339999999999998
5000,32,rcfopcitm,10,2,8,15.439999999999998
5000,32,rcfopcitm,10,2,9,15.42
5000,32,rcfopcitm,10,3,0,16.439999999999998
5000,32,rcfopcitm,10,3,1,16.13
5000,32,rcfopcitm,10,3,2,16.74
5000,32,rcfopcitm,10,3,3,15.949999999999998
5000,32,rcfopcitm,10,3,4,16.42
5000,32,rcfopcitm,10,3,5,17.01
5000,32,rcfopcitm,10,3,6,16.879999999999995
5000,32,rcfopcitm,10,3,7,16.400000000000002
5000,32,rcfopcitm,10,3,8,16.900000000000006
5000,32,rcfopcitm,10,3,9,16.64
5000,32,rcfopcitm,10,4,0,17.879999999999995
5000,32,rcfopcitm,10,4,1,17.769999999999996
5000,32,rcfopcitm,10,4,2,17.510000000000005
5000,32,rcfopcitm,10,4,3,17.53
5000,32,rcfopcitm,10,4,4,17.379999999999995
5000,32,rcfopcitm,10,4,5,17.53
5000,32,rcfopcitm,10,4,6,17.810000000000002
5000,32,rcfopcitm,10,4,7,18.200000000000006
5000,32,rcfopcitm,10,4,8,18.110000000000003
5000,32,rcfopcitm,10,4,9,17.769999999999996
5000,32,rcfopcitm,10,5,0,22.68
5000,32,rcfopcitm,10,5,1,21.57
5000,32,rcfopcitm,10,5,2,21.319999999999993
5000,32,rcfopcitm,10,5,3,21.97
5000,32,rcfopcitm,10,5,4,22.140000000000004
5000,32,rcfopcitm,10,5,5,22.150000000000002
5000,32,rcfopcitm,10,5,6,22.160000000000004
5000,32,rcfopcitm,10,5,7,22.4
5000,32,rcfopcitm,10,5,8,21.550000000000004
5000,32,rcfopcitm,10,5,9,21.409999999999997
5000,32,rcfopcitm,10,6,0,21.330000000000005
5000,32,rcfopcitm,10,6,1,22.130000000000006
5000,32,rcfopcitm,10,6,2,21.930000000000007
5000,32,rcfopcitm,10,6,3,22.230000000000004
5000,32,rcfopcitm,10,6,4,22.340000000000003
5000,32,rcfopcitm,10,6,5,21.279999999999998
5000,32,rcfopcitm,10,6,6,22.330000000000005
5000,32,rcfopcitm,10,6,7,21.26
5000,32,rcfopcitm,10,6,8,21.250000000000004
5000,32,rcfopcitm,10,6,9,21.4
5000,32,rcfopcitm,10,7,0,20.930000000000003
5000,32,rcfopcitm,10,7,1,21.18
5000,32,rcfopcitm,10,7,2,20.809999999999995
5000,32,rcfopcitm,10,7,3,20.340000000000003
5000,32,rcfopcitm,10,7,4,21.030000000000005
5000,32,rcfopcitm,10,7,5,21.430000000000003
5000,32,rcfopcitm,10,7,6,21.05
5000,32,rcfopcitm,10,7,7,20.669999999999998
5000,32,rcfopcitm,10,7,8,20.450000000000003
5000,32,rcfopcitm,10,7,9,20.330000000000005
5000,32,rcfopcitm,10,8,0,20.16
5000,32,rcfopcitm,10,8,1,20.809999999999995
5000,32,rcfopcitm,10,8,2,20.330000000000005
5000,32,rcfopcitm,10,8,3,19.740000000000002
5000,32,rcfopcitm,10,8,4,20.830000000000005
5000,32,rcfopcitm,10,8,5,20.950000000000003
5000,32,rcfopcitm,10,8,6,21.57
5000,32,rcfopcitm,10,8,7,20.560000000000002
5000,32,rcfopcitm,10,8,8,20.999999999999996
5000,32,rcfopcitm,10,8,9,20.899999999999995
5000,32,rcfopcitm,10,9,0,21.599999999999998
5000,32,rcfopcitm,10,9,1,21.409999999999997
5000,32,rcfopcitm,10,9,2,21.550000000000004
5000,32,rcfopcitm,10,9,3,21.17
5000,32,rcfopcitm,10,9,4,21.950000000000003
5000,32,rcfopcitm,10,9,5,22.040000000000003
5000,32,rcfopcitm,10,9,6,22.29
5000,32,rcfopcitm,10,9,7,21.97
5000,32,rcfopcitm,10,9,8,20.979999999999997
5000,32,rcfopcitm,10,9,9,22.060000000000002
5000,32,rcfopcitm,12,1,0,15.469999999999995
5000,32,rcfopcitm,12,1,1,15.569999999999995
5000,32,rcfopcitm,12,1,2,15.449999999999998
5000,32,rcfopcitm,12,1,3,15.569999999999995
5000,32,rcfopcitm,12,1,4,15.32
5000,32,rcfopcitm,12,1,5,15.459999999999996
5000,32,rcfopcitm,12,1,6,15.53
5000,32,rcfopcitm,12,1,7,15.059999999999995
5000,32,rcfopcitm,12,1,8,15.549999999999997
5000,32,rcfopcitm,12,1,9,15.400000000000002
5000,32,rcfopcitm,12,10,0,23.17
5000,32,rcfopcitm,12,10,1,23.880000000000003
5000,32,rcfopcitm,12,10,2,23.450000000000003
5000,32,rcfopcitm,12,10,3,22.509999999999998
5000,32,rcfopcitm,12,10,4,22.840000000000003
5000,32,rcfopcitm,12,10,5,22.770000000000003
5000,32,rcfopcitm,12,10,6,21.99
5000,32,rcfopcitm,12,10,7,22.219999999999995
5000,32,rcfopcitm,12,10,8,23.360000000000003
5000,32,rcfopcitm,12,10,9,22.57
5000,32,rcfopcitm,12,2,0,16.34
5000,32,rcfopcitm,12,2,1,16.259999999999998
5000,32,rcfopcitm,12,2,2,16.21
5000,32,rcfopcitm,12,2,3,16.700000000000003
5000,32,rcfopcitm,12,2,4,16.03
5000,32,rcfopcitm,12,2,5,17.049999999999997
5000,32,rcfopcitm,12,2,6,15.869999999999996
5000,32,rcfopcitm,12,2,7,16.080000000000005
5000,32,rcfopcitm,12,2,8,15.900000000000002
5000,32,rcfopcitm,12,2,9,16.720000000000002
5000,32,rcfopcitm,12,3,0,18.55
5000,32,rcfopcitm,12,3,1,17.95
5000,32,rcfopcitm,12,3,2,17.92
5000,32,rcfopcitm,12,3,3,18.630000000000003
5000,32,rcfopcitm,12,3,4,18.120000000000005
5000,32,rcfopcitm,12,3,5,18.330000000000002
5000,32,rcfopcitm,12,3,6,18.200000000000006
5000,32,rcfopcitm,12,3,7,17.86
5000,32,rcfopcitm,12,3,8,18.15
5000,32,rcfopcitm,12,3,9,18.000000000000004
5000,32,rcfopcitm,12,4,0,22.17
5000,32,rcfopcitm,12,4,1,22.240000000000006
5000,32,rcfopcitm,12,4,2,22.160000000000004
5000,32,rcfopcitm,12,4,3,24.019999999999996
5000,32,rcfopcitm,12,4,4,22.87
5000,32,rcfopcitm,12,4,5,21.589999999999996
5000,32,rcfopcitm,12,4,6,23.540000000000006
5000,32,rcfopcitm,12,4,7,22.26
5000,32,rcfopcitm,12,4,8,20.720000000000006
5000,32,rcfopcitm,12,4,9,21.96
5000,32,rcfopcitm,12,5,0,20.920000000000005
5000,32,rcfopcitm,12,5,1,22.48
5000,32,rcfopcitm,12,5,2,22.440000000000005
5000,32,rcfopcitm,12,5,3,21.589999999999996
5000,32,rcfopcitm,12,5,4,21.18
5000,32,rcfopcitm,12,5,5,21.36
5000,32,rcfopcitm,12,5,6,22.09
5000,32,rcfopcitm,12,5,7,21.78
5000,32,rcfopcitm,12,5,8,21.450000000000003
5000,32,rcfopcitm,12,5,9,21.140000000000004
5000,32,rcfopcitm,12,6,0,20.560000000000002
5000,32,rcfopcitm,12,6,1,20.389999999999997
5000,32,rcfopcitm,12,6,2,19.789999999999996
5000,32,rcfopcitm,12,6,3,21.740000000000002
5000,32,rcfopcitm,12,6,4,19.730000000000004
5000,32,rcfopcitm,12,6,5,21.07
5000,32,rcfopcitm,12,6,6,21.450000000000003
5000,32,rcfopcitm,12,6,7,20.07
5000,32,rcfopcitm,12,6,8,20.209999999999994
5000,32,rcfopcitm,12,6,9,21.87
5000,32,rcfopcitm,12,7,0,21.389999999999997
5000,32,rcfopcitm,12,7,1,20.740000000000002
5000,32,rcfopcitm,12,7,2,20.409999999999997
5000,32,rcfopcitm,12,7,3,21.309999999999995
5000,32,rcfopcitm,12,7,4,20.499999999999996
5000,32,rcfopcitm,12,7,5,21.189999999999998
5000,32,rcfopcitm,12,7,6,21.750000000000004
5000,32,rcfopcitm,12,7,7,22.17
5000,32,rcfopcitm,12,7,8,21.96
5000,32,rcfopcitm,12,7,9,20.950000000000003
5000,32,rcfopcitm,12,8,0,22.38
5000,32,rcfopcitm,12,8,1,21.060000000000002
5000,32,rcfopcitm,12,8,2,21.930000000000007
5000,32,rcfopcitm,12,8,3,22.130000000000006
5000,32,rcfopcitm,12,8,4,22.040000000000003
5000,32,rcfopcitm,12,8,5,23.380000000000003
5000,32,rcfopcitm,12,8,6,21.97
5000,32,rcfopcitm,12,8,7,22.219999999999995
5000,32,rcfopcitm,12,8,8,21.209999999999994
5000,32,rcfopcitm,12,8,9,22.550000000000004
5000,32,rcfopcitm,12,9,0,22.4
5000,32,rcfopcitm,12,9,1,22.4
5000,32,rcfopcitm,12,9,2,22.829999999999995
5000,32,rcfopcitm,12,9,3,21.550000000000004
5000,32,rcfopcitm,12,9,4,22.119999999999994
5000,32,rcfopcitm,12,9,5,22.470000000000002
5000,32,rcfopcitm,12,9,6,22.650000000000002
5000,32,rcfopcitm,12,9,7,22.79
5000,32,rcfopcitm,12,9,8,22.799999999999997
5000,32,rcfopcitm,12,9,9,23.550000000000004
5000,32,rcfopcitm,2,1,0,15.259999999999996
5000,32,rcfopcitm,2,1,1,14.91
5000,32,rcfopcitm,2,1,2,14.980000000000004
5000,32,rcfopcitm,2,1,3,15.339999999999998
5000,32,rcfopcitm,2,1,4,15.229999999999999
5000,32,rcfopcitm,2,1,5,15.580000000000005
5000,32,rcfopcitm,2,1,6,14.970000000000006
5000,32,rcfopcitm,2,1,7,14.580000000000004
5000,32,rcfopcitm,2,1,8,14.52
5000,32,rcfopcitm,2,1,9,15.549999999999997
5000,32,rcfopcitm,2,10,0,17.45
5000,32,rcfopcitm,2,10,1,17.569999999999997
5000,32,rcfopcitm,2,10,2,17.810000000000002
5000,32,rcfopcitm,2,10,3,17.410000000000004
5000,32,rcfopcitm,2,10,4,17.25
5000,32,rcfopcitm,2,10,5,16.679999999999996
5000,32,rcfopcitm,2,10,6,17.300000000000004
5000,32,rcfopcitm,2,10,7,17.310000000000002
5000,32,rcfopcitm,2,10,8,17.130000000000003
5000,32,rcfopcitm,2,10,9,17.159999999999997
5000,32,rcfopcitm,2,2,0,15.059999999999995
5000,32,rcfopcitm,2,2,1,15.42
5000,32,rcfopcitm,2,2,2,14.93
5000,32,rcfopcitm,2,2,3,15.580000000000005
5000,32,rcfopcitm,2,2,4,14.590000000000003
5000,32,rcfopcitm,2,2,5,15.120000000000001
5000,32,rcfopcitm,2,2,6,15.120000000000001
5000,32,rcfopcitm,2,2,7,15.659999999999997
5000,32,rcfopcitm,2,2,8,15.269999999999994
5000,32,rcfopcitm,2,2,9,14.93
5000,32,rcfopcitm,2,3,0,15.159999999999997
5000,32,rcfopcitm,2,3,1,15.300000000000002
5000,32,rcfopcitm,2,3,2,15.620000000000001
5000,32,rcfopcitm,2,3,3,14.890000000000004
5000,32,rcfopcitm,2,3,4,15.090000000000003
5000,32,rcfopcitm,2,3,5,15.22
5000,32,rcfopcitm,2,3,6,15.629999999999999
5000,32,rcfopcitm,2,3,7,15.53
5000,32,rcfopcitm,2,3,8,15.680000000000005
5000,32,rcfopcitm,2,3,9,15.629999999999999
5000,32,rcfopcitm,2,4,0,15.569999999999995
5000,32,rcfopcitm,2,4,1,15.510000000000002
5000,32,rcfopcitm,2,4,2,15.949999999999998
5000,32,rcfopcitm,2,4,3,15.629999999999999
5000,32,rcfopcitm,2,4,4,15.369999999999994
5000,32,rcfopcitm,2,4,5,15.500000000000004
5000,32,rcfopcitm,2,4,6,15.190000000000003
5000,32,rcfopcitm,2,4,7,14.939999999999998
5000,32,rcfopcitm,2,4,8,15.510000000000002
5000,32,rcfopcitm,2,4,9,15.690000000000005
5000,32,rcfopcitm,2,5,0,16.190000000000005
5000,32,rcfopcitm,2,5,1,16.15
5000,32,rcfopcitm,2,5,2,15.629999999999999
5000,32,rcfopcitm,2,5,3,15.700000000000003
5000,32,rcfopcitm,2,5,4,15.880000000000006
5000,32,rcfopcitm,2,5,5,15.559999999999995
5000,32,rcfopcitm,2,5,6,15.639999999999999
5000,32,rcfopcitm,2,5,7,16.000000000000004
5000,32,rcfopcitm,2,5,8,15.149999999999997
5000,32,rcfopcitm,2,5,9,15.769999999999996
5000,32,rcfopcitm,2,6,0,16.01
5000,32,rcfopcitm,2,6,1,16.21
5000,32,rcfopcitm,2,6,2,15.72
5000,32,rcfopcitm,2,6,3,15.400000000000002
5000,32,rcfopcitm,2,6,4,15.580000000000005
5000,32,rcfopcitm,2,6,5,16.04
5000,32,rcfopcitm,2,6,6,16.42
5000,32,rcfopcitm,2,6,7,15.690000000000005
5000,32,rcfopcitm,2,6,8,16.080000000000005
5000,32,rcfopcitm,2,6,9,16.14
5000,32,rcfopcitm,2,7,0,16.069999999999997
5000,32,rcfopcitm,2,7,1,16.53
5000,32,rcfopcitm,2,7,2,16.479999999999993
5000,32,rcfopcitm,2,7,3,16.369999999999997
5000,32,rcfopcitm,2,7,4,16.33
5000,32,rcfopcitm,2,7,5,15.739999999999998
5000,32,rcfopcitm,2,7,6,16.45
5000,32,rcfopcitm,2,7,7,16.590000000000003
5000,32,rcfopcitm,2,7,8,15.82
5000,32,rcfopcitm,2,7,9,16.32
5000,32,rcfopcitm,2,8,0,16.33
5000,32,rcfopcitm,2,8,1,16.849999999999998
5000,32,rcfopcitm,2,8,2,16.759999999999998
5000,32,rcfopcitm,2,8,3,16.910000000000004
5000,32,rcfopcitm,2,8,4,16.720000000000002
5000,32,rcfopcitm,2,8,5,16.54
5000,32,rcfopcitm,2,8,6,16.720000000000002
5000,32,rcfopcitm,2,8,7,16.220000000000002
5000,32,rcfopcitm,2,8,8,16.469999999999995
5000,32,rcfopcitm,2,8,9,16.080000000000005
5000,32,rcfopcitm,2,9,0,16.600000000000005
5000,32,rcfopcitm,2,9,1,17.379999999999995
5000,32,rcfopcitm,2,9,2,16.400000000000002
5000,32,rcfopcitm,2,9,3,16.669999999999995
5000,32,rcfopcitm,2,9,4,17.03
5000,32,rcfopcitm,2,9,5,17.04
5000,32,rcfopcitm,2,9,6,17.069999999999997
5000,32,rcfopcitm,2,9,7,17.020000000000003
5000,32,rcfopcitm,2,9,8,16.75
5000,32,rcfopcitm,2,9,9,17.12
5000,32,rcfopcitm,3,1,0,15.259999999999996
5000,32,rcfopcitm,3,1,1,14.580000000000004
5000,32,rcfopcitm,3,1,2,14.970000000000006
5000,32,rcfopcitm,3,1,3,15.549999999999997
5000,32,rcfopcitm,3,1,4,15.229999999999999
5000,32,rcfopcitm,3,1,5,14.91
5000,32,rcfopcitm,3,1,6,14.52
5000,32,rcfopcitm,3,1,7,14.980000000000004
5000,32,rcfopcitm,3,1,8,15.580000000000005
5000,32,rcfopcitm,3,1,9,15.339999999999998
5000,32,rcfopcitm,3,10,0,16.679999999999996
5000,32,rcfopcitm,3,10,1,17.300000000000004
5000,32,rcfopcitm,3,10,2,17.310000000000002
5000,32,rcfopcitm,3,10,3,17.810000000000002
5000,32,rcfopcitm,3,10,4,17.410000000000004
5000,32,rcfopcitm,3,10,5,17.569999999999997
5000,32,rcfopcitm,3,10,6,17.45
5000,32,rcfopcitm,3,10,7,17.159999999999997
5000,32,rcfopcitm,3,10,8,17.25
5000,32,rcfopcitm,3,10,9,17.130000000000003
5000,32,rcfopcitm,3,2,0,14.93
5000,32,rcfopcitm,3,2,1,15.42
5000,32,rcfopcitm,3,2,2,15.580000000000005
5000,32,rcfopcitm,3,2,3,15.059999999999995
5000,32,rcfopcitm,3,2,4,15.120000000000001
5000,32,rcfopcitm,3,2,5,14.93
5000,32,rcfopcitm,3,2,6,15.269999999999994
5000,32,rcfopcitm,3,2,7,14.590000000000003
5000,32,rcfopcitm,3,2,8,15.120000000000001
5000,32,rcfopcitm,3,2,9,15.659999999999997
5000,32,rcfopcitm,3,3,0,14.890000000000004
5000,32,rcfopcitm,3,3,1,15.300000000000002
5000,32,rcfopcitm,3,3,2,15.090000000000003
5000,32,rcfopcitm,3,3,3,15.680000000000005
5000,32,rcfopcitm,3,3,4,15.629999999999999
5000,32,rcfopcitm,3,3,5,15.53
5000,32,rcfopcitm,3,3,6,15.159999999999997
5000,32,rcfopcitm,3,3,7,15.629999999999999
5000,32,rcfopcitm,3,3,8,15.620000000000001
5000,32,rcfopcitm,3,3,9,15.22
5000,32,rcfopcitm,3,4,0,15.629999999999999
5000,32,rcfopcitm,3,4,1,15.569999999999995
5000,32,rcfopcitm,3,4,2,15.510000000000002
5000,32,rcfopcitm,3,4,3,15.190000000000003
5000,32,rcfopcitm,3,4,4,15.369999999999994
5000,32,rcfopcitm,3,4,5,15.510000000000002
5000,32,rcfopcitm,3,4,6,15.500000000000004
5000,32,rcfopcitm,3,4,7,15.690000000000005
5000,32,rcfopcitm,3,4,8,14.939999999999998
5000,32,rcfopcitm,3,4,9,15.949999999999998
5000,32,rcfopcitm,3,5,0,16.000000000000004
5000,32,rcfopcitm,3,5,1,16.190000000000005
5000,32,rcfopcitm,3,5,2,15.559999999999995
5000,32,rcfopcitm,3,5,3,15.149999999999997
5000,32,rcfopcitm,3,5,4,15.629999999999999
5000,32,rcfopcitm,3,5,5,15.700000000000003
5000,32,rcfopcitm,3,5,6,15.639999999999999
5000,32,rcfopcitm,3,5,7,15.880000000000006
5000,32,rcfopcitm,3,5,8,15.769999999999996
5000,32,rcfopcitm,3,5,9,16.15
5000,32,rcfopcitm,3,6,0,15.580000000000005
5000,32,rcfopcitm,3,6,1,16.01
5000,32,rcfopcitm,3,6,2,16.14
5000,32,rcfopcitm,3,6,3,15.72
5000,32,rcfopcitm,3,6,4,16.080000000000005
5000,32,rcfopcitm,3,6,5,16.21
5000,32,rcfopcitm,3,6,6,16.04
5000,32,rcfopcitm,3,6,7,15.690000000000005
5000,32,rcfopcitm,3,6,8,16.42
5000,32,rcfopcitm,3,6,9,15.400000000000002
5000,32,rcfopcitm,3,7,0,16.479999999999993
5000,32,rcfopcitm,3,7,1,16.45
5000,32,rcfopcitm,3,7,2,16.369999999999997
5000,32,rcfopcitm,3,7,3,15.739999999999998
5000,32,rcfopcitm,3,7,4,16.590000000000003
5000,32,rcfopcitm,3,7,5,16.33
5000,32,rcfopcitm,3,7,6,16.53
5000,32,rcfopcitm,3,7,7,16.069999999999997
5000,32,rcfopcitm,3,7,8,16.32
5000,32,rcfopcitm,3,7,9,15.82
5000,32,rcfopcitm,3,8,0,16.33
5000,32,rcfopcitm,3,8,1,16.080000000000005
5000,32,rcfopcitm,3,8,2,16.720000000000002
5000,32,rcfopcitm,3,8,3,16.469999999999995
5000,32,rcfopcitm,3,8,4,16.220000000000002
5000,32,rcfopcitm,3,8,5,16.720000000000002
5000,32,rcfopcitm,3,8,6,16.849999999999998
5000,32,rcfopcitm,3,8,7,16.54
5000,32,rcfopcitm,3,8,8,16.910000000000004
5000,32,rcfopcitm,3,8,9,16.759999999999998
5000,32,rcfopcitm,3,9,0,17.12
5000,32,rcfopcitm,3,9,1,16.600000000000005
5000,32,rcfopcitm,3,9,2,17.020000000000003
5000,32,rcfopcitm,3,9,3,17.04
5000,32,rcfopcitm,3,9,4,16.669999999999995
5000,32,rcfopcitm,3,9,5,17.379999999999995
5000,32,rcfopcitm,3,9,6,16.400000000000002
5000,32,rcfopcitm,3,9,7,16.75
5000,32,rcfopcitm,3,9,8,17.069999999999997
5000,32,rcfopcitm,3,9,9,17.03
5000,32,rcfopcitm,5,1,0,14.680000000000003
5000,32,rcfopcitm,5,1,1,15.039999999999997
5000,32,rcfopcitm,5,1,2,14.729999999999999
5000,32,rcfopcitm,5,1,3,15.629999999999999
5000,32,rcfopcitm,5,1,4,15.410000000000002
5000,32,rcfopcitm,5,1,5,15.129999999999999
5000,32,rcfopcitm,5,1,6,15.620000000000001
5000,32,rcfopcitm,5,1,7,15.180000000000005
5000,32,rcfopcitm,5,1,8,15.569999999999995
5000,32,rcfopcitm,5,1,9,15.02
5000,32,rcfopcitm,5,10,0,23.09
5000,32,rcfopcitm,5,10,1,21.319999999999993
5000,32,rcfopcitm,5,10,2,22.109999999999996
5000,32,rcfopcitm,5,10,3,22.240000000000006
5000,32,rcfopcitm,5,10,4,21.689999999999998
5000,32,rcfopcitm,5,10,5,21.689999999999998
5000,32,rcfopcitm,5,10,6,22.09
5000,32,rcfopcitm,5,10,7,21.36
5000,32,rcfopcitm,5,10,8,21.860000000000003
5000,32,rcfopcitm,5,10,9,23.050000000000004
5000,32,rcfopcitm,5,2,0,15.080000000000005
5000,32,rcfopcitm,5,2,1,15.090000000000003
5000,32,rcfopcitm,5,2,2,15.71
5000,32,rcfopcitm,5,2,3,15.649999999999997
5000,32,rcfopcitm,5,2,4,15.129999999999999
5000,32,rcfopcitm,5,2,5,15.739999999999998
5000,32,rcfopcitm,5,2,6,15.469999999999995
5000,32,rcfopcitm,5,2,7,15.680000000000005
5000,32,rcfopcitm,5,2,8,15.42
5000,32,rcfopcitm,5,2,9,15.480000000000004
5000,32,rcfopcitm,5,3,0,16.000000000000004
5000,32,rcfopcitm,5,3,1,15.449999999999998
5000,32,rcfopcitm,5,3,2,15.43
5000,32,rcfopcitm,5,3,3,15.959999999999997
5000,32,rcfopcitm,5,3,4,15.920000000000002
5000,32,rcfopcitm,5,3,5,15.659999999999997
5000,32,rcfopcitm,5,3,6,15.590000000000003
5000,32,rcfopcitm,5,3,7,15.739999999999998
5000,32,rcfopcitm,5,3,8,15.769999999999996
5000,32,rcfopcitm,5,3,9,16.249999999999996
5000,32,rcfopcitm,5,4,0,16.13
5000,32,rcfopcitm,5,4,1,16.410000000000004
5000,32,rcfopcitm,5,4,2,16.049999999999997
5000,32,rcfopcitm,5,4,3,16.269999999999996
5000,32,rcfopcitm,5,4,4,15.759999999999996
5000,32,rcfopcitm,5,4,5,16.579999999999995
5000,32,rcfopcitm,5,4,6,16.259999999999998
5000,32,rcfopcitm,5,4,7,15.980000000000006
5000,32,rcfopcitm,5,4,8,16.54
5000,32,rcfopcitm,5,4,9,16.54
5000,32,rcfopcitm,5,5,0,16.769999999999996
5000,32,rcfopcitm,5,5,1,17.14
5000,32,rcfopcitm,5,5,2,16.900000000000006
5000,32,rcfopcitm,5,5,3,16.720000000000002
5000,32,rcfopcitm,5,5,4,16.679999999999996
5000,32,rcfopcitm,5,5,5,17.490000000000006
5000,32,rcfopcitm,5,5,6,17.25
5000,32,rcfopcitm,5,5,7,17.279999999999994
5000,32,rcfopcitm,5,5,8,16.910000000000004
5000,32,rcfopcitm,5,5,9,16.910000000000004
5000,32,rcfopcitm,5,6,0,17.689999999999994
5000,32,rcfopcitm,5,6,1,17.720000000000002
5000,32,rcfopcitm,5,6,2,17.97
5000,32,rcfopcitm,5,6,3,19.979999999999997
5000,32,rcfopcitm,5,6,4,18.489999999999995
5000,32,rcfopcitm,5,6,5,17.910000000000004
5000,32,rcfopcitm,5,6,6,20.230000000000004
5000,32,rcfopcitm,5,6,7,18.610000000000003
5000,32,rcfopcitm,5,6,8,17.93
5000,32,rcfopcitm,5,6,9,18.44
5000,32,rcfopcitm,5,7,0,22.119999999999994
5000,32,rcfopcitm,5,7,1,20.950000000000003
5000,32,rcfopcitm,5,7,2,20.999999999999996
5000,32,rcfopcitm,5,7,3,21.48
5000,32,rcfopcitm,5,7,4,21.05
5000,32,rcfopcitm,5,7,5,21.79
5000,32,rcfopcitm,5,7,6,20.799999999999997
5000,32,rcfopcitm,5,7,7,21.220000000000006
5000,32,rcfopcitm,5,7,8,21.47
5000,32,rcfopcitm,5,7,9,20.560000000000002
5000,32,rcfopcitm,5,8,0,22.37
5000,32,rcfopcitm,5,8,1,22.209999999999997
5000,32,rcfopcitm,5,8,2,22.07
5000,32,rcfopcitm,5,8,3,22.219999999999995
5000,32,rcfopcitm,5,8,4,21.509999999999994
5000,32,rcfopcitm,5,8,5,21.750000000000004
5000,32,rcfopcitm,5,8,6,22.430000000000007
5000,32,rcfopcitm,5,8,7,22.050000000000004
5000,32,rcfopcitm,5,8,8,22.08
5000,32,rcfopcitm,5,8,9,22.470000000000002
5000,32,rcfopcitm,5,9,0,22.09
5000,32,rcfopcitm,5,9,1,20.979999999999997
5000,32,rcfopcitm,5,9,2,22.57
5000,32,rcfopcitm,5,9,3,22.4
5000,32,rcfopcitm,5,9,4,21.47
5000,32,rcfopcitm,5,9,5,21.46
5000,32,rcfopcitm,5,9,6,21.519999999999996
5000,32,rcfopcitm,5,9,7,22.440000000000005
5000,32,rcfopcitm,5,9,8,21.689999999999998
5000,32,rcfopcitm,5,9,9,23.0
5000,32,rcfopcitm,7,1,0,15.129999999999999
5000,32,rcfopcitm,7,1,1,14.729999999999999
5000,32,rcfopcitm,7,1,2,14.680000000000003
5000,32,rcfopcitm,7,1,3,15.410000000000002
5000,32,rcfopcitm,7,1,4,15.629999999999999
5000,32,rcfopcitm,7,1,5,15.569999999999995
5000,32,rcfopcitm,7,1,6,15.180000000000005
5000,32,rcfopcitm,7,1,7,15.039999999999997
5000,32,rcfopcitm,7,1,8,15.620000000000001
5000,32,rcfopcitm,7,1,9,15.02
5000,32,rcfopcitm,7,10,0,22.109999999999996
5000,32,rcfopcitm,7,10,1,21.689999999999998
5000,32,rcfopcitm,7,10,2,22.240000000000006
5000,32,rcfopcitm,7,10,3,22.09
5000,32,rcfopcitm,7,10,4,21.36
5000,32,rcfopcitm,7,10,5,21.319999999999993
5000,32,rcfopcitm,7,10,6,23.09
5000,32,rcfopcitm,7,10,7,23.050000000000004
5000,32,rcfopcitm,7,10,8,21.689999999999998
5000,32,rcfopcitm,7,10,9,21.860000000000003
5000,32,rcfopcitm,7,2,0,15.71
5000,32,rcfopcitm,7,2,1,15.739999999999998
5000,32,rcfopcitm,7,2,2,15.469999999999995
5000,32,rcfopcitm,7,2,3,15.680000000000005
5000,32,rcfopcitm,7,2,4,15.129999999999999
5000,32,rcfopcitm,7,2,5,15.080000000000005
5000,32,rcfopcitm,7,2,6,15.090000000000003
5000,32,rcfopcitm,7,2,7,15.480000000000004
5000,32,rcfopcitm,7,2,8,15.649999999999997
5000,32,rcfopcitm,7,2,9,15.42
5000,32,rcfopcitm,7,3,0,15.659999999999997
5000,32,rcfopcitm,7,3,1,15.739999999999998
5000,32,rcfopcitm,7,3,2,15.920000000000002
5000,32,rcfopcitm,7,3,3,15.959999999999997
5000,32,rcfopcitm,7,3,4,16.249999999999996
5000,32,rcfopcitm,7,3,5,15.449999999999998
5000,32,rcfopcitm,7,3,6,15.769999999999996
5000,32,rcfopcitm,7,3,7,15.43
5000,32,rcfopcitm,7,3,8,15.590000000000003
5000,32,rcfopcitm,7,3,9,16.000000000000004
5000,32,rcfopcitm,7,4,0,16.54
5000,32,rcfopcitm,7,4,1,16.269999999999996
5000,32,rcfopcitm,7,4,2,16.579999999999995
5000,32,rcfopcitm,7,4,3,16.410000000000004
5000,32,rcfopcitm,7,4,4,15.980000000000006
5000,32,rcfopcitm,7,4,5,16.54
5000,32,rcfopcitm,7,4,6,16.13
5000,32,rcfopcitm,7,4,7,16.259999999999998
5000,32,rcfopcitm,7,4,8,16.049999999999997
5000,32,rcfopcitm,7,4,9,15.759999999999996
5000,32,rcfopcitm,7,5,0,16.769999999999996
5000,32,rcfopcitm,7,5,1,16.910000000000004
5000,32,rcfopcitm,7,5,2,16.910000000000004
5000,32,rcfopcitm,7,5,3,16.679999999999996
5000,32,rcfopcitm,7,5,4,16.720000000000002
5000,32,rcfopcitm,7,5,5,16.900000000000006
5000,32,rcfopcitm,7,5,6,17.490000000000006
5000,32,rcfopcitm,7,5,7,17.14
5000,32,rcfopcitm,7,5,8,17.25
5000,32,rcfopcitm,7,5,9,17.279999999999994
5000,32,rcfopcitm,7,6,0,17.720000000000002
5000,32,rcfopcitm,7,6,1,18.610000000000003
5000,32,rcfopcitm,7,6,2,17.93
5000,32,rcfopcitm,7,6,3,19.979999999999997
5000,32,rcfopcitm,7,6,4,18.44
5000,32,rcfopcitm,7,6,5,17.910000000000004
5000,32,rcfopcitm,7,6,6,18.489999999999995
5000,32,rcfopcitm,7,6,7,20.230000000000004
5000,32,rcfopcitm,7,6,8,17.689999999999994
5000,32,rcfopcitm,7,6,9,17.97
5000,32,rcfopcitm,7,7,0,21.79
5000,32,rcfopcitm,7,7,1,21.48
5000,32,rcfopcitm,7,7,2,21.47
5000,32,rcfopcitm,7,7,3,20.560000000000002
5000,32,rcfopcitm,7,7,4,20.799999999999997
5000,32,rcfopcitm,7,7,5,20.950000000000003
5000,32,rcfopcitm,7,7,6,20.999999999999996
5000,32,rcfopcitm,7,7,7,21.05
5000,32,rcfopcitm,7,7,8,22.119999999999994
5000,32,rcfopcitm,7,7,9,21.220000000000006
5000,32,rcfopcitm,7,8,0,22.37
5000,32,rcfopcitm,7,8,1,21.509999999999994
5000,32,rcfopcitm,7,8,2,22.050000000000004
5000,32,rcfopcitm,7,8,3,22.209999999999997
5000,32,rcfopcitm,7,8,4,22.470000000000002
5000,32,rcfopcitm,7,8,5,22.430000000000007
5000,32,rcfopcitm,7,8,6,22.07
5000,32,rcfopcitm,7,8,7,22.08
5000,32,rcfopcitm,7,8,8,22.219999999999995
5000,32,rcfopcitm,7,8,9,21.750000000000004
5000,32,rcfopcitm,7,9,0,22.440000000000005
5000,32,rcfopcitm,7,9,1,21.689999999999998
5000,32,rcfopcitm,7,9,2,22.57
5000,32,rcfopcitm,7,9,3,23.0
5000,32,rcfopcitm,7,9,4,20.979999999999997
5000,32,rcfopcitm,7,9,5,21.47
5000,32,rcfopcitm,7,9,6,21.46
5000,32,rcfopcitm,7,9,7,21.519999999999996
5000,32,rcfopcitm,7,9,8,22.09
5000,32,rcfopcitm,7,9,9,22.4
5000,512,fwd,,,0,14.649999999999997
5000,512,fwd,,,1,15.049999999999997
5000,512,fwd,,,2,14.93
5000,512,fwd,,,3,14.62
5000,512,fwd,,,4,14.649999999999997
5000,512,fwd,,,5,14.41
5000,512,fwd,,,6,14.939999999999998
5000,512,fwd,,,7,14.580000000000004
5000,512,fwd,,,8,14.580000000000004
5000,512,fwd,,,9,14.449999999999996
5000,512,rcfopcitm,10,1,0,14.32
5000,512,rcfopcitm,10,1,1,14.339999999999996
5000,512,rcfopcitm,10,1,2,13.919999999999998
5000,512,rcfopcitm,10,1,3,13.790000000000003
5000,512,rcfopcitm,10,1,4,14.31
5000,512,rcfopcitm,10,1,5,14.480000000000004
5000,512,rcfopcitm,10,1,6,14.059999999999995
5000,512,rcfopcitm,10,1,7,14.590000000000003
5000,512,rcfopcitm,10,1,8,14.100000000000001
5000,512,rcfopcitm,10,1,9,14.580000000000004
5000,512,rcfopcitm,10,10,0,17.549999999999997
5000,512,rcfopcitm,10,10,1,17.579999999999995
5000,512,rcfopcitm,10,10,2,16.759999999999998
5000,512,rcfopcitm,10,10,3,17.25
5000,512,rcfopcitm,10,10,4,17.12
5000,512,rcfopcitm,10,10,5,17.579999999999995
5000,512,rcfopcitm,10,10,6,17.589999999999996
5000,512,rcfopcitm,10,10,7,17.659999999999997
5000,512,rcfopcitm,10,10,8,17.479999999999997
5000,512,rcfopcitm,10,10,9,17.600000000000005
5000,512,rcfopcitm,10,2,0,13.200000000000001
5000,512,rcfopcitm,10,2,1,13.590000000000002
5000,512,rcfopcitm,10,2,2,14.029999999999998
5000,512,rcfopcitm,10,2,3,14.11
5000,512,rcfopcitm,10,2,4,14.02
5000,512,rcfopcitm,10,2,5,13.919999999999998
5000,512,rcfopcitm,10,2,6,14.000000000000002
5000,512,rcfopcitm,10,2,7,13.719999999999999
5000,512,rcfopcitm,10,2,8,13.759999999999994
5000,512,rcfopcitm,10,2,9,14.139999999999997
5000,512,rcfopcitm,10,3,0,14.129999999999999
5000,512,rcfopcitm,10,3,1,13.81
5000,512,rcfopcitm,10,3,2,13.849999999999996
5000,512,rcfopcitm,10,3,3,13.319999999999999
5000,512,rcfopcitm,10,3,4,13.61
5000,512,rcfopcitm,10,3,5,13.71
5000,512,rcfopcitm,10,3,6,13.62
5000,512,rcfopcitm,10,3,7,13.600000000000001
5000,512,rcfopcitm,10,3,8,13.580000000000004
5000,512,rcfopcitm,10,3,9,13.829999999999998
5000,512,rcfopcitm,10,4,0,13.700000000000001
5000,512,rcfopcitm,10,4,1,13.759999999999994
5000,512,rcfopcitm,10,4,2,13.680000000000003
5000,512,rcfopcitm,10,4,3,13.290000000000003
5000,512,rcfopcitm,10,4,4,13.600000000000001
5000,512,rcfopcitm,10,4,5,13.759999999999994
5000,512,rcfopcitm,10,4,6,13.5
5000,512,rcfopcitm,10,4,7,14.01
5000,512,rcfopcitm,10,4,8,13.490000000000002
5000,512,rcfopcitm,10,4,9,13.570000000000004
5000,512,rcfopcitm,10,5,0,14.090000000000003
5000,512,rcfopcitm,10,5,1,13.190000000000001
5000,512,rcfopcitm,10,5,2,14.080000000000004
5000,512,rcfopcitm,10,5,3,13.729999999999997
5000,512,rcfopcitm,10,5,4,13.91
5000,512,rcfopcitm,10,5,5,13.680000000000003
5000,512,rcfopcitm,10,5,6,13.890000000000002
5000,512,rcfopcitm,10,5,7,13.759999999999994
5000,512,rcfopcitm,10,5,8,14.21
5000,512,rcfopcitm,10,5,9,14.31
5000,512,rcfopcitm,10,6,0,14.359999999999996
5000,512,rcfopcitm,10,6,1,14.980000000000004
5000,512,rcfopcitm,10,6,2,14.029999999999998
5000,512,rcfopcitm,10,6,3,14.470000000000006
5000,512,rcfopcitm,10,6,4,14.290000000000003
5000,512,rcfopcitm,10,6,5,14.000000000000002
5000,512,rcfopcitm,10,6,6,14.349999999999996
5000,512,rcfopcitm,10,6,7,14.180000000000003
5000,512,rcfopcitm,10,6,8,13.839999999999996
5000,512,rcfopcitm,10,6,9,14.52
5000,512,rcfopcitm,10,7,0,14.590000000000003
5000,512,rcfopcitm,10,7,1,14.93
5000,512,rcfopcitm,10,7,2,15.239999999999998
5000,512,rcfopcitm,10,7,3,15.010000000000002
5000,512,rcfopcitm,10,7,4,15.010000000000002
5000,512,rcfopcitm,10,7,5,14.719999999999999
5000,512,rcfopcitm,10,7,6,15.42
5000,512,rcfopcitm,10,7,7,15.229999999999999
5000,512,rcfopcitm,10,7,8,15.339999999999998
5000,512,rcfopcitm,10,7,9,14.42
5000,512,rcfopcitm,10,8,0,16.069999999999997
5000,512,rcfopcitm,10,8,1,15.839999999999998
5000,512,rcfopcitm,10,8,2,15.610000000000001
5000,512,rcfopcitm,10,8,3,16.159999999999997
5000,512,rcfopcitm,10,8,4,15.939999999999998
5000,512,rcfopcitm,10,8,5,15.749999999999996
5000,512,rcfopcitm,10,8,6,15.700000000000003
5000,512,rcfopcitm,10,8,7,15.859999999999996
5000,512,rcfopcitm,10,8,8,16.190000000000005
5000,512,rcfopcitm,10,8,9,16.080000000000005
5000,512,rcfopcitm,10,9,0,17.12
5000,512,rcfopcitm,10,9,1,17.820000000000004
5000,512,rcfopcitm,10,9,2,16.830000000000002
5000,512,rcfopcitm,10,9,3,17.53
5000,512,rcfopcitm,10,9,4,16.84
5000,512,rcfopcitm,10,9,5,16.800000000000004
5000,512,rcfopcitm,10,9,6,17.300000000000004
5000,512,rcfopcitm,10,9,7,16.990000000000006
5000,512,rcfopcitm,10,9,8,17.069999999999997
5000,512,rcfopcitm,10,9,9,17.379999999999995
5000,512,rcfopcitm,12,1,0,14.480000000000004
5000,512,rcfopcitm,12,1,1,13.759999999999994
5000,512,rcfopcitm,12,1,2,14.239999999999997
5000,512,rcfopcitm,12,1,3,14.12
5000,512,rcfopcitm,12,1,4,14.439999999999998
5000,512,rcfopcitm,12,1,5,13.870000000000005
5000,512,rcfopcitm,12,1,6,13.770000000000005
5000,512,rcfopcitm,12,1,7,14.390000000000002
5000,512,rcfopcitm,12,1,8,14.429999999999998
5000,512,rcfopcitm,12,1,9,14.490000000000002
5000,512,rcfopcitm,12,10,0,17.179999999999996
5000,512,rcfopcitm,12,10,1,17.110000000000003
5000,512,rcfopcitm,12,10,2,16.869999999999997
5000,512,rcfopcitm,12,10,3,17.269999999999996
5000,512,rcfopcitm,12,10,4,17.279999999999994
5000,512,rcfopcitm,12,10,5,16.830000000000002
5000,512,rcfopcitm,12,10,6,17.049999999999997
5000,512,rcfopcitm,12,10,7,16.969999999999995
5000,512,rcfopcitm,12,10,8,16.790000000000006
5000,512,rcfopcitm,12,10,9,16.74
5000,512,rcfopcitm,12,2,0,13.649999999999995
5000,512,rcfopcitm,12,2,1,13.349999999999994
5000,512,rcfopcitm,12,2,2,13.929999999999998
5000,512,rcfopcitm,12,2,3,14.029999999999998
5000,512,rcfopcitm,12,2,4,13.939999999999998
5000,512,rcfopcitm,12,2,5,13.890000000000002
5000,512,rcfopcitm,12,2,6,13.949999999999996
5000,512,rcfopcitm,12,2,7,13.959999999999994
5000,512,rcfopcitm,12,2,8,13.71
5000,512,rcfopcitm,12,2,9,13.11
5000,512,rcfopcitm,12,3,0,13.81
5000,512,rcfopcitm,12,3,1,13.549999999999995
5000,512,rcfopcitm,12,3,2,13.4
5000,512,rcfopcitm,12,3,3,13.870000000000005
5000,512,rcfopcitm,12,3,4,13.590000000000002
5000,512,rcfopcitm,12,3,5,13.219999999999999
5000,512,rcfopcitm,12,3,6,13.91
5000,512,rcfopcitm,12,3,7,13.460000000000004
5000,512,rcfopcitm,12,3,8,13.819999999999999
5000,512,rcfopcitm,12,3,9,13.229999999999997
5000,512,rcfopcitm,12,4,0,13.180000000000003
5000,512,rcfopcitm,12,4,1,13.600000000000001
5000,512,rcfopcitm,12,4,2,13.870000000000005
5000,512,rcfopcitm,12,4,3,13.629999999999997
5000,512,rcfopcitm,12,4,4,13.490000000000002
5000,512,rcfopcitm,12,4,5,13.360000000000005
5000,512,rcfopcitm,12,4,6,13.880000000000003
5000,512,rcfopcitm,12,4,7,13.649999999999995
5000,512,rcfopcitm,12,4,8,13.859999999999994
5000,512,rcfopcitm,12,4,9,13.759999999999994
5000,512,rcfopcitm,12,5,0,14.400000000000002
5000,512,rcfopcitm,12,5,1,14.529999999999998
5000,512,rcfopcitm,12,5,2,14.390000000000002
5000,512,rcfopcitm,12,5,3,14.129999999999999
5000,512,rcfopcitm,12,5,4,13.600000000000001
5000,512,rcfopcitm,12,5,5,14.200000000000001
5000,512,rcfopcitm,12,5,6,14.029999999999998
5000,512,rcfopcitm,12,5,7,14.3
5000,512,rcfopcitm,12,5,8,13.790000000000003
5000,512,rcfopcitm,12,5,9,14.21
5000,512,rcfopcitm,12,6,0,14.670000000000005
5000,512,rcfopcitm,12,6,1,14.800000000000002
5000,512,rcfopcitm,12,6,2,14.739999999999998
5000,512,rcfopcitm,12,6,3,14.510000000000002
5000,512,rcfopcitm,12,6,4,15.380000000000004
5000,512,rcfopcitm,12,6,5,15.159999999999997
5000,512,rcfopcitm,12,6,6,14.670000000000005
5000,512,rcfopcitm,12,6,7,15.149999999999997
5000,512,rcfopcitm,12,6,8,14.790000000000003
5000,512,rcfopcitm,12,6,9,15.059999999999995
5000,512,rcfopcitm,12,7,0,16.190000000000005
5000,512,rcfopcitm,12,7,1,15.990000000000004
5000,512,rcfopcitm,12,7,2,16.02
5000,512,rcfopcitm,12,7,3,16.390000000000004
5000,512,rcfopcitm,12,7,4,16.059999999999995
5000,512,rcfopcitm,12,7,5,16.15
5000,512,rcfopcitm,12,7,6,15.469999999999995
5000,512,rcfopcitm,12,7,7,16.310000000000002
5000,512,rcfopcitm,12,7,8,16.049999999999997
5000,512,rcfopcitm,12,7,9,16.32
5000,512,rcfopcitm,12,8,0,18.14
5000,512,rcfopcitm,12,8,1,17.64
5000,512,rcfopcitm,12,8,2,17.900000000000006
5000,512,rcfopcitm,12,8,3,17.679999999999996
5000,512,rcfopcitm,12,8,4,18.220000000000002
5000,512,rcfopcitm,12,8,5,17.210000000000004
5000,512,rcfopcitm,12,8,6,17.24
5000,512,rcfopcitm,12,8,7,17.56
5000,512,rcfopcitm,12,8,8,17.810000000000002
5000,512,rcfopcitm,12,8,9,17.579999999999995
5000,512,rcfopcitm,12,9,0,16.469999999999995
5000,512,rcfopcitm,12,9,1,17.15
5000,512,rcfopcitm,12,9,2,16.82
5000,512,rcfopcitm,12,9,3,17.079999999999995
5000,512,rcfopcitm,12,9,4,16.659999999999997
5000,512,rcfopcitm,12,9,5,16.71
5000,512,rcfopcitm,12,9,6,16.93
5000,512,rcfopcitm,12,9,7,17.020000000000003
5000,512,rcfopcitm,12,9,8,17.390000000000004
5000,512,rcfopcitm,12,9,9,17.490000000000006
5000,512,rcfopcitm,2,1,0,14.349999999999996
5000,512,rcfopcitm,2,1,1,14.700000000000003
5000,512,rcfopcitm,2,1,2,15.03
5000,512,rcfopcitm,2,1,3,14.570000000000006
5000,512,rcfopcitm,2,1,4,14.349999999999996
5000,512,rcfopcitm,2,1,5,14.529999999999998
5000,512,rcfopcitm,2,1,6,14.580000000000004
5000,512,rcfopcitm,2,1,7,14.759999999999994
5000,512,rcfopcitm,2,1,8,14.62
5000,512,rcfopcitm,2,1,9,15.039999999999997
5000,512,rcfopcitm,2,10,0,15.139999999999997
5000,512,rcfopcitm,2,10,1,15.54
5000,512,rcfopcitm,2,10,2,15.02
5000,512,rcfopcitm,2,10,3,14.700000000000003
5000,512,rcfopcitm,2,10,4,15.139999999999997
5000,512,rcfopcitm,2,10,5,15.22
5000,512,rcfopcitm,2,10,6,15.249999999999996
5000,512,rcfopcitm,2,10,7,15.469999999999995
5000,512,rcfopcitm,2,10,8,15.53
5000,512,rcfopcitm,2,10,9,15.039999999999997
5000,512,rcfopcitm,2,2,0,14.549999999999997
5000,512,rcfopcitm,2,2,1,15.02
5000,512,rcfopcitm,2,2,2,14.370000000000005
5000,512,rcfopcitm,2,2,3,14.759999999999994
5000,512,rcfopcitm,2,2,4,14.370000000000005
5000,512,rcfopcitm,2,2,5,14.839999999999998
5000,512,rcfopcitm,2,2,6,14.349999999999996
5000,512,rcfopcitm,2,2,7,15.129999999999999
5000,512,rcfopcitm,2,2,8,14.480000000000004
5000,512,rcfopcitm,2,2,9,14.62
5000,512,rcfopcitm,2,3,0,14.62
5000,512,rcfopcitm,2,3,1,14.290000000000003
5000,512,rcfopcitm,2,3,2,14.480000000000004
5000,512,rcfopcitm,2,3,3,14.880000000000004
5000,512,rcfopcitm,2,3,4,14.870000000000005
5000,512,rcfopcitm,2,3,5,14.259999999999994
5000,512,rcfopcitm,2,3,6,15.139999999999997
5000,512,rcfopcitm,2,3,7,14.610000000000001
5000,512,rcfopcitm,2,3,8,14.639999999999997
5000,512,rcfopcitm,2,3,9,14.449999999999996
5000,512,rcfopcitm,2,4,0,15.039999999999997
5000,512,rcfopcitm,2,4,1,14.92
5000,512,rcfopcitm,2,4,2,14.159999999999995
5000,512,rcfopcitm,2,4,3,14.570000000000006
5000,512,rcfopcitm,2,4,4,15.000000000000002
5000,512,rcfopcitm,2,4,5,14.780000000000005
5000,512,rcfopcitm,2,4,6,14.629999999999999
5000,512,rcfopcitm,2,4,7,14.239999999999997
5000,512,rcfopcitm,2,4,8,14.690000000000003
5000,512,rcfopcitm,2,4,9,14.470000000000006
5000,512,rcfopcitm,2,5,0,14.81
5000,512,rcfopcitm,2,5,1,14.849999999999996
5000,512,rcfopcitm,2,5,2,14.880000000000004
5000,512,rcfopcitm,2,5,3,14.180000000000003
5000,512,rcfopcitm,2,5,4,14.749999999999996
5000,512,rcfopcitm,2,5,5,14.529999999999998
5000,512,rcfopcitm,2,5,6,14.380000000000004
5000,512,rcfopcitm,2,5,7,14.510000000000002
5000,512,rcfopcitm,2,5,8,15.010000000000002
5000,512,rcfopcitm,2,5,9,14.970000000000006
5000,512,rcfopcitm,2,6,0,14.239999999999997
5000,512,rcfopcitm,2,6,1,14.839999999999998
5000,512,rcfopcitm,2,6,2,14.670000000000005
5000,512,rcfopcitm,2,6,3,15.300000000000002
5000,512,rcfopcitm,2,6,4,14.800000000000002
5000,512,rcfopcitm,2,6,5,14.629999999999999
5000,512,rcfopcitm,2,6,6,15.049999999999997
5000,512,rcfopcitm,2,6,7,15.080000000000005
5000,512,rcfopcitm,2,6,8,14.759999999999994
5000,512,rcfopcitm,2,6,9,14.590000000000003
5000,512,rcfopcitm,2,7,0,14.539999999999997
5000,512,rcfopcitm,2,7,1,15.03
5000,512,rcfopcitm,2,7,2,15.080000000000005
5000,512,rcfopcitm,2,7,3,14.800000000000002
5000,512,rcfopcitm,2,7,4,15.369999999999994
5000,512,rcfopcitm,2,7,5,14.510000000000002
5000,512,rcfopcitm,2,7,6,14.719999999999999
5000,512,rcfopcitm,2,7,7,15.02
5000,512,rcfopcitm,2,7,8,15.069999999999995
5000,512,rcfopcitm,2,7,9,14.770000000000005
5000,512,rcfopcitm,2,8,0,15.049999999999997
5000,512,rcfopcitm,2,8,1,14.829999999999998
5000,512,rcfopcitm,2,8,2,14.570000000000006
5000,512,rcfopcitm,2,8,3,15.290000000000003
5000,512,rcfopcitm,2,8,4,14.939999999999998
5000,512,rcfopcitm,2,8,5,15.100000000000001
5000,512,rcfopcitm,2,8,6,14.480000000000004
5000,512,rcfopcitm,2,8,7,14.82
5000,512,rcfopcitm,2,8,8,15.010000000000002
5000,512,rcfopcitm,2,8,9,15.369999999999994
5000,512,rcfopcitm,2,9,0,15.02
5000,512,rcfopcitm,2,9,1,14.770000000000005
5000,512,rcfopcitm,2,9,2,15.039999999999997
5000,512,rcfopcitm,2,9,3,15.149999999999997
5000,512,rcfopcitm,2,9,4,15.500000000000004
5000,512,rcfopcitm,2,9,5,14.539999999999997
5000,512,rcfopcitm,2,9,6,15.439999999999998
5000,512,rcfopcitm,2,9,7,14.870000000000005
5000,512,rcfopcitm,2,9,8,14.880000000000004
5000,512,rcfopcitm,2,9,9,15.349999999999998
5000,512,rcfopcitm,3,1,0,14.439999999999998
5000,512,rcfopcitm,3,1,1,14.970000000000006
5000,512,rcfopcitm,3,1,2,14.32
5000,512,rcfopcitm,3,1,3,14.939999999999998
5000,512,rcfopcitm,3,1,4,14.500000000000002
5000,512,rcfopcitm,3,1,5,15.090000000000003
5000,512,rcfopcitm,3,1,6,14.439999999999998
5000,512,rcfopcitm,3,1,7,14.549999999999997
5000,512,rcfopcitm,3,1,8,14.610000000000001
5000,512,rcfopcitm,3,1,9,14.719999999999999
5000,512,rcfopcitm,3,10,0,15.329999999999998
5000,512,rcfopcitm,3,10,1,14.690000000000003
5000,512,rcfopcitm,3,10,2,15.000000000000002
5000,512,rcfopcitm,3,10,3,14.839999999999998
5000,512,rcfopcitm,3,10,4,14.880000000000004
5000,512,rcfopcitm,3,10,5,15.049999999999997
5000,512,rcfopcitm,3,10,6,15.32
5000,512,rcfopcitm,3,10,7,15.329999999999998
5000,512,rcfopcitm,3,10,8,15.239999999999998
5000,512,rcfopcitm,3,10,9,15.53
5000,512,rcfopcitm,3,2,0,14.82
5000,512,rcfopcitm,3,2,1,14.439999999999998
5000,512,rcfopcitm,3,2,2,14.82
5000,512,rcfopcitm,3,2,3,14.21
5000,512,rcfopcitm,3,2,4,14.510000000000002
5000,512,rcfopcitm,3,2,5,14.890000000000004
5000,512,rcfopcitm,3,2,6,14.390000000000002
5000,512,rcfopcitm,3,2,7,14.510000000000002
5000,512,rcfopcitm,3,2,8,14.890000000000004
5000,512,rcfopcitm,3,2,9,14.459999999999996
5000,512,rcfopcitm,3,3,0,14.82
5000,512,rcfopcitm,3,3,1,14.91
5000,512,rcfopcitm,3,3,2,14.649999999999997
5000,512,rcfopcitm,3,3,3,14.429999999999998
5000,512,rcfopcitm,3,3,4,14.770000000000005
5000,512,rcfopcitm,3,3,5,14.359999999999996
5000,512,rcfopcitm,3,3,6,14.590000000000003
5000,512,rcfopcitm,3,3,7,14.52
5000,512,rcfopcitm,3,3,8,14.349999999999996
5000,512,rcfopcitm,3,3,9,14.31
5000,512,rcfopcitm,3,4,0,14.700000000000003
5000,512,rcfopcitm,3,4,1,14.32
5000,512,rcfopcitm,3,4,2,14.149999999999995
5000,512,rcfopcitm,3,4,3,14.81
5000,512,rcfopcitm,3,4,4,14.559999999999995
5000,512,rcfopcitm,3,4,5,14.690000000000003
5000,512,rcfopcitm,3,4,6,14.31
5000,512,rcfopcitm,3,4,7,14.870000000000005
5000,512,rcfopcitm,3,4,8,14.429999999999998
5000,512,rcfopcitm,3,4,9,14.590000000000003
5000,512,rcfopcitm,3,5,0,14.759999999999994
5000,512,rcfopcitm,3,5,1,14.439999999999998
5000,512,rcfopcitm,3,5,2,14.400000000000002
5000,512,rcfopcitm,3,5,3,14.829999999999998
5000,512,rcfopcitm,3,5,4,14.3
5000,512,rcfopcitm,3,5,5,14.739999999999998
5000,512,rcfopcitm,3,5,6,14.670000000000005
5000,512,rcfopcitm,3,5,7,14.93
5000,512,rcfopcitm,3,5,8,14.870000000000005
5000,512,rcfopcitm,3,5,9,14.359999999999996
5000,512,rcfopcitm,3,6,0,14.219999999999999
5000,512,rcfopcitm,3,6,1,14.529999999999998
5000,512,rcfopcitm,3,6,2,14.839999999999998
5000,512,rcfopcitm,3,6,3,14.41
5000,512,rcfopcitm,3,6,4,15.120000000000001
5000,512,rcfopcitm,3,6,5,14.729999999999999
5000,512,rcfopcitm,3,6,6,14.690000000000003
5000,512,rcfopcitm,3,6,7,14.690000000000003
5000,512,rcfopcitm,3,6,8,14.870000000000005
5000,512,rcfopcitm,3,6,9,14.780000000000005
5000,512,rcfopcitm,3,7,0,14.800000000000002
5000,512,rcfopcitm,3,7,1,14.859999999999996
5000,512,rcfopcitm,3,7,2,14.500000000000002
5000,512,rcfopcitm,3,7,3,14.859999999999996
5000,512,rcfopcitm,3,7,4,14.580000000000004
5000,512,rcfopcitm,3,7,5,15.249999999999996
5000,512,rcfopcitm,3,7,6,14.670000000000005
5000,512,rcfopcitm,3,7,7,14.759999999999994
5000,512,rcfopcitm,3,7,8,14.32
5000,512,rcfopcitm,3,7,9,14.880000000000004
5000,512,rcfopcitm,3,8,0,14.159999999999995
5000,512,rcfopcitm,3,8,1,15.22
5000,512,rcfopcitm,3,8,2,14.890000000000004
5000,512,rcfopcitm,3,8,3,14.870000000000005
5000,512,rcfopcitm,3,8,4,14.859999999999996
5000,512,rcfopcitm,3,8,5,15.32
5000,512,rcfopcitm,3,8,6,14.449999999999996
5000,512,rcfopcitm,3,8,7,15.139999999999997
5000,512,rcfopcitm,3,8,8,14.81
5000,512,rcfopcitm,3,8,9,14.890000000000004
5000,512,rcfopcitm,3,9,0,15.169999999999995
5000,512,rcfopcitm,3,9,1,14.92
5000,512,rcfopcitm,3,9,2,14.859999999999996
5000,512,rcfopcitm,3,9,3,15.310000000000002
5000,512,rcfopcitm,3,9,4,15.039999999999997
5000,512,rcfopcitm,3,9,5,15.290000000000003
5000,512,rcfopcitm,3,9,6,15.269999999999994
5000,512,rcfopcitm,3,9,7,15.310000000000002
5000,512,rcfopcitm,3,9,8,14.790000000000003
5000,512,rcfopcitm,3,9,9,14.3
5000,512,rcfopcitm,5,1,0,14.629999999999999
5000,512,rcfopcitm,5,1,1,14.500000000000002
5000,512,rcfopcitm,5,1,2,14.180000000000003
5000,512,rcfopcitm,5,1,3,14.170000000000005
5000,512,rcfopcitm,5,1,4,14.659999999999995
5000,512,rcfopcitm,5,1,5,14.31
5000,512,rcfopcitm,5,1,6,14.590000000000003
5000,512,rcfopcitm,5,1,7,14.939999999999998
5000,512,rcfopcitm,5,1,8,14.92
5000,512,rcfopcitm,5,1,9,14.349999999999996
5000,512,rcfopcitm,5,10,0,15.239999999999998
5000,512,rcfopcitm,5,10,1,14.729999999999999
5000,512,rcfopcitm,5,10,2,14.839999999999998
5000,512,rcfopcitm,5,10,3,14.719999999999999
5000,512,rcfopcitm,5,10,4,15.749999999999996
5000,512,rcfopcitm,5,10,5,14.629999999999999
5000,512,rcfopcitm,5,10,6,14.959999999999996
5000,512,rcfopcitm,5,10,7,15.410000000000002
5000,512,rcfopcitm,5,10,8,14.610000000000001
5000,512,rcfopcitm,5,10,9,14.800000000000002
5000,512,rcfopcitm,5,2,0,14.539999999999997
5000,512,rcfopcitm,5,2,1,14.529999999999998
5000,512,rcfopcitm,5,2,2,14.459999999999996
5000,512,rcfopcitm,5,2,3,14.090000000000003
5000,512,rcfopcitm,5,2,4,14.02
5000,512,rcfopcitm,5,2,5,14.529999999999998
5000,512,rcfopcitm,5,2,6,14.200000000000001
5000,512,rcfopcitm,5,2,7,14.11
5000,512,rcfopcitm,5,2,8,14.659999999999995
5000,512,rcfopcitm,5,2,9,14.349999999999996
5000,512,rcfopcitm,5,3,0,13.829999999999998
5000,512,rcfopcitm,5,3,1,14.600000000000001
5000,512,rcfopcitm,5,3,2,14.490000000000002
5000,512,rcfopcitm,5,3,3,14.500000000000002
5000,512,rcfopcitm,5,3,4,13.890000000000002
5000,512,rcfopcitm,5,3,5,14.41
5000,512,rcfopcitm,5,3,6,14.349999999999996
5000,512,rcfopcitm,5,3,7,14.529999999999998
5000,512,rcfopcitm,5,3,8,14.11
5000,512,rcfopcitm,5,3,9,14.02
5000,512,rcfopcitm,5,4,0,14.439999999999998
5000,512,rcfopcitm,5,4,1,13.71
5000,512,rcfopcitm,5,4,2,14.349999999999996
5000,512,rcfopcitm,5,4,3,14.600000000000001
5000,512,rcfopcitm,5,4,4,14.12
5000,512,rcfopcitm,5,4,5,14.639999999999997
5000,512,rcfopcitm,5,4,6,14.829999999999998
5000,512,rcfopcitm,5,4,7,14.590000000000003
5000,512,rcfopcitm,5,4,8,14.000000000000002
5000,512,rcfopcitm,5,4,9,14.070000000000004
5000,512,rcfopcitm,5,5,0,14.339999999999996
5000,512,rcfopcitm,5,5,1,14.3
5000,512,rcfopcitm,5,5,2,14.149999999999995
5000,512,rcfopcitm,5,5,3,14.339999999999996
5000,512,rcfopcitm,5,5,4,14.759999999999994
5000,512,rcfopcitm,5,5,5,14.770000000000005
5000,512,rcfopcitm,5,5,6,13.870000000000005
5000,512,rcfopcitm,5,5,7,14.239999999999997
5000,512,rcfopcitm,5,5,8,14.649999999999997
5000,512,rcfopcitm,5,5,9,14.200000000000001
5000,512,rcfopcitm,5,6,0,14.429999999999998
5000,512,rcfopcitm,5,6,1,13.839999999999996
5000,512,rcfopcitm,5,6,2,14.91
5000,512,rcfopcitm,5,6,3,14.170000000000005
5000,512,rcfopcitm,5,6,4,14.92
5000,512,rcfopcitm,5,6,5,14.790000000000003
5000,512,rcfopcitm,5,6,6,14.510000000000002
5000,512,rcfopcitm,5,6,7,14.339999999999996
5000,512,rcfopcitm,5,6,8,14.249999999999996
5000,512,rcfopcitm,5,6,9,14.270000000000005
5000,512,rcfopcitm,5,7,0,14.190000000000003
5000,512,rcfopcitm,5,7,1,14.42
5000,512,rcfopcitm,5,7,2,14.349999999999996
5000,512,rcfopcitm,5,7,3,14.339999999999996
5000,512,rcfopcitm,5,7,4,14.700000000000003
5000,512,rcfopcitm,5,7,5,14.280000000000005
5000,512,rcfopcitm,5,7,6,14.200000000000001
5000,512,rcfopcitm,5,7,7,13.8
5000,512,rcfopcitm,5,7,8,14.759999999999994
5000,512,rcfopcitm,5,7,9,15.02
5000,512,rcfopcitm,5,8,0,14.290000000000003
5000,512,rcfopcitm,5,8,1,14.52
5000,512,rcfopcitm,5,8,2,13.849999999999996
5000,512,rcfopcitm,5,8,3,14.000000000000002
5000,512,rcfopcitm,5,8,4,14.32
5000,512,rcfopcitm,5,8,5,13.900000000000002
5000,512,rcfopcitm,5,8,6,14.539999999999997
5000,512,rcfopcitm,5,8,7,14.32
5000,512,rcfopcitm,5,8,8,14.670000000000005
5000,512,rcfopcitm,5,8,9,14.71
5000,512,rcfopcitm,5,9,0,14.529999999999998
5000,512,rcfopcitm,5,9,1,14.71
5000,512,rcfopcitm,5,9,2,13.849999999999996
5000,512,rcfopcitm,5,9,3,14.349999999999996
5000,512,rcfopcitm,5,9,4,14.629999999999999
5000,512,rcfopcitm,5,9,5,14.139999999999997
5000,512,rcfopcitm,5,9,6,14.349999999999996
5000,512,rcfopcitm,5,9,7,14.390000000000002
5000,512,rcfopcitm,5,9,8,14.52
5000,512,rcfopcitm,5,9,9,13.839999999999996
5000,512,rcfopcitm,7,1,0,14.459999999999996
5000,512,rcfopcitm,7,1,1,14.219999999999999
5000,512,rcfopcitm,7,1,2,14.800000000000002
5000,512,rcfopcitm,7,1,3,14.329999999999998
5000,512,rcfopcitm,7,1,4,14.11
5000,512,rcfopcitm,7,1,5,14.249999999999996
5000,512,rcfopcitm,7,1,6,14.100000000000001
5000,512,rcfopcitm,7,1,7,14.02
5000,512,rcfopcitm,7,1,8,14.559999999999995
5000,512,rcfopcitm,7,1,9,14.219999999999999
5000,512,rcfopcitm,7,10,0,16.34
5000,512,rcfopcitm,7,10,1,15.54
5000,512,rcfopcitm,7,10,2,16.12
5000,512,rcfopcitm,7,10,3,16.410000000000004
5000,512,rcfopcitm,7,10,4,15.83
5000,512,rcfopcitm,7,10,5,15.900000000000002
5000,512,rcfopcitm,7,10,6,15.669999999999995
5000,512,rcfopcitm,7,10,7,15.920000000000002
5000,512,rcfopcitm,7,10,8,15.549999999999997
5000,512,rcfopcitm,7,10,9,15.980000000000006
5000,512,rcfopcitm,7,2,0,13.71
5000,512,rcfopcitm,7,2,1,14.229999999999999
5000,512,rcfopcitm,7,2,2,14.180000000000003
5000,512,rcfopcitm,7,2,3,13.919999999999998
5000,512,rcfopcitm,7,2,4,14.059999999999995
5000,512,rcfopcitm,7,2,5,13.700000000000001
5000,512,rcfopcitm,7,2,6,13.980000000000004
5000,512,rcfopcitm,7,2,7,14.32
5000,512,rcfopcitm,7,2,8,14.490000000000002
5000,512,rcfopcitm,7,2,9,13.849999999999996
5000,512,rcfopcitm,7,3,0,13.570000000000004
5000,512,rcfopcitm,7,3,1,13.900000000000002
5000,512,rcfopcitm,7,3,2,13.670000000000005
5000,512,rcfopcitm,7,3,3,13.62
5000,512,rcfopcitm,7,3,4,14.270000000000005
5000,512,rcfopcitm,7,3,5,14.01
5000,512,rcfopcitm,7,3,6,14.32
5000,512,rcfopcitm,7,3,7,14.02
5000,512,rcfopcitm,7,3,8,14.01
5000,512,rcfopcitm,7,3,9,13.939999999999998
5000,512,rcfopcitm,7,4,0,13.780000000000003
5000,512,rcfopcitm,7,4,1,14.080000000000004
5000,512,rcfopcitm,7,4,2,14.3
5000,512,rcfopcitm,7,4,3,13.600000000000001
5000,512,rcfopcitm,7,4,4,13.560000000000006
5000,512,rcfopcitm,7,4,5,13.91
5000,512,rcfopcitm,7,4,6,13.529999999999998
5000,512,rcfopcitm,7,4,7,14.029999999999998
5000,512,rcfopcitm,7,4,8,13.739999999999997
5000,512,rcfopcitm,7,4,9,14.100000000000001
5000,512,rcfopcitm,7,5,0,13.990000000000002
5000,512,rcfopcitm,7,5,1,13.949999999999996
5000,512,rcfopcitm,7,5,2,14.170000000000005
5000,512,rcfopcitm,7,5,3,13.970000000000004
5000,512,rcfopcitm,7,5,4,13.970000000000004
5000,512,rcfopcitm,7,5,5,14.039999999999997
5000,512,rcfopcitm,7,5,6,13.980000000000004
5000,512,rcfopcitm,7,5,7,13.61
5000,512,rcfopcitm,7,5,8,13.729999999999997
5000,512,rcfopcitm,7,5,9,13.309999999999999
5000,512,rcfopcitm,7,6,0,14.02
5000,512,rcfopcitm,7,6,1,13.680000000000003
5000,512,rcfopcitm,7,6,2,14.190000000000003
5000,512,rcfopcitm,7,6,3,13.570000000000004
5000,512,rcfopcitm,7,6,4,14.039999999999997
5000,512,rcfopcitm,7,6,5,13.729999999999997
5000,512,rcfopcitm,7,6,6,14.290000000000003
5000,512,rcfopcitm,7,6,7,14.01
5000,512,rcfopcitm,7,6,8,14.170000000000005
5000,512,rcfopcitm,7,6,9,14.039999999999997
5000,512,rcfopcitm,7,7,0,14.459999999999996
5000,512,rcfopcitm,7,7,1,13.890000000000002
5000,512,rcfopcitm,7,7,2,14.639999999999997
5000,512,rcfopcitm,7,7,3,14.090000000000003
5000,512,rcfopcitm,7,7,4,14.21
5000,512,rcfopcitm,7,7,5,13.780000000000003
5000,512,rcfopcitm,7,7,6,13.959999999999994
5000,512,rcfopcitm,7,7,7,14.12
5000,512,rcfopcitm,7,7,8,14.200000000000001
5000,512,rcfopcitm,7,7,9,14.510000000000002
5000,512,rcfopcitm,7,8,0,14.529999999999998
5000,512,rcfopcitm,7,8,1,14.829999999999998
5000,512,rcfopcitm,7,8,2,14.719999999999999
5000,512,rcfopcitm,7,8,3,14.980000000000004
5000,512,rcfopcitm,7,8,4,14.200000000000001
5000,512,rcfopcitm,7,8,5,14.700000000000003
5000,512,rcfopcitm,7,8,6,14.180000000000003
5000,512,rcfopcitm,7,8,7,14.580000000000004
5000,512,rcfopcitm,7,8,8,14.93
5000,512,rcfopcitm,7,8,9,14.180000000000003
5000,512,rcfopcitm,7,9,0,15.22
5000,512,rcfopcitm,7,9,1,15.390000000000004
5000,512,rcfopcitm,7,9,2,14.990000000000004
5000,512,rcfopcitm,7,9,3,15.580000000000005
5000,512,rcfopcitm,7,9,4,14.91
5000,512,rcfopcitm,7,9,5,15.22
5000,512,rcfopcitm,7,9,6,15.439999999999998
5000,512,rcfopcitm,7,9,7,15.090000000000003
5000,512,rcfopcitm,7,9,8,14.770000000000005
5000,512,rcfopcitm,7,9,9,14.749999999999996
5000,64,fwd,,,0,13.870000000000005
5000,64,fwd,,,1,13.939999999999998
5000,64,fwd,,,2,14.749999999999996
5000,64,fwd,,,3,14.280000000000005
5000,64,fwd,,,4,14.549999999999997
5000,64,fwd,,,5,14.390000000000002
5000,64,fwd,,,6,14.32
5000,64,fwd,,,7,14.639999999999997
5000,64,fwd,,,8,14.270000000000005
5000,64,fwd,,,9,14.439999999999998
5000,64,rcfopcitm,10,1,0,14.259999999999994
5000,64,rcfopcitm,10,1,1,14.500000000000002
5000,64,rcfopcitm,10,1,2,14.790000000000003
5000,64,rcfopcitm,10,1,3,14.700000000000003
5000,64,rcfopcitm,10,1,4,14.549999999999997
5000,64,rcfopcitm,10,1,5,14.849999999999996
5000,64,rcfopcitm,10,1,6,14.039999999999997
5000,64,rcfopcitm,10,1,7,14.800000000000002
5000,64,rcfopcitm,10,1,8,14.480000000000004
5000,64,rcfopcitm,10,1,9,14.080000000000004
5000,64,rcfopcitm,10,10,0,19.230000000000004
5000,64,rcfopcitm,10,10,1,19.57
5000,64,rcfopcitm,10,10,2,19.169999999999998
5000,64,rcfopcitm,10,10,3,19.710000000000004
5000,64,rcfopcitm,10,10,4,19.630000000000003
5000,64,rcfopcitm,10,10,5,19.989999999999995
5000,64,rcfopcitm,10,10,6,18.97
5000,64,rcfopcitm,10,10,7,19.55
5000,64,rcfopcitm,10,10,8,19.94
5000,64,rcfopcitm,10,10,9,19.369999999999997
5000,64,rcfopcitm,10,2,0,15.049999999999997
5000,64,rcfopcitm,10,2,1,14.629999999999999
5000,64,rcfopcitm,10,2,2,14.629999999999999
5000,64,rcfopcitm,10,2,3,13.91
5000,64,rcfopcitm,10,2,4,14.719999999999999
5000,64,rcfopcitm,10,2,5,14.029999999999998
5000,64,rcfopcitm,10,2,6,14.729999999999999
5000,64,rcfopcitm,10,2,7,14.770000000000005
5000,64,rcfopcitm,10,2,8,15.290000000000003
5000,64,rcfopcitm,10,2,9,14.880000000000004
5000,64,rcfopcitm,10,3,0,15.459999999999996
5000,64,rcfopcitm,10,3,1,14.900000000000002
5000,64,rcfopcitm,10,3,2,14.990000000000004
5000,64,rcfopcitm,10,3,3,15.110000000000001
5000,64,rcfopcitm,10,3,4,15.969999999999995
5000,64,rcfopcitm,10,3,5,15.569999999999995
5000,64,rcfopcitm,10,3,6,15.239999999999998
5000,64,rcfopcitm,10,3,7,14.859999999999996
5000,64,rcfopcitm,10,3,8,15.22
5000,64,rcfopcitm,10,3,9,15.400000000000002
5000,64,rcfopcitm,10,4,0,16.290000000000006
5000,64,rcfopcitm,10,4,1,16.700000000000003
5000,64,rcfopcitm,10,4,2,15.880000000000006
5000,64,rcfopcitm,10,4,3,16.559999999999995
5000,64,rcfopcitm,10,4,4,16.32
5000,64,rcfopcitm,10,4,5,15.93
5000,64,rcfopcitm,10,4,6,16.900000000000006
5000,64,rcfopcitm,10,4,7,16.63
5000,64,rcfopcitm,10,4,8,16.439999999999998
5000,64,rcfopcitm,10,4,9,16.71
5000,64,rcfopcitm,10,5,0,20.14
5000,64,rcfopcitm,10,5,1,18.759999999999998
5000,64,rcfopcitm,10,5,2,19.97
5000,64,rcfopcitm,10,5,3,18.520000000000003
5000,64,rcfopcitm,10,5,4,18.45
5000,64,rcfopcitm,10,5,5,19.499999999999996
5000,64,rcfopcitm,10,5,6,18.54
5000,64,rcfopcitm,10,5,7,20.07
5000,64,rcfopcitm,10,5,8,19.679999999999996
5000,64,rcfopcitm,10,5,9,18.85
5000,64,rcfopcitm,10,6,0,19.040000000000003
5000,64,rcfopcitm,10,6,1,20.289999999999996
5000,64,rcfopcitm,10,6,2,18.92
5000,64,rcfopcitm,10,6,3,19.979999999999997
5000,64,rcfopcitm,10,6,4,18.899999999999995
5000,64,rcfopcitm,10,6,5,20.68
5000,64,rcfopcitm,10,6,6,18.94
5000,64,rcfopcitm,10,6,7,20.040000000000003
5000,64,rcfopcitm,10,6,8,20.340000000000003
5000,64,rcfopcitm,10,6,9,19.620000000000005
5000,64,rcfopcitm,10,7,0,18.710000000000004
5000,64,rcfopcitm,10,7,1,19.199999999999996
5000,64,rcfopcitm,10,7,2,19.96
5000,64,rcfopcitm,10,7,3,19.36
5000,64,rcfopcitm,10,7,4,18.889999999999997
5000,64,rcfopcitm,10,7,5,20.809999999999995
5000,64,rcfopcitm,10,7,6,19.169999999999998
5000,64,rcfopcitm,10,7,7,20.040000000000003
5000,64,rcfopcitm,10,7,8,20.650000000000002
5000,64,rcfopcitm,10,7,9,20.199999999999996
5000,64,rcfopcitm,10,8,0,19.989999999999995
5000,64,rcfopcitm,10,8,1,19.910000000000004
5000,64,rcfopcitm,10,8,2,20.330000000000005
5000,64,rcfopcitm,10,8,3,19.279999999999998
5000,64,rcfopcitm,10,8,4,19.47
5000,64,rcfopcitm,10,8,5,19.310000000000006
5000,64,rcfopcitm,10,8,6,18.58
5000,64,rcfopcitm,10,8,7,18.910000000000004
5000,64,rcfopcitm,10,8,8,19.710000000000004
5000,64,rcfopcitm,10,8,9,20.030000000000005
5000,64,rcfopcitm,10,9,0,19.510000000000005
5000,64,rcfopcitm,10,9,1,18.989999999999995
5000,64,rcfopcitm,10,9,2,19.589999999999996
5000,64,rcfopcitm,10,9,3,19.44
5000,64,rcfopcitm,10,9,4,19.410000000000004
5000,64,rcfopcitm,10,9,5,20.030000000000005
5000,64,rcfopcitm,10,9,6,19.85
5000,64,rcfopcitm,10,9,7,20.009999999999994
5000,64,rcfopcitm,10,9,8,19.240000000000002
5000,64,rcfopcitm,10,9,9,18.95
5000,64,rcfopcitm,12,1,0,15.039999999999997
5000,64,rcfopcitm,12,1,1,14.380000000000004
5000,64,rcfopcitm,12,1,2,14.749999999999996
5000,64,rcfopcitm,12,1,3,14.290000000000003
5000,64,rcfopcitm,12,1,4,14.580000000000004
5000,64,rcfopcitm,12,1,5,14.690000000000003
5000,64,rcfopcitm,12,1,6,14.01
5000,64,rcfopcitm,12,1,7,14.829999999999998
5000,64,rcfopcitm,12,1,8,14.670000000000005
5000,64,rcfopcitm,12,1,9,14.790000000000003
5000,64,rcfopcitm,12,10,0,19.410000000000004
5000,64,rcfopcitm,12,10,1,19.499999999999996
5000,64,rcfopcitm,12,10,2,19.899999999999995
5000,64,rcfopcitm,12,10,3,19.840000000000003
5000,64,rcfopcitm,12,10,4,19.06
5000,64,rcfopcitm,12,10,5,19.930000000000003
5000,64,rcfopcitm,12,10,6,19.679999999999996
5000,64,rcfopcitm,12,10,7,19.289999999999996
5000,64,rcfopcitm,12,10,8,19.520000000000003
5000,64,rcfopcitm,12,10,9,20.150000000000002
5000,64,rcfopcitm,12,2,0,15.059999999999995
5000,64,rcfopcitm,12,2,1,15.129999999999999
5000,64,rcfopcitm,12,2,2,14.510000000000002
5000,64,rcfopcitm,12,2,3,15.159999999999997
5000,64,rcfopcitm,12,2,4,14.629999999999999
5000,64,rcfopcitm,12,2,5,15.159999999999997
5000,64,rcfopcitm,12,2,6,15.03
5000,64,rcfopcitm,12,2,7,14.849999999999996
5000,64,rcfopcitm,12,2,8,15.080000000000005
5000,64,rcfopcitm,12,2,9,15.110000000000001
5000,64,rcfopcitm,12,3,0,16.310000000000002
5000,64,rcfopcitm,12,3,1,16.51
5000,64,rcfopcitm,12,3,2,16.43
5000,64,rcfopcitm,12,3,3,16.500000000000004
5000,64,rcfopcitm,12,3,4,16.259999999999998
5000,64,rcfopcitm,12,3,5,16.049999999999997
5000,64,rcfopcitm,12,3,6,16.1
5000,64,rcfopcitm,12,3,7,16.300000000000004
5000,64,rcfopcitm,12,3,8,16.15
5000,64,rcfopcitm,12,3,9,16.080000000000005
5000,64,rcfopcitm,12,4,0,18.15
5000,64,rcfopcitm,12,4,1,18.35
5000,64,rcfopcitm,12,4,2,18.15
5000,64,rcfopcitm,12,4,3,18.220000000000002
5000,64,rcfopcitm,12,4,4,18.400000000000006
5000,64,rcfopcitm,12,4,5,18.689999999999994
5000,64,rcfopcitm,12,4,6,18.379999999999995
5000,64,rcfopcitm,12,4,7,18.689999999999994
5000,64,rcfopcitm,12,4,8,18.869999999999997
5000,64,rcfopcitm,12,4,9,18.489999999999995
5000,64,rcfopcitm,12,5,0,18.020000000000003
5000,64,rcfopcitm,12,5,1,18.44
5000,64,rcfopcitm,12,5,2,18.510000000000005
5000,64,rcfopcitm,12,5,3,19.389999999999997
5000,64,rcfopcitm,12,5,4,19.86
5000,64,rcfopcitm,12,5,5,19.010000000000005
5000,64,rcfopcitm,12,5,6,19.08
5000,64,rcfopcitm,12,5,7,18.779999999999998
5000,64,rcfopcitm,12,5,8,18.379999999999995
5000,64,rcfopcitm,12,5,9,19.420000000000005
5000,64,rcfopcitm,12,6,0,19.420000000000005
5000,64,rcfopcitm,12,6,1,19.15
5000,64,rcfopcitm,12,6,2,19.77
5000,64,rcfopcitm,12,6,3,18.820000000000004
5000,64,rcfopcitm,12,6,4,19.56
5000,64,rcfopcitm,12,6,5,18.96
5000,64,rcfopcitm,12,6,6,18.930000000000003
5000,64,rcfopcitm,12,6,7,19.45
5000,64,rcfopcitm,12,6,8,20.120000000000005
5000,64,rcfopcitm,12,6,9,18.42
5000,64,rcfopcitm,12,7,0,19.220000000000002
5000,64,rcfopcitm,12,7,1,18.279999999999998
5000,64,rcfopcitm,12,7,2,18.42
5000,64,rcfopcitm,12,7,3,19.069999999999997
5000,64,rcfopcitm,12,7,4,18.620000000000005
5000,64,rcfopcitm,12,7,5,18.600000000000005
5000,64,rcfopcitm,12,7,6,19.94
5000,64,rcfopcitm,12,7,7,18.95
5000,64,rcfopcitm,12,7,8,18.930000000000003
5000,64,rcfopcitm,12,7,9,19.44
5000,64,rcfopcitm,12,8,0,19.220000000000002
5000,64,rcfopcitm,12,8,1,18.989999999999995
5000,64,rcfopcitm,12,8,2,18.47
5000,64,rcfopcitm,12,8,3,18.459999999999997
5000,64,rcfopcitm,12,8,4,19.040000000000003
5000,64,rcfopcitm,12,8,5,19.040000000000003
5000,64,rcfopcitm,12,8,6,20.209999999999994
5000,64,rcfopcitm,12,8,7,19.169999999999998
5000,64,rcfopcitm,12,8,8,19.840000000000003
5000,64,rcfopcitm,12,8,9,19.499999999999996
5000,64,rcfopcitm,12,9,0,19.169999999999998
5000,64,rcfopcitm,12,9,1,19.599999999999994
5000,64,rcfopcitm,12,9,2,19.66
5000,64,rcfopcitm,12,9,3,19.499999999999996
5000,64,rcfopcitm,12,9,4,19.05
5000,64,rcfopcitm,12,9,5,19.36
5000,64,rcfopcitm,12,9,6,19.189999999999998
5000,64,rcfopcitm,12,9,7,19.14
5000,64,rcfopcitm,12,9,8,19.379999999999995
5000,64,rcfopcitm,12,9,9,20.169999999999998
5000,64,rcfopcitm,2,1,0,14.400000000000002
5000,64,rcfopcitm,2,1,1,14.349999999999996
5000,64,rcfopcitm,2,1,2,13.790000000000003
5000,64,rcfopcitm,2,1,3,14.82
5000,64,rcfopcitm,2,1,4,14.590000000000003
5000,64,rcfopcitm,2,1,5,14.539999999999997
5000,64,rcfopcitm,2,1,6,14.41
5000,64,rcfopcitm,2,1,7,14.239999999999997
5000,64,rcfopcitm,2,1,8,14.090000000000003
5000,64,rcfopcitm,2,1,9,14.359999999999996
5000,64,rcfopcitm,2,10,0,14.639999999999997
5000,64,rcfopcitm,2,10,1,15.120000000000001
5000,64,rcfopcitm,2,10,2,14.92
5000,64,rcfopcitm,2,10,3,15.110000000000001
5000,64,rcfopcitm,2,10,4,14.719999999999999
5000,64,rcfopcitm,2,10,5,14.62
5000,64,rcfopcitm,2,10,6,14.880000000000004
5000,64,rcfopcitm,2,10,7,14.990000000000004
5000,64,rcfopcitm,2,10,8,14.82
5000,64,rcfopcitm,2,10,9,14.800000000000002
5000,64,rcfopcitm,2,2,0,14.639999999999997
5000,64,rcfopcitm,2,2,1,14.649999999999997
5000,64,rcfopcitm,2,2,2,14.200000000000001
5000,64,rcfopcitm,2,2,3,14.3
5000,64,rcfopcitm,2,2,4,14.52
5000,64,rcfopcitm,2,2,5,13.939999999999998
5000,64,rcfopcitm,2,2,6,14.12
5000,64,rcfopcitm,2,2,7,14.749999999999996
5000,64,rcfopcitm,2,2,8,14.180000000000003
5000,64,rcfopcitm,2,2,9,14.329999999999998
5000,64,rcfopcitm,2,3,0,13.780000000000003
5000,64,rcfopcitm,2,3,1,14.690000000000003
5000,64,rcfopcitm,2,3,2,14.139999999999997
5000,64,rcfopcitm,2,3,3,14.100000000000001
5000,64,rcfopcitm,2,3,4,14.42
5000,64,rcfopcitm,2,3,5,14.81
5000,64,rcfopcitm,2,3,6,14.81
5000,64,rcfopcitm,2,3,7,14.390000000000002
5000,64,rcfopcitm,2,3,8,14.42
5000,64,rcfopcitm,2,3,9,14.570000000000006
5000,64,rcfopcitm,2,4,0,14.659999999999995
5000,64,rcfopcitm,2,4,1,14.249999999999996
5000,64,rcfopcitm,2,4,2,14.970000000000006
5000,64,rcfopcitm,2,4,3,14.739999999999998
5000,64,rcfopcitm,2,4,4,14.090000000000003
5000,64,rcfopcitm,2,4,5,14.480000000000004
5000,64,rcfopcitm,2,4,6,14.529999999999998
5000,64,rcfopcitm,2,4,7,14.529999999999998
5000,64,rcfopcitm,2,4,8,13.980000000000004
5000,64,rcfopcitm,2,4,9,14.939999999999998
5000,64,rcfopcitm,2,5,0,14.390000000000002
5000,64,rcfopcitm,2,5,1,14.059999999999995
5000,64,rcfopcitm,2,5,2,14.770000000000005
5000,64,rcfopcitm,2,5,3,14.949999999999996
5000,64,rcfopcitm,2,5,4,14.02
5000,64,rcfopcitm,2,5,5,14.500000000000002
5000,64,rcfopcitm,2,5,6,14.649999999999997
5000,64,rcfopcitm,2,5,7,14.600000000000001
5000,64,rcfopcitm,2,5,8,14.52
5000,64,rcfopcitm,2,5,9,14.529999999999998
5000,64,rcfopcitm,2,6,0,14.100000000000001
5000,64,rcfopcitm,2,6,1,14.700000000000003
5000,64,rcfopcitm,2,6,2,14.559999999999995
5000,64,rcfopcitm,2,6,3,14.880000000000004
5000,64,rcfopcitm,2,6,4,14.090000000000003
5000,64,rcfopcitm,2,6,5,14.480000000000004
5000,64,rcfopcitm,2,6,6,14.71
5000,64,rcfopcitm,2,6,7,14.780000000000005
5000,64,rcfopcitm,2,6,8,14.459999999999996
5000,64,rcfopcitm,2,6,9,14.659999999999995
5000,64,rcfopcitm,2,7,0,14.249999999999996
5000,64,rcfopcitm,2,7,1,14.62
5000,64,rcfopcitm,2,7,2,14.349999999999996
5000,64,rcfopcitm,2,7,3,14.839999999999998
5000,64,rcfopcitm,2,7,4,14.680000000000003
5000,64,rcfopcitm,2,7,5,14.91
5000,64,rcfopcitm,2,7,6,14.02
5000,64,rcfopcitm,2,7,7,14.749999999999996
5000,64,rcfopcitm,2,7,8,14.629999999999999
5000,64,rcfopcitm,2,7,9,14.549999999999997
5000,64,rcfopcitm,2,8,0,15.039999999999997
5000,64,rcfopcitm,2,8,1,14.149999999999995
5000,64,rcfopcitm,2,8,2,14.980000000000004
5000,64,rcfopcitm,2,8,3,14.780000000000005
5000,64,rcfopcitm,2,8,4,14.549999999999997
5000,64,rcfopcitm,2,8,5,14.480000000000004
5000,64,rcfopcitm,2,8,6,14.71
5000,64,rcfopcitm,2,8,7,14.670000000000005
5000,64,rcfopcitm,2,8,8,14.719999999999999
5000,64,rcfopcitm,2,8,9,14.610000000000001
5000,64,rcfopcitm,2,9,0,14.359999999999996
5000,64,rcfopcitm,2,9,1,14.880000000000004
5000,64,rcfopcitm,2,9,2,14.739999999999998
5000,64,rcfopcitm,2,9,3,15.090000000000003
5000,64,rcfopcitm,2,9,4,14.71
5000,64,rcfopcitm,2,9,5,14.600000000000001
5000,64,rcfopcitm,2,9,6,14.949999999999996
5000,64,rcfopcitm,2,9,7,14.93
5000,64,rcfopcitm,2,9,8,14.81
5000,64,rcfopcitm,2,9,9,15.090000000000003
5000,64,rcfopcitm,3,1,0,14.600000000000001
5000,64,rcfopcitm,3,1,1,13.8
5000,64,rcfopcitm,3,1,2,14.570000000000006
5000,64,rcfopcitm,3,1,3,14.249999999999996
5000,64,rcfopcitm,3,1,4,14.580000000000004
5000,64,rcfopcitm,3,1,5,14.739999999999998
5000,64,rcfopcitm,3,1,6,14.170000000000005
5000,64,rcfopcitm,3,1,7,14.11
5000,64,rcfopcitm,3,1,8,14.539999999999997
5000,64,rcfopcitm,3,1,9,14.11
5000,64,rcfopcitm,3,10,0,15.610000000000001
5000,64,rcfopcitm,3,10,1,15.949999999999998
5000,64,rcfopcitm,3,10,2,16.159999999999997
5000,64,rcfopcitm,3,10,3,15.059999999999995
5000,64,rcfopcitm,3,10,4,15.53
5000,64,rcfopcitm,3,10,5,15.510000000000002
5000,64,rcfopcitm,3,10,6,15.559999999999995
5000,64,rcfopcitm,3,10,7,15.769999999999996
5000,64,rcfopcitm,3,10,8,15.669999999999995
5000,64,rcfopcitm,3,10,9,16.249999999999996
5000,64,rcfopcitm,3,2,0,14.719999999999999
5000,64,rcfopcitm,3,2,1,14.749999999999996
5000,64,rcfopcitm,3,2,2,14.459999999999996
5000,64,rcfopcitm,3,2,3,14.239999999999997
5000,64,rcfopcitm,3,2,4,14.000000000000002
5000,64,rcfopcitm,3,2,5,14.680000000000003
5000,64,rcfopcitm,3,2,6,13.790000000000003
5000,64,rcfopcitm,3,2,7,14.539999999999997
5000,64,rcfopcitm,3,2,8,14.610000000000001
5000,64,rcfopcitm,3,2,9,14.239999999999997
5000,64,rcfopcitm,3,3,0,14.480000000000004
5000,64,rcfopcitm,3,3,1,14.659999999999995
5000,64,rcfopcitm,3,3,2,14.439999999999998
5000,64,rcfopcitm,3,3,3,14.610000000000001
5000,64,rcfopcitm,3,3,4,14.62
5000,64,rcfopcitm,3,3,5,14.81
5000,64,rcfopcitm,3,3,6,14.580000000000004
5000,64,rcfopcitm,3,3,7,14.039999999999997
5000,64,rcfopcitm,3,3,8,14.390000000000002
5000,64,rcfopcitm,3,3,9,13.919999999999998
5000,64,rcfopcitm,3,4,0,14.680000000000003
5000,64,rcfopcitm,3,4,1,14.759999999999994
5000,64,rcfopcitm,3,4,2,14.029999999999998
5000,64,rcfopcitm,3,4,3,14.719999999999999
5000,64,rcfopcitm,3,4,4,14.529999999999998
5000,64,rcfopcitm,3,4,5,14.870000000000005
5000,64,rcfopcitm,3,4,6,14.3
5000,64,rcfopcitm,3,4,7,14.780000000000005
5000,64,rcfopcitm,3,4,8,14.529999999999998
5000,64,rcfopcitm,3,4,9,14.559999999999995
5000,64,rcfopcitm,3,5,0,14.12
5000,64,rcfopcitm,3,5,1,14.659999999999995
5000,64,rcfopcitm,3,5,2,14.880000000000004
5000,64,rcfopcitm,3,5,3,15.000000000000002
5000,64,rcfopcitm,3,5,4,14.770000000000005
5000,64,rcfopcitm,3,5,5,14.229999999999999
5000,64,rcfopcitm,3,5,6,14.880000000000004
5000,64,rcfopcitm,3,5,7,14.639999999999997
5000,64,rcfopcitm,3,5,8,14.559999999999995
5000,64,rcfopcitm,3,5,9,14.800000000000002
5000,64,rcfopcitm,3,6,0,14.790000000000003
5000,64,rcfopcitm,3,6,1,14.490000000000002
5000,64,rcfopcitm,3,6,2,14.82
5000,64,rcfopcitm,3,6,3,14.229999999999999
5000,64,rcfopcitm,3,6,4,15.169999999999995
5000,64,rcfopcitm,3,6,5,14.959999999999996
5000,64,rcfopcitm,3,6,6,14.780000000000005
5000,64,rcfopcitm,3,6,7,15.200000000000003
5000,64,rcfopcitm,3,6,8,14.849999999999996
5000,64,rcfopcitm,3,6,9,14.559999999999995
5000,64,rcfopcitm,3,7,0,14.680000000000003
5000,64,rcfopcitm,3,7,1,15.110000000000001
5000,64,rcfopcitm,3,7,2,15.049999999999997
5000,64,rcfopcitm,3,7,3,15.180000000000005
5000,64,rcfopcitm,3,7,4,14.81
5000,64,rcfopcitm,3,7,5,14.690000000000003
5000,64,rcfopcitm,3,7,6,15.480000000000004
5000,64,rcfopcitm,3,7,7,14.590000000000003
5000,64,rcfopcitm,3,7,8,14.610000000000001
5000,64,rcfopcitm,3,7,9,14.859999999999996
5000,64,rcfopcitm,3,8,0,14.800000000000002
5000,64,rcfopcitm,3,8,1,15.010000000000002
5000,64,rcfopcitm,3,8,2,14.719999999999999
5000,64,rcfopcitm,3,8,3,15.22
5000,64,rcfopcitm,3,8,4,14.629999999999999
5000,64,rcfopcitm,3,8,5,15.749999999999996
5000,64,rcfopcitm,3,8,6,15.149999999999997
5000,64,rcfopcitm,3,8,7,15.659999999999997
5000,64,rcfopcitm,3,8,8,15.069999999999995
5000,64,rcfopcitm,3,8,9,15.469999999999995
5000,64,rcfopcitm,3,9,0,14.81
5000,64,rcfopcitm,3,9,1,15.780000000000005
5000,64,rcfopcitm,3,9,2,14.690000000000003
5000,64,rcfopcitm,3,9,3,15.610000000000001
5000,64,rcfopcitm,3,9,4,15.649999999999997
5000,64,rcfopcitm,3,9,5,15.949999999999998
5000,64,rcfopcitm,3,9,6,15.82
5000,64,rcfopcitm,3,9,7,15.159999999999997
5000,64,rcfopcitm,3,9,8,15.410000000000002
5000,64,rcfopcitm,3,9,9,15.190000000000003
5000,64,rcfopcitm,5,1,0,14.239999999999997
5000,64,rcfopcitm,5,1,1,14.11
5000,64,rcfopcitm,5,1,2,14.859999999999996
5000,64,rcfopcitm,5,1,3,14.510000000000002
5000,64,rcfopcitm,5,1,4,13.959999999999994
5000,64,rcfopcitm,5,1,5,14.670000000000005
5000,64,rcfopcitm,5,1,6,14.570000000000006
5000,64,rcfopcitm,5,1,7,14.129999999999999
5000,64,rcfopcitm,5,1,8,13.980000000000004
5000,64,rcfopcitm,5,1,9,14.380000000000004
5000,64,rcfopcitm,5,10,0,21.57
5000,64,rcfopcitm,5,10,1,20.840000000000003
5000,64,rcfopcitm,5,10,2,19.899999999999995
5000,64,rcfopcitm,5,10,3,20.49
5000,64,rcfopcitm,5,10,4,20.589999999999996
5000,64,rcfopcitm,5,10,5,20.889999999999997
5000,64,rcfopcitm,5,10,6,20.840000000000003
5000,64,rcfopcitm,5,10,7,20.150000000000002
5000,64,rcfopcitm,5,10,8,20.889999999999997
5000,64,rcfopcitm,5,10,9,20.450000000000003
5000,64,rcfopcitm,5,2,0,14.249999999999996
5000,64,rcfopcitm,5,2,1,14.200000000000001
5000,64,rcfopcitm,5,2,2,14.82
5000,64,rcfopcitm,5,2,3,14.570000000000006
5000,64,rcfopcitm,5,2,4,14.500000000000002
5000,64,rcfopcitm,5,2,5,14.049999999999995
5000,64,rcfopcitm,5,2,6,14.000000000000002
5000,64,rcfopcitm,5,2,7,14.559999999999995
5000,64,rcfopcitm,5,2,8,14.829999999999998
5000,64,rcfopcitm,5,2,9,14.659999999999995
5000,64,rcfopcitm,5,3,0,14.52
5000,64,rcfopcitm,5,3,1,15.080000000000005
5000,64,rcfopcitm,5,3,2,14.580000000000004
5000,64,rcfopcitm,5,3,3,15.169999999999995
5000,64,rcfopcitm,5,3,4,14.039999999999997
5000,64,rcfopcitm,5,3,5,14.100000000000001
5000,64,rcfopcitm,5,3,6,14.62
5000,64,rcfopcitm,5,3,7,14.670000000000005
5000,64,rcfopcitm,5,3,8,14.580000000000004
5000,64,rcfopcitm,5,3,9,14.500000000000002
5000,64,rcfopcitm,5,4,0,15.000000000000002
5000,64,rcfopcitm,5,4,1,14.780000000000005
5000,64,rcfopcitm,5,4,2,15.169999999999995
5000,64,rcfopcitm,5,4,3,15.100000000000001
5000,64,rcfopcitm,5,4,4,14.92
5000,64,rcfopcitm,5,4,5,15.180000000000005
5000,64,rcfopcitm,5,4,6,14.370000000000005
5000,64,rcfopcitm,5,4,7,14.219999999999999
5000,64,rcfopcitm,5,4,8,14.690000000000003
5000,64,rcfopcitm,5,4,9,14.71
5000,64,rcfopcitm,5,5,0,15.069999999999995
5000,64,rcfopcitm,5,5,1,15.180000000000005
5000,64,rcfopcitm,5,5,2,14.580000000000004
5000,64,rcfopcitm,5,5,3,14.939999999999998
5000,64,rcfopcitm,5,5,4,15.049999999999997
5000,64,rcfopcitm,5,5,5,14.759999999999994
5000,64,rcfopcitm,5,5,6,14.970000000000006
5000,64,rcfopcitm,5,5,7,14.92
5000,64,rcfopcitm,5,5,8,14.790000000000003
5000,64,rcfopcitm,5,5,9,15.390000000000004
5000,64,rcfopcitm,5,6,0,15.239999999999998
5000,64,rcfopcitm,5,6,1,15.300000000000002
5000,64,rcfopcitm,5,6,2,15.02
5000,64,rcfopcitm,5,6,3,15.22
5000,64,rcfopcitm,5,6,4,15.42
5000,64,rcfopcitm,5,6,5,15.190000000000003
5000,64,rcfopcitm,5,6,6,14.770000000000005
5000,64,rcfopcitm,5,6,7,15.22
5000,64,rcfopcitm,5,6,8,15.190000000000003
5000,64,rcfopcitm,5,6,9,15.000000000000002
5000,64,rcfopcitm,5,7,0,15.700000000000003
5000,64,rcfopcitm,5,7,1,15.620000000000001
5000,64,rcfopcitm,5,7,2,15.949999999999998
5000,64,rcfopcitm,5,7,3,16.000000000000004
5000,64,rcfopcitm,5,7,4,15.939999999999998
5000,64,rcfopcitm,5,7,5,15.32
5000,64,rcfopcitm,5,7,6,15.100000000000001
5000,64,rcfopcitm,5,7,7,15.639999999999999
5000,64,rcfopcitm,5,7,8,16.169999999999995
5000,64,rcfopcitm,5,7,9,15.610000000000001
5000,64,rcfopcitm,5,8,0,16.71
5000,64,rcfopcitm,5,8,1,16.24
5000,64,rcfopcitm,5,8,2,16.04
5000,64,rcfopcitm,5,8,3,15.83
5000,64,rcfopcitm,5,8,4,17.06
5000,64,rcfopcitm,5,8,5,16.62
5000,64,rcfopcitm,5,8,6,16.779999999999994
5000,64,rcfopcitm,5,8,7,16.549999999999997
5000,64,rcfopcitm,5,8,8,16.02
5000,64,rcfopcitm,5,8,9,16.000000000000004
5000,64,rcfopcitm,5,9,0,16.93
5000,64,rcfopcitm,5,9,1,17.130000000000003
5000,64,rcfopcitm,5,9,2,17.279999999999994
5000,64,rcfopcitm,5,9,3,17.049999999999997
5000,64,rcfopcitm,5,9,4,17.349999999999998
5000,64,rcfopcitm,5,9,5,17.44
5000,64,rcfopcitm,5,9,6,17.56
5000,64,rcfopcitm,5,9,7,17.54
5000,64,rcfopcitm,5,9,8,17.169999999999995
5000,64,rcfopcitm,5,9,9,17.06
5000,64,rcfopcitm,7,1,0,13.990000000000002
5000,64,rcfopcitm,7,1,1,14.639999999999997
5000,64,rcfopcitm,7,1,2,14.549999999999997
5000,64,rcfopcitm,7,1,3,13.959999999999994
5000,64,rcfopcitm,7,1,4,14.180000000000003
5000,64,rcfopcitm,7,1,5,14.339999999999996
5000,64,rcfopcitm,7,1,6,14.590000000000003
5000,64,rcfopcitm,7,1,7,14.649999999999997
5000,64,rcfopcitm,7,1,8,14.200000000000001
5000,64,rcfopcitm,7,1,9,14.3
5000,64,rcfopcitm,7,10,0,21.519999999999996
5000,64,rcfopcitm,7,10,1,22.799999999999997
5000,64,rcfopcitm,7,10,2,21.840000000000003
5000,64,rcfopcitm,7,10,3,21.940000000000005
5000,64,rcfopcitm,7,10,4,21.699999999999996
5000,64,rcfopcitm,7,10,5,21.930000000000007
5000,64,rcfopcitm,7,10,6,20.640000000000004
5000,64,rcfopcitm,7,10,7,22.919999999999995
5000,64,rcfopcitm,7,10,8,21.330000000000005
5000,64,rcfopcitm,7,10,9,21.05
5000,64,rcfopcitm,7,2,0,14.600000000000001
5000,64,rcfopcitm,7,2,1,14.739999999999998
5000,64,rcfopcitm,7,2,2,14.71
5000,64,rcfopcitm,7,2,3,14.390000000000002
5000,64,rcfopcitm,7,2,4,14.080000000000004
5000,64,rcfopcitm,7,2,5,14.490000000000002
5000,64,rcfopcitm,7,2,6,14.01
5000,64,rcfopcitm,7,2,7,14.559999999999995
5000,64,rcfopcitm,7,2,8,14.590000000000003
5000,64,rcfopcitm,7,2,9,14.470000000000006
5000,64,rcfopcitm,7,3,0,14.880000000000004
5000,64,rcfopcitm,7,3,1,14.990000000000004
5000,64,rcfopcitm,7,3,2,14.800000000000002
5000,64,rcfopcitm,7,3,3,14.600000000000001
5000,64,rcfopcitm,7,3,4,14.91
5000,64,rcfopcitm,7,3,5,14.100000000000001
5000,64,rcfopcitm,7,3,6,14.390000000000002
5000,64,rcfopcitm,7,3,7,14.52
5000,64,rcfopcitm,7,3,8,14.800000000000002
5000,64,rcfopcitm,7,3,9,14.800000000000002
5000,64,rcfopcitm,7,4,0,15.329999999999998
5000,64,rcfopcitm,7,4,1,15.049999999999997
5000,64,rcfopcitm,7,4,2,15.03
5000,64,rcfopcitm,7,4,3,15.129999999999999
5000,64,rcfopcitm,7,4,4,15.169999999999995
5000,64,rcfopcitm,7,4,5,14.71
5000,64,rcfopcitm,7,4,6,15.400000000000002
5000,64,rcfopcitm,7,4,7,14.980000000000004
5000,64,rcfopcitm,7,4,8,15.200000000000003
5000,64,rcfopcitm,7,4,9,14.770000000000005
5000,64,rcfopcitm,7,5,0,15.659999999999997
5000,64,rcfopcitm,7,5,1,15.400000000000002
5000,64,rcfopcitm,7,5,2,16.32
5000,64,rcfopcitm,7,5,3,15.300000000000002
5000,64,rcfopcitm,7,5,4,15.349999999999998
5000,64,rcfopcitm,7,5,5,15.590000000000003
5000,64,rcfopcitm,7,5,6,15.669999999999995
5000,64,rcfopcitm,7,5,7,16.03
5000,64,rcfopcitm,7,5,8,15.690000000000005
5000,64,rcfopcitm,7,5,9,15.510000000000002
5000,64,rcfopcitm,7,6,0,16.559999999999995
5000,64,rcfopcitm,7,6,1,16.32
5000,64,rcfopcitm,7,6,2,16.520000000000003
5000,64,rcfopcitm,7,6,3,16.15
5000,64,rcfopcitm,7,6,4,16.190000000000005
5000,64,rcfopcitm,7,6,5,16.42
5000,64,rcfopcitm,7,6,6,16.369999999999997
5000,64,rcfopcitm,7,6,7,16.459999999999997
5000,64,rcfopcitm,7,6,8,17.020000000000003
5000,64,rcfopcitm,7,6,9,16.779999999999994
5000,64,rcfopcitm,7,7,0,17.459999999999997
5000,64,rcfopcitm,7,7,1,17.44
5000,64,rcfopcitm,7,7,2,17.849999999999998
5000,64,rcfopcitm,7,7,3,17.879999999999995
5000,64,rcfopcitm,7,7,4,17.75
5000,64,rcfopcitm,7,7,5,17.740000000000002
5000,64,rcfopcitm,7,7,6,17.879999999999995
5000,64,rcfopcitm,7,7,7,18.120000000000005
5000,64,rcfopcitm,7,7,8,17.600000000000005
5000,64,rcfopcitm,7,7,9,17.34
5000,64,rcfopcitm,7,8,0,23.019999999999996
5000,64,rcfopcitm,7,8,1,22.550000000000004
5000,64,rcfopcitm,7,8,2,21.909999999999997
5000,64,rcfopcitm,7,8,3,22.019999999999996
5000,64,rcfopcitm,7,8,4,21.38
5000,64,rcfopcitm,7,8,5,22.230000000000004
5000,64,rcfopcitm,7,8,6,22.39
5000,64,rcfopcitm,7,8,7,21.299999999999997
5000,64,rcfopcitm,7,8,8,21.36
5000,64,rcfopcitm,7,8,9,21.719999999999995
5000,64,rcfopcitm,7,9,0,21.76
5000,64,rcfopcitm,7,9,1,22.09
5000,64,rcfopcitm,7,9,2,21.250000000000004
5000,64,rcfopcitm,7,9,3,22.050000000000004
5000,64,rcfopcitm,7,9,4,22.250000000000004
5000,64,rcfopcitm,7,9,5,22.109999999999996
5000,64,rcfopcitm,7,9,6,22.59
5000,64,rcfopcitm,7,9,7,22.689999999999998
5000,64,rcfopcitm,7,9,8,21.37
5000,64,rcfopcitm,7,9,9,22.58
10000,1024,fwd,,,0,14.280000000000005
10000,1024,fwd,,,1,14.239999999999997
10000,1024,fwd,,,2,14.31
10000,1024,fwd,,,3,14.610000000000001
10000,1024,fwd,,,4,14.21
10000,1024,fwd,,,5,14.170000000000005
10000,1024,fwd,,,6,13.829999999999998
10000,1024,fwd,,,7,14.159999999999995
10000,1024,fwd,,,8,13.929999999999998
10000,1024,fwd,,,9,13.959999999999994
10000,1024,rcfopcitm,10,1,0,13.629999999999997
10000,1024,rcfopcitm,10,1,1,13.939999999999998
10000,1024,rcfopcitm,10,1,2,13.319999999999999
10000,1024,rcfopcitm,10,1,3,12.89
10000,1024,rcfopcitm,10,1,4,13.380000000000003
10000,1024,rcfopcitm,10,1,5,13.529999999999998
10000,1024,rcfopcitm,10,1,6,13.229999999999997
10000,1024,rcfopcitm,10,1,7,13.539999999999996
10000,1024,rcfopcitm,10,1,8,13.680000000000003
10000,1024,rcfopcitm,10,1,9,13.690000000000001
10000,1024,rcfopcitm,10,10,0,16.969999999999995
10000,1024,rcfopcitm,10,10,1,16.65
10000,1024,rcfopcitm,10,10,2,16.600000000000005
10000,1024,rcfopcitm,10,10,3,17.42
10000,1024,rcfopcitm,10,10,4,17.01
10000,1024,rcfopcitm,10,10,5,17.310000000000002
10000,1024,rcfopcitm,10,10,6,16.869999999999997
10000,1024,rcfopcitm,10,10,7,16.259999999999998
10000,1024,rcfopcitm,10,10,8,17.279999999999994
10000,1024,rcfopcitm,10,10,9,16.790000000000006
10000,1024,rcfopcitm,10,2,0,12.790000000000001
10000,1024,rcfopcitm,10,2,1,13.01
10000,1024,rcfopcitm,10,2,2,12.929999999999996
10000,1024,rcfopcitm,10,2,3,12.570000000000004
10000,1024,rcfopcitm,10,2,4,13.100000000000001
10000,1024,rcfopcitm,10,2,5,13.339999999999996
10000,1024,rcfopcitm,10,2,6,12.89
10000,1024,rcfopcitm,10,2,7,12.780000000000003
10000,1024,rcfopcitm,10,2,8,13.060000000000006
10000,1024,rcfopcitm,10,2,9,13.100000000000001
10000,1024,rcfopcitm,10,3,0,12.770000000000003
10000,1024,rcfopcitm,10,3,1,12.580000000000002
10000,1024,rcfopcitm,10,3,2,12.519999999999998
10000,1024,rcfopcitm,10,3,3,12.480000000000002
10000,1024,rcfopcitm,10,3,4,13.01
10000,1024,rcfopcitm,10,3,5,12.6
10000,1024,rcfopcitm,10,3,6,12.639999999999995
10000,1024,rcfopcitm,10,3,7,12.670000000000003
10000,1024,rcfopcitm,10,3,8,12.929999999999996
10000,1024,rcfopcitm,10,3,9,13.0
10000,1024,rcfopcitm,10,4,0,12.7
10000,1024,rcfopcitm,10,4,1,12.239999999999995
10000,1024,rcfopcitm,10,4,2,12.7
10000,1024,rcfopcitm,10,4,3,12.190000000000001
10000,1024,rcfopcitm,10,4,4,12.490000000000002
10000,1024,rcfopcitm,10,4,5,12.660000000000004
10000,1024,rcfopcitm,10,4,6,12.519999999999998
10000,1024,rcfopcitm,10,4,7,12.219999999999997
10000,1024,rcfopcitm,10,4,8,12.6
10000,1024,rcfopcitm,10,4,9,12.649999999999995
10000,1024,rcfopcitm,10,5,0,12.89
10000,1024,rcfopcitm,10,5,1,12.450000000000006
10000,1024,rcfopcitm,10,5,2,12.560000000000004
10000,1024,rcfopcitm,10,5,3,12.360000000000005
10000,1024,rcfopcitm,10,5,4,12.370000000000003
10000,1024,rcfopcitm,10,5,5,12.570000000000004
10000,1024,rcfopcitm,10,5,6,12.350000000000005
10000,1024,rcfopcitm,10,5,7,12.480000000000002
10000,1024,rcfopcitm,10,5,8,12.480000000000002
10000,1024,rcfopcitm,10,5,9,12.409999999999998
10000,1024,rcfopcitm,10,6,0,12.370000000000003
10000,1024,rcfopcitm,10,6,1,12.660000000000004
10000,1024,rcfopcitm,10,6,2,12.590000000000002
10000,1024,rcfopcitm,10,6,3,12.809999999999999
10000,1024,rcfopcitm,10,6,4,12.939999999999996
10000,1024,rcfopcitm,10,6,5,12.6
10000,1024,rcfopcitm,10,6,6,12.89
10000,1024,rcfopcitm,10,6,7,12.539999999999996
10000,1024,rcfopcitm,10,6,8,12.61
10000,1024,rcfopcitm,10,6,9,12.490000000000002
10000,1024,rcfopcitm,10,7,0,13.209999999999999
10000,1024,rcfopcitm,10,7,1,12.780000000000003
10000,1024,rcfopcitm,10,7,2,13.070000000000004
10000,1024,rcfopcitm,10,7,3,12.990000000000002
10000,1024,rcfopcitm,10,7,4,13.160000000000005
10000,1024,rcfopcitm,10,7,5,13.170000000000003
10000,1024,rcfopcitm,10,7,6,13.029999999999998
10000,1024,rcfopcitm,10,7,7,13.560000000000006
10000,1024,rcfopcitm,10,7,8,13.149999999999995
10000,1024,rcfopcitm,10,7,9,13.490000000000002
10000,1024,rcfopcitm,10,8,0,13.549999999999995
10000,1024,rcfopcitm,10,8,1,14.239999999999997
10000,1024,rcfopcitm,10,8,2,13.700000000000001
10000,1024,rcfopcitm,10,8,3,13.780000000000003
10000,1024,rcfopcitm,10,8,4,13.600000000000001
10000,1024,rcfopcitm,10,8,5,13.680000000000003
10000,1024,rcfopcitm,10,8,6,13.759999999999994
10000,1024,rcfopcitm,10,8,7,13.600000000000001
10000,1024,rcfopcitm,10,8,8,13.590000000000002
10000,1024,rcfopcitm,10,8,9,13.949999999999996
10000,1024,rcfopcitm,10,9,0,15.849999999999998
10000,1024,rcfopcitm,10,9,1,15.090000000000003
10000,1024,rcfopcitm,10,9,2,15.380000000000004
10000,1024,rcfopcitm,10,9,3,15.649999999999997
10000,1024,rcfopcitm,10,9,4,15.410000000000002
10000,1024,rcfopcitm,10,9,5,15.300000000000002
10000,1024,rcfopcitm,10,9,6,15.590000000000003
10000,1024,rcfopcitm,10,9,7,15.259999999999996
10000,1024,rcfopcitm,10,9,8,15.349999999999998
10000,1024,rcfopcitm,10,9,9,15.380000000000004
10000,1024,rcfopcitm,12,1,0,13.339999999999996
10000,1024,rcfopcitm,12,1,1,13.62
10000,1024,rcfopcitm,12,1,2,13.480000000000004
10000,1024,rcfopcitm,12,1,3,13.560000000000006
10000,1024,rcfopcitm,12,1,4,13.600000000000001
10000,1024,rcfopcitm,12,1,5,13.229999999999997
10000,1024,rcfopcitm,12,1,6,13.280000000000003
10000,1024,rcfopcitm,12,1,7,13.4
10000,1024,rcfopcitm,12,1,8,12.929999999999996
10000,1024,rcfopcitm,12,1,9,13.139999999999997
10000,1024,rcfopcitm,12,10,0,15.900000000000002
10000,1024,rcfopcitm,12,10,1,16.479999999999993
10000,1024,rcfopcitm,12,10,2,16.080000000000005
10000,1024,rcfopcitm,12,10,3,16.059999999999995
10000,1024,rcfopcitm,12,10,4,16.569999999999997
10000,1024,rcfopcitm,12,10,5,16.110000000000003
10000,1024,rcfopcitm,12,10,6,15.690000000000005
10000,1024,rcfopcitm,12,10,7,16.64
10000,1024,rcfopcitm,12,10,8,16.43
10000,1024,rcfopcitm,12,10,9,16.12
10000,1024,rcfopcitm,12,2,0,12.7
10000,1024,rcfopcitm,12,2,1,13.01
10000,1024,rcfopcitm,12,2,2,12.709999999999999
10000,1024,rcfopcitm,12,2,3,12.790000000000001
10000,1024,rcfopcitm,12,2,4,12.880000000000003
10000,1024,rcfopcitm,12,2,5,12.990000000000002
10000,1024,rcfopcitm,12,2,6,12.939999999999996
10000,1024,rcfopcitm,12,2,7,12.790000000000001
10000,1024,rcfopcitm,12,2,8,12.619999999999997
10000,1024,rcfopcitm,12,2,9,13.070000000000004
10000,1024,rcfopcitm,12,3,0,12.419999999999998
10000,1024,rcfopcitm,12,3,1,12.680000000000003
10000,1024,rcfopcitm,12,3,2,12.509999999999998
10000,1024,rcfopcitm,12,3,3,12.8
10000,1024,rcfopcitm,12,3,4,12.519999999999998
10000,1024,rcfopcitm,12,3,5,12.549999999999994
10000,1024,rcfopcitm,12,3,6,12.809999999999999
10000,1024,rcfopcitm,12,3,7,12.919999999999998
10000,1024,rcfopcitm,12,3,8,12.470000000000002
10000,1024,rcfopcitm,12,3,9,12.849999999999994
10000,1024,rcfopcitm,12,4,0,12.419999999999998
10000,1024,rcfopcitm,12,4,1,12.380000000000003
10000,1024,rcfopcitm,12,4,2,12.260000000000005
10000,1024,rcfopcitm,12,4,3,12.229999999999997
10000,1024,rcfopcitm,12,4,4,12.690000000000001
10000,1024,rcfopcitm,12,4,5,12.509999999999998
10000,1024,rcfopcitm,12,4,6,12.580000000000002
10000,1024,rcfopcitm,12,4,7,12.619999999999997
10000,1024,rcfopcitm,12,4,8,12.170000000000003
10000,1024,rcfopcitm,12,4,9,12.439999999999996
10000,1024,rcfopcitm,12,5,0,12.760000000000005
10000,1024,rcfopcitm,12,5,1,12.690000000000001
10000,1024,rcfopcitm,12,5,2,12.4
10000,1024,rcfopcitm,12,5,3,12.529999999999998
10000,1024,rcfopcitm,12,5,4,12.339999999999996
10000,1024,rcfopcitm,12,5,5,12.619999999999997
10000,1024,rcfopcitm,12,5,6,12.290000000000001
10000,1024,rcfopcitm,12,5,7,12.329999999999997
10000,1024,rcfopcitm,12,5,8,12.839999999999996
10000,1024,rcfopcitm,12,5,9,12.580000000000002
10000,1024,rcfopcitm,12,6,0,13.090000000000002
10000,1024,rcfopcitm,12,6,1,12.929999999999996
10000,1024,rcfopcitm,12,6,2,13.039999999999996
10000,1024,rcfopcitm,12,6,3,13.309999999999999
10000,1024,rcfopcitm,12,6,4,13.139999999999997
10000,1024,rcfopcitm,12,6,5,13.160000000000005
10000,1024,rcfopcitm,12,6,6,12.919999999999998
10000,1024,rcfopcitm,12,6,7,13.339999999999996
10000,1024,rcfopcitm,12,6,8,12.919999999999998
10000,1024,rcfopcitm,12,6,9,12.919999999999998
10000,1024,rcfopcitm,12,7,0,14.719999999999999
10000,1024,rcfopcitm,12,7,1,13.959999999999994
10000,1024,rcfopcitm,12,7,2,14.259999999999994
10000,1024,rcfopcitm,12,7,3,13.919999999999998
10000,1024,rcfopcitm,12,7,4,14.11
10000,1024,rcfopcitm,12,7,5,14.510000000000002
10000,1024,rcfopcitm,12,7,6,14.500000000000002
10000,1024,rcfopcitm,12,7,7,14.229999999999999
10000,1024,rcfopcitm,12,7,8,13.900000000000002
10000,1024,rcfopcitm,12,7,9,14.129999999999999
10000,1024,rcfopcitm,12,8,0,16.690000000000005
10000,1024,rcfopcitm,12,8,1,16.700000000000003
10000,1024,rcfopcitm,12,8,2,17.269999999999996
10000,1024,rcfopcitm,12,8,3,17.179999999999996
10000,1024,rcfopcitm,12,8,4,17.25
10000,1024,rcfopcitm,12,8,5,17.079999999999995
10000,1024,rcfopcitm,12,8,6,16.959999999999997
10000,1024,rcfopcitm,12,8,7,16.93
10000,1024,rcfopcitm,12,8,8,16.379999999999995
10000,1024,rcfopcitm,12,8,9,17.090000000000003
10000,1024,rcfopcitm,12,9,0,16.159999999999997
10000,1024,rcfopcitm,12,9,1,16.12
10000,1024,rcfopcitm,12,9,2,15.800000000000002
10000,1024,rcfopcitm,12,9,3,15.290000000000003
10000,1024,rcfopcitm,12,9,4,16.180000000000007
10000,1024,rcfopcitm,12,9,5,16.259999999999998
10000,1024,rcfopcitm,12,9,6,16.180000000000007
10000,1024,rcfopcitm,12,9,7,16.500000000000004
10000,1024,rcfopcitm,12,9,8,16.349999999999998
10000,1024,rcfopcitm,12,9,9,15.900000000000002
10000,1024,rcfopcitm,2,1,0,14.11
10000,1024,rcfopcitm,2,1,1,13.890000000000002
10000,1024,rcfopcitm,2,1,2,14.12
10000,1024,rcfopcitm,2,1,3,14.170000000000005
10000,1024,rcfopcitm,2,1,4,13.719999999999999
10000,1024,rcfopcitm,2,1,5,14.200000000000001
10000,1024,rcfopcitm,2,1,6,13.939999999999998
10000,1024,rcfopcitm,2,1,7,13.970000000000004
10000,1024,rcfopcitm,2,1,8,13.829999999999998
10000,1024,rcfopcitm,2,1,9,13.919999999999998
10000,1024,rcfopcitm,2,10,0,14.159999999999995
10000,1024,rcfopcitm,2,10,1,14.42
10000,1024,rcfopcitm,2,10,2,14.370000000000005
10000,1024,rcfopcitm,2,10,3,13.870000000000005
10000,1024,rcfopcitm,2,10,4,14.000000000000002
10000,1024,rcfopcitm,2,10,5,14.01
10000,1024,rcfopcitm,2,10,6,14.159999999999995
10000,1024,rcfopcitm,2,10,7,13.990000000000002
10000,1024,rcfopcitm,2,10,8,14.100000000000001
10000,1024,rcfopcitm,2,10,9,13.949999999999996
10000,1024,rcfopcitm,2,2,0,14.090000000000003
10000,1024,rcfopcitm,2,2,1,13.970000000000004
10000,1024,rcfopcitm,2,2,2,13.849999999999996
10000,1024,rcfopcitm,2,2,3,13.990000000000002
10000,1024,rcfopcitm,2,2,4,13.939999999999998
10000,1024,rcfopcitm,2,2,5,13.780000000000003
10000,1024,rcfopcitm,2,2,6,13.570000000000004
10000,1024,rcfopcitm,2,2,7,13.719999999999999
10000,1024,rcfopcitm,2,2,8,13.91
10000,1024,rcfopcitm,2,2,9,14.029999999999998
10000,1024,rcfopcitm,2,3,0,13.870000000000005
10000,1024,rcfopcitm,2,3,1,13.790000000000003
10000,1024,rcfopcitm,2,3,2,13.870000000000005
10000,1024,rcfopcitm,2,3,3,14.039999999999997
10000,1024,rcfopcitm,2,3,4,13.859999999999994
10000,1024,rcfopcitm,2,3,5,13.649999999999995
10000,1024,rcfopcitm,2,3,6,13.62
10000,1024,rcfopcitm,2,3,7,13.839999999999996
10000,1024,rcfopcitm,2,3,8,13.660000000000005
10000,1024,rcfopcitm,2,3,9,14.01
10000,1024,rcfopcitm,2,4,0,14.11
10000,1024,rcfopcitm,2,4,1,13.81
10000,1024,rcfopcitm,2,4,2,13.770000000000005
10000,1024,rcfopcitm,2,4,3,13.749999999999996
10000,1024,rcfopcitm,2,4,4,13.729999999999997
10000,1024,rcfopcitm,2,4,5,13.570000000000004
10000,1024,rcfopcitm,2,4,6,13.680000000000003
10000,1024,rcfopcitm,2,4,7,13.770000000000005
10000,1024,rcfopcitm,2,4,8,13.919999999999998
10000,1024,rcfopcitm,2,4,9,13.819999999999999
10000,1024,rcfopcitm,2,5,0,13.890000000000002
10000,1024,rcfopcitm,2,5,1,13.5
10000,1024,rcfopcitm,2,5,2,14.139999999999997
10000,1024,rcfopcitm,2,5,3,13.81
10000,1024,rcfopcitm,2,5,4,14.049999999999995
10000,1024,rcfopcitm,2,5,5,13.91
10000,1024,rcfopcitm,2,5,6,14.059999999999995
10000,1024,rcfopcitm,2,5,7,13.590000000000002
10000,1024,rcfopcitm,2,5,8,13.919999999999998
10000,1024,rcfopcitm,2,5,9,13.990000000000002
10000,1024,rcfopcitm,2,6,0,13.729999999999997
10000,1024,rcfopcitm,2,6,1,13.859999999999994
10000,1024,rcfopcitm,2,6,2,13.590000000000002
10000,1024,rcfopcitm,2,6,3,13.81
10000,1024,rcfopcitm,2,6,4,13.790000000000003
10000,1024,rcfopcitm,2,6,5,13.939999999999998
10000,1024,rcfopcitm,2,6,6,13.560000000000006
10000,1024,rcfopcitm,2,6,7,13.970000000000004
10000,1024,rcfopcitm,2,6,8,13.880000000000003
10000,1024,rcfopcitm,2,6,9,13.900000000000002
10000,1024,rcfopcitm,2,7,0,13.829999999999998
10000,1024,rcfopcitm,2,7,1,13.990000000000002
10000,1024,rcfopcitm,2,7,2,14.039999999999997
10000,1024,rcfopcitm,2,7,3,13.839999999999996
10000,1024,rcfopcitm,2,7,4,14.039999999999997
10000,1024,rcfopcitm,2,7,5,13.919999999999998
10000,1024,rcfopcitm,2,7,6,13.690000000000001
10000,1024,rcfopcitm,2,7,7,13.819999999999999
10000,1024,rcfopcitm,2,7,8,13.839999999999996
10000,1024,rcfopcitm,2,7,9,14.190000000000003
10000,1024,rcfopcitm,2,8,0,14.100000000000001
10000,1024,rcfopcitm,2,8,1,14.01
10000,1024,rcfopcitm,2,8,2,14.149999999999995
10000,1024,rcfopcitm,2,8,3,13.949999999999996
10000,1024,rcfopcitm,2,8,4,14.01
10000,1024,rcfopcitm,2,8,5,13.949999999999996
10000,1024,rcfopcitm,2,8,6,14.229999999999999
10000,1024,rcfopcitm,2,8,7,13.670000000000005
10000,1024,rcfopcitm,2,8,8,13.949999999999996
10000,1024,rcfopcitm,2,8,9,13.81
10000,1024,rcfopcitm,2,9,0,14.02
10000,1024,rcfopcitm,2,9,1,14.270000000000005
10000,1024,rcfopcitm,2,9,2,13.970000000000004
10000,1024,rcfopcitm,2,9,3,14.280000000000005
10000,1024,rcfopcitm,2,9,4,14.21
10000,1024,rcfopcitm,2,9,5,13.819999999999999
10000,1024,rcfopcitm,2,9,6,14.000000000000002
10000,1024,rcfopcitm,2,9,7,13.870000000000005
10000,1024,rcfopcitm,2,9,8,14.129999999999999
10000,1024,rcfopcitm,2,9,9,13.980000000000004
10000,1024,rcfopcitm,3,1,0,14.31
10000,1024,rcfopcitm,3,1,1,14.329999999999998
10000,1024,rcfopcitm,3,1,2,13.839999999999996
10000,1024,rcfopcitm,3,1,3,13.890000000000002
10000,1024,rcfopcitm,3,1,4,13.690000000000001
10000,1024,rcfopcitm,3,1,5,14.159999999999995
10000,1024,rcfopcitm,3,1,6,14.049999999999995
10000,1024,rcfopcitm,3,1,7,13.81
10000,1024,rcfopcitm,3,1,8,13.770000000000005
10000,1024,rcfopcitm,3,1,9,14.049999999999995
10000,1024,rcfopcitm,3,10,0,13.639999999999997
10000,1024,rcfopcitm,3,10,1,13.52
10000,1024,rcfopcitm,3,10,2,13.719999999999999
10000,1024,rcfopcitm,3,10,3,13.570000000000004
10000,1024,rcfopcitm,3,10,4,13.71
10000,1024,rcfopcitm,3,10,5,13.859999999999994
10000,1024,rcfopcitm,3,10,6,13.629999999999997
10000,1024,rcfopcitm,3,10,7,13.680000000000003
10000,1024,rcfopcitm,3,10,8,14.049999999999995
10000,1024,rcfopcitm,3,10,9,13.490000000000002
10000,1024,rcfopcitm,3,2,0,14.01
10000,1024,rcfopcitm,3,2,1,13.829999999999998
10000,1024,rcfopcitm,3,2,2,13.749999999999996
10000,1024,rcfopcitm,3,2,3,13.449999999999996
10000,1024,rcfopcitm,3,2,4,13.81
10000,1024,rcfopcitm,3,2,5,13.719999999999999
10000,1024,rcfopcitm,3,2,6,13.690000000000001
10000,1024,rcfopcitm,3,2,7,13.529999999999998
10000,1024,rcfopcitm,3,2,8,13.590000000000002
10000,1024,rcfopcitm,3,2,9,13.480000000000004
10000,1024,rcfopcitm,3,3,0,13.590000000000002
10000,1024,rcfopcitm,3,3,1,13.739999999999997
10000,1024,rcfopcitm,3,3,2,13.71
10000,1024,rcfopcitm,3,3,3,13.600000000000001
10000,1024,rcfopcitm,3,3,4,13.680000000000003
10000,1024,rcfopcitm,3,3,5,13.129999999999997
10000,1024,rcfopcitm,3,3,6,13.339999999999996
10000,1024,rcfopcitm,3,3,7,13.690000000000001
10000,1024,rcfopcitm,3,3,8,13.449999999999996
10000,1024,rcfopcitm,3,3,9,13.470000000000004
10000,1024,rcfopcitm,3,4,0,13.319999999999999
10000,1024,rcfopcitm,3,4,1,13.590000000000002
10000,1024,rcfopcitm,3,4,2,13.52
10000,1024,rcfopcitm,3,4,3,13.429999999999998
10000,1024,rcfopcitm,3,4,4,13.319999999999999
10000,1024,rcfopcitm,3,4,5,13.41
10000,1024,rcfopcitm,3,4,6,13.449999999999996
10000,1024,rcfopcitm,3,4,7,13.290000000000003
10000,1024,rcfopcitm,3,4,8,13.91
10000,1024,rcfopcitm,3,4,9,13.429999999999998
10000,1024,rcfopcitm,3,5,0,13.3
10000,1024,rcfopcitm,3,5,1,13.919999999999998
10000,1024,rcfopcitm,3,5,2,13.309999999999999
10000,1024,rcfopcitm,3,5,3,13.5
10000,1024,rcfopcitm,3,5,4,13.759999999999994
10000,1024,rcfopcitm,3,5,5,13.429999999999998
10000,1024,rcfopcitm,3,5,6,13.119999999999997
10000,1024,rcfopcitm,3,5,7,13.61
10000,1024,rcfopcitm,3,5,8,13.309999999999999
10000,1024,rcfopcitm,3,5,9,13.449999999999996
10000,1024,rcfopcitm,3,6,0,13.370000000000005
10000,1024,rcfopcitm,3,6,1,13.590000000000002
10000,1024,rcfopcitm,3,6,2,13.819999999999999
10000,1024,rcfopcitm,3,6,3,13.490000000000002
10000,1024,rcfopcitm,3,6,4,13.380000000000003
10000,1024,rcfopcitm,3,6,5,13.419999999999998
10000,1024,rcfopcitm,3,6,6,13.160000000000005
10000,1024,rcfopcitm,3,6,7,13.8
10000,1024,rcfopcitm,3,6,8,13.460000000000004
10000,1024,rcfopcitm,3,6,9,13.349999999999994
10000,1024,rcfopcitm,3,7,0,13.41
10000,1024,rcfopcitm,3,7,1,13.790000000000003
10000,1024,rcfopcitm,3,7,2,13.5
10000,1024,rcfopcitm,3,7,3,13.190000000000001
10000,1024,rcfopcitm,3,7,4,13.590000000000002
10000,1024,rcfopcitm,3,7,5,13.470000000000004
10000,1024,rcfopcitm,3,7,6,13.600000000000001
10000,1024,rcfopcitm,3,7,7,13.51
10000,1024,rcfopcitm,3,7,8,13.759999999999994
10000,1024,rcfopcitm,3,7,9,13.590000000000002
10000,1024,rcfopcitm,3,8,0,13.859999999999994
10000,1024,rcfopcitm,3,8,1,13.639999999999997
10000,1024,rcfopcitm,3,8,2,13.62
10000,1024,rcfopcitm,3,8,3,13.380000000000003
10000,1024,rcfopcitm,3,8,4,13.890000000000002
10000,1024,rcfopcitm,3,8,5,13.680000000000003
10000,1024,rcfopcitm,3,8,6,13.449999999999996
10000,1024,rcfopcitm,3,8,7,13.529999999999998
10000,1024,rcfopcitm,3,8,8,13.670000000000005
10000,1024,rcfopcitm,3,8,9,13.739999999999997
10000,1024,rcfopcitm,3,9,0,13.8
10000,1024,rcfopcitm,3,9,1,13.429999999999998
10000,1024,rcfopcitm,3,9,2,13.51
10000,1024,rcfopcitm,3,9,3,13.580000000000004
10000,1024,rcfopcitm,3,9,4,13.4
10000,1024,rcfopcitm,3,9,5,13.539999999999996
10000,1024,rcfopcitm,3,9,6,13.649999999999995
10000,1024,rcfopcitm,3,9,7,13.61
10000,1024,rcfopcitm,3,9,8,13.700000000000001
10000,1024,rcfopcitm,3,9,9,14.070000000000004
10000,1024,rcfopcitm,5,1,0,14.459999999999996
10000,1024,rcfopcitm,5,1,1,13.770000000000005
10000,1024,rcfopcitm,5,1,2,13.949999999999996
10000,1024,rcfopcitm,5,1,3,13.749999999999996
10000,1024,rcfopcitm,5,1,4,13.859999999999994
10000,1024,rcfopcitm,5,1,5,13.439999999999996
10000,1024,rcfopcitm,5,1,6,13.990000000000002
10000,1024,rcfopcitm,5,1,7,14.070000000000004
10000,1024,rcfopcitm,5,1,8,13.539999999999996
10000,1024,rcfopcitm,5,1,9,13.890000000000002
10000,1024,rcfopcitm,5,10,0,12.919999999999998
10000,1024,rcfopcitm,5,10,1,13.219999999999999
10000,1024,rcfopcitm,5,10,2,13.370000000000005
10000,1024,rcfopcitm,5,10,3,12.949999999999996
10000,1024,rcfopcitm,5,10,4,12.780000000000003
10000,1024,rcfopcitm,5,10,5,13.170000000000003
10000,1024,rcfopcitm,5,10,6,12.860000000000005
10000,1024,rcfopcitm,5,10,7,12.8
10000,1024,rcfopcitm,5,10,8,13.100000000000001
10000,1024,rcfopcitm,5,10,9,13.019999999999998
10000,1024,rcfopcitm,5,2,0,13.4
10000,1024,rcfopcitm,5,2,1,13.119999999999997
10000,1024,rcfopcitm,5,2,2,13.200000000000001
10000,1024,rcfopcitm,5,2,3,13.309999999999999
10000,1024,rcfopcitm,5,2,4,13.51
10000,1024,rcfopcitm,5,2,5,13.11
10000,1024,rcfopcitm,5,2,6,13.180000000000003
10000,1024,rcfopcitm,5,2,7,13.719999999999999
10000,1024,rcfopcitm,5,2,8,13.539999999999996
10000,1024,rcfopcitm,5,2,9,13.739999999999997
10000,1024,rcfopcitm,5,3,0,13.11
10000,1024,rcfopcitm,5,3,1,12.91
10000,1024,rcfopcitm,5,3,2,13.570000000000004
10000,1024,rcfopcitm,5,3,3,12.829999999999997
10000,1024,rcfopcitm,5,3,4,13.049999999999995
10000,1024,rcfopcitm,5,3,5,13.549999999999995
10000,1024,rcfopcitm,5,3,6,13.090000000000002
10000,1024,rcfopcitm,5,3,7,13.170000000000003
10000,1024,rcfopcitm,5,3,8,13.380000000000003
10000,1024,rcfopcitm,5,3,9,13.119999999999997
10000,1024,rcfopcitm,5,4,0,12.929999999999996
10000,1024,rcfopcitm,5,4,1,13.260000000000005
10000,1024,rcfopcitm,5,4,2,12.839999999999996
10000,1024,rcfopcitm,5,4,3,13.41
10000,1024,rcfopcitm,5,4,4,13.270000000000003
10000,1024,rcfopcitm,5,4,5,12.919999999999998
10000,1024,rcfopcitm,5,4,6,12.91
10000,1024,rcfopcitm,5,4,7,12.89
10000,1024,rcfopcitm,5,4,8,13.190000000000001
10000,1024,rcfopcitm,5,4,9,13.029999999999998
10000,1024,rcfopcitm,5,5,0,12.8
10000,1024,rcfopcitm,5,5,1,12.770000000000003
10000,1024,rcfopcitm,5,5,2,13.41
10000,1024,rcfopcitm,5,5,3,12.860000000000005
10000,1024,rcfopcitm,5,5,4,13.060000000000006
10000,1024,rcfopcitm,5,5,5,12.939999999999996
10000,1024,rcfopcitm,5,5,6,13.119999999999997
10000,1024,rcfopcitm,5,5,7,12.949999999999996
10000,1024,rcfopcitm,5,5,8,13.309999999999999
10000,1024,rcfopcitm,5,5,9,13.100000000000001
10000,1024,rcfopcitm,5,6,0,13.029999999999998
10000,1024,rcfopcitm,5,6,1,12.939999999999996
10000,1024,rcfopcitm,5,6,2,13.329999999999998
10000,1024,rcfopcitm,5,6,3,13.039999999999996
10000,1024,rcfopcitm,5,6,4,12.760000000000005
10000,1024,rcfopcitm,5,6,5,13.0
10000,1024,rcfopcitm,5,6,6,13.319999999999999
10000,1024,rcfopcitm,5,6,7,13.070000000000004
10000,1024,rcfopcitm,5,6,8,13.019999999999998
10000,1024,rcfopcitm,5,6,9,12.960000000000004
10000,1024,rcfopcitm,5,7,0,12.860000000000005
10000,1024,rcfopcitm,5,7,1,12.880000000000003
10000,1024,rcfopcitm,5,7,2,13.319999999999999
10000,1024,rcfopcitm,5,7,3,13.209999999999999
10000,1024,rcfopcitm,5,7,4,13.0
10000,1024,rcfopcitm,5,7,5,12.970000000000004
10000,1024,rcfopcitm,5,7,6,13.129999999999997
10000,1024,rcfopcitm,5,7,7,12.780000000000003
10000,1024,rcfopcitm,5,7,8,13.070000000000004
10000,1024,rcfopcitm,5,7,9,12.790000000000001
10000,1024,rcfopcitm,5,8,0,13.180000000000003
10000,1024,rcfopcitm,5,8,1,12.919999999999998
10000,1024,rcfopcitm,5,8,2,12.809999999999999
10000,1024,rcfopcitm,5,8,3,12.980000000000002
10000,1024,rcfopcitm,5,8,4,12.849999999999994
10000,1024,rcfopcitm,5,8,5,13.260000000000005
10000,1024,rcfopcitm,5,8,6,12.7
10000,1024,rcfopcitm,5,8,7,12.780000000000003
10000,1024,rcfopcitm,5,8,8,13.200000000000001
10000,1024,rcfopcitm,5,8,9,12.970000000000004
10000,1024,rcfopcitm,5,9,0,12.549999999999994
10000,1024,rcfopcitm,5,9,1,13.11
10000,1024,rcfopcitm,5,9,2,12.9
10000,1024,rcfopcitm,5,9,3,12.960000000000004
10000,1024,rcfopcitm,5,9,4,12.5
10000,1024,rcfopcitm,5,9,5,12.7
10000,1024,rcfopcitm,5,9,6,12.749999999999995
10000,1024,rcfopcitm,5,9,7,12.770000000000003
10000,1024,rcfopcitm,5,9,8,13.090000000000002
10000,1024,rcfopcitm,5,9,9,12.9
10000,1024,rcfopcitm,7,1,0,13.529999999999998
10000,1024,rcfopcitm,7,1,1,13.819999999999999
10000,1024,rcfopcitm,7,1,2,13.470000000000004
10000,1024,rcfopcitm,7,1,3,13.460000000000004
10000,1024,rcfopcitm,7,1,4,14.129999999999999
10000,1024,rcfopcitm,7,1,5,13.670000000000005
10000,1024,rcfopcitm,7,1,6,14.070000000000004
10000,1024,rcfopcitm,7,1,7,13.919999999999998
10000,1024,rcfopcitm,7,1,8,13.8
10000,1024,rcfopcitm,7,1,9,13.0
10000,1024,rcfopcitm,7,10,0,13.739999999999997
10000,1024,rcfopcitm,7,10,1,13.649999999999995
10000,1024,rcfopcitm,7,10,2,13.8
10000,1024,rcfopcitm,7,10,3,13.329999999999998
10000,1024,rcfopcitm,7,10,4,13.539999999999996
10000,1024,rcfopcitm,7,10,5,13.580000000000004
10000,1024,rcfopcitm,7,10,6,13.5
10000,1024,rcfopcitm,7,10,7,13.549999999999995
10000,1024,rcfopcitm,7,10,8,13.190000000000001
10000,1024,rcfopcitm,7,10,9,13.780000000000003
10000,1024,rcfopcitm,7,2,0,13.01
10000,1024,rcfopcitm,7,2,1,13.280000000000003
10000,1024,rcfopcitm,7,2,2,13.690000000000001
10000,1024,rcfopcitm,7,2,3,13.260000000000005
10000,1024,rcfopcitm,7,2,4,12.89
10000,1024,rcfopcitm,7,2,5,12.939999999999996
10000,1024,rcfopcitm,7,2,6,13.129999999999997
10000,1024,rcfopcitm,7,2,7,13.309999999999999
10000,1024,rcfopcitm,7,2,8,13.629999999999997
10000,1024,rcfopcitm,7,2,9,13.119999999999997
10000,1024,rcfopcitm,7,3,0,12.709999999999999
10000,1024,rcfopcitm,7,3,1,13.229999999999997
10000,1024,rcfopcitm,7,3,2,13.060000000000006
10000,1024,rcfopcitm,7,3,3,13.290000000000003
10000,1024,rcfopcitm,7,3,4,12.839999999999996
10000,1024,rcfopcitm,7,3,5,12.839999999999996
10000,1024,rcfopcitm,7,3,6,12.570000000000004
10000,1024,rcfopcitm,7,3,7,12.6
10000,1024,rcfopcitm,7,3,8,12.780000000000003
10000,1024,rcfopcitm,7,3,9,12.929999999999996
10000,1024,rcfopcitm,7,4,0,12.629999999999997
10000,1024,rcfopcitm,7,4,1,12.970000000000004
10000,1024,rcfopcitm,7,4,2,13.160000000000005
10000,1024,rcfopcitm,7,4,3,12.660000000000004
10000,1024,rcfopcitm,7,4,4,12.5
10000,1024,rcfopcitm,7,4,5,12.970000000000004
10000,1024,rcfopcitm,7,4,6,12.8
10000,1024,rcfopcitm,7,4,7,12.429999999999996
10000,1024,rcfopcitm,7,4,8,13.029999999999998
10000,1024,rcfopcitm,7,4,9,12.809999999999999
10000,1024,rcfopcitm,7,5,0,12.949999999999996
10000,1024,rcfopcitm,7,5,1,12.619999999999997
10000,1024,rcfopcitm,7,5,2,12.639999999999995
10000,1024,rcfopcitm,7,5,3,12.709999999999999
10000,1024,rcfopcitm,7,5,4,12.380000000000003
10000,1024,rcfopcitm,7,5,5,12.649999999999995
10000,1024,rcfopcitm,7,5,6,12.549999999999994
10000,1024,rcfopcitm,7,5,7,13.239999999999997
10000,1024,rcfopcitm,7,5,8,12.8
10000,1024,rcfopcitm,7,5,9,13.029999999999998
10000,1024,rcfopcitm,7,6,0,12.450000000000006
10000,1024,rcfopcitm,7,6,1,12.429999999999996
10000,1024,rcfopcitm,7,6,2,12.590000000000002
10000,1024,rcfopcitm,7,6,3,12.580000000000002
10000,1024,rcfopcitm,7,6,4,12.519999999999998
10000,1024,rcfopcitm,7,6,5,13.049999999999995
10000,1024,rcfopcitm,7,6,6,12.949999999999996
10000,1024,rcfopcitm,7,6,7,12.819999999999999
10000,1024,rcfopcitm,7,6,8,12.549999999999994
10000,1024,rcfopcitm,7,6,9,12.590000000000002
10000,1024,rcfopcitm,7,7,0,12.409999999999998
10000,1024,rcfopcitm,7,7,1,12.760000000000005
10000,1024,rcfopcitm,7,7,2,13.080000000000002
10000,1024,rcfopcitm,7,7,3,12.660000000000004
10000,1024,rcfopcitm,7,7,4,12.039999999999996
10000,1024,rcfopcitm,7,7,5,12.509999999999998
10000,1024,rcfopcitm,7,7,6,12.660000000000004
10000,1024,rcfopcitm,7,7,7,12.680000000000003
10000,1024,rcfopcitm,7,7,8,12.570000000000004
10000,1024,rcfopcitm,7,7,9,12.429999999999996
10000,1024,rcfopcitm,7,8,0,13.11
10000,1024,rcfopcitm,7,8,1,12.809999999999999
10000,1024,rcfopcitm,7,8,2,12.539999999999996
10000,1024,rcfopcitm,7,8,3,12.529999999999998
10000,1024,rcfopcitm,7,8,4,13.029999999999998
10000,1024,rcfopcitm,7,8,5,12.380000000000003
10000,1024,rcfopcitm,7,8,6,13.249999999999995
10000,1024,rcfopcitm,7,8,7,12.690000000000001
10000,1024,rcfopcitm,7,8,8,12.790000000000001
10000,1024,rcfopcitm,7,8,9,12.809999999999999
10000,1024,rcfopcitm,7,9,0,13.329999999999998
10000,1024,rcfopcitm,7,9,1,13.639999999999997
10000,1024,rcfopcitm,7,9,2,12.819999999999999
10000,1024,rcfopcitm,7,9,3,13.149999999999995
10000,1024,rcfopcitm,7,9,4,13.070000000000004
10000,1024,rcfopcitm,7,9,5,13.239999999999997
10000,1024,rcfopcitm,7,9,6,13.539999999999996
10000,1024,rcfopcitm,7,9,7,13.070000000000004
10000,1024,rcfopcitm,7,9,8,13.209999999999999
10000,1024,rcfopcitm,7,9,9,13.119999999999997
10000,128,fwd,,,0,13.539999999999996
10000,128,fwd,,,1,13.480000000000004
10000,128,fwd,,,2,13.349999999999994
10000,128,fwd,,,3,13.61
10000,128,fwd,,,4,13.719999999999999
10000,128,fwd,,,5,13.680000000000003
10000,128,fwd,,,6,13.690000000000001
10000,128,fwd,,,7,13.360000000000005
10000,128,fwd,,,8,13.319999999999999
10000,128,fwd,,,9,13.439999999999996
10000,128,rcfopcitm,10,1,0,13.580000000000004
10000,128,rcfopcitm,10,1,1,13.570000000000004
10000,128,rcfopcitm,10,1,2,13.5
10000,128,rcfopcitm,10,1,3,13.660000000000005
10000,128,rcfopcitm,10,1,4,13.249999999999995
10000,128,rcfopcitm,10,1,5,14.090000000000003
10000,128,rcfopcitm,10,1,6,13.529999999999998
10000,128,rcfopcitm,10,1,7,13.590000000000002
10000,128,rcfopcitm,10,1,8,13.490000000000002
10000,128,rcfopcitm,10,1,9,13.639999999999997
10000,128,rcfopcitm,10,10,0,17.710000000000004
10000,128,rcfopcitm,10,10,1,17.700000000000003
10000,128,rcfopcitm,10,10,2,17.62
10000,128,rcfopcitm,10,10,3,17.869999999999997
10000,128,rcfopcitm,10,10,4,17.92
10000,128,rcfopcitm,10,10,5,17.600000000000005
10000,128,rcfopcitm,10,10,6,17.93
10000,128,rcfopcitm,10,10,7,17.44
10000,128,rcfopcitm,10,10,8,18.310000000000002
10000,128,rcfopcitm,10,10,9,17.979999999999997
10000,128,rcfopcitm,10,2,0,13.5
10000,128,rcfopcitm,10,2,1,14.270000000000005
10000,128,rcfopcitm,10,2,2,13.870000000000005
10000,128,rcfopcitm,10,2,3,13.8
10000,128,rcfopcitm,10,2,4,13.870000000000005
10000,128,rcfopcitm,10,2,5,13.700000000000001
10000,128,rcfopcitm,10,2,6,14.129999999999999
10000,128,rcfopcitm,10,2,7,13.829999999999998
10000,128,rcfopcitm,10,2,8,13.900000000000002
10000,128,rcfopcitm,10,2,9,13.929999999999998
10000,128,rcfopcitm,10,3,0,13.919999999999998
10000,128,rcfopcitm,10,3,1,13.700000000000001
10000,128,rcfopcitm,10,3,2,14.049999999999995
10000,128,rcfopcitm,10,3,3,13.829999999999998
10000,128,rcfopcitm,10,3,4,14.029999999999998
10000,128,rcfopcitm,10,3,5,13.839999999999996
10000,128,rcfopcitm,10,3,6,13.870000000000005
10000,128,rcfopcitm,10,3,7,14.100000000000001
10000,128,rcfopcitm,10,3,8,13.890000000000002
10000,128,rcfopcitm,10,3,9,14.349999999999996
10000,128,rcfopcitm,10,4,0,14.349999999999996
10000,128,rcfopcitm,10,4,1,14.52
10000,128,rcfopcitm,10,4,2,14.42
10000,128,rcfopcitm,10,4,3,14.539999999999997
10000,128,rcfopcitm,10,4,4,14.549999999999997
10000,128,rcfopcitm,10,4,5,14.31
10000,128,rcfopcitm,10,4,6,14.549999999999997
10000,128,rcfopcitm,10,4,7,14.3
10000,128,rcfopcitm,10,4,8,14.680000000000003
10000,128,rcfopcitm,10,4,9,14.590000000000003
10000,128,rcfopcitm,10,5,0,16.720000000000002
10000,128,rcfopcitm,10,5,1,16.53
10000,128,rcfopcitm,10,5,2,16.679999999999996
10000,128,rcfopcitm,10,5,3,16.73
10000,128,rcfopcitm,10,5,4,16.290000000000006
10000,128,rcfopcitm,10,5,5,16.369999999999997
10000,128,rcfopcitm,10,5,6,16.110000000000003
10000,128,rcfopcitm,10,5,7,16.92
10000,128,rcfopcitm,10,5,8,16.469999999999995
10000,128,rcfopcitm,10,5,9,16.51
10000,128,rcfopcitm,10,6,0,17.469999999999995
10000,128,rcfopcitm,10,6,1,17.079999999999995
10000,128,rcfopcitm,10,6,2,17.090000000000003
10000,128,rcfopcitm,10,6,3,17.259999999999998
10000,128,rcfopcitm,10,6,4,16.939999999999998
10000,128,rcfopcitm,10,6,5,16.84
10000,128,rcfopcitm,10,6,6,17.23
10000,128,rcfopcitm,10,6,7,16.679999999999996
10000,128,rcfopcitm,10,6,8,17.269999999999996
10000,128,rcfopcitm,10,6,9,17.000000000000004
10000,128,rcfopcitm,10,7,0,17.549999999999997
10000,128,rcfopcitm,10,7,1,17.879999999999995
10000,128,rcfopcitm,10,7,2,17.92
10000,128,rcfopcitm,10,7,3,17.04
10000,128,rcfopcitm,10,7,4,17.630000000000003
10000,128,rcfopcitm,10,7,5,17.24
10000,128,rcfopcitm,10,7,6,17.92
10000,128,rcfopcitm,10,7,7,17.669999999999998
10000,128,rcfopcitm,10,7,8,17.490000000000006
10000,128,rcfopcitm,10,7,9,17.73
10000,128,rcfopcitm,10,8,0,17.820000000000004
10000,128,rcfopcitm,10,8,1,18.000000000000004
10000,128,rcfopcitm,10,8,2,18.000000000000004
10000,128,rcfopcitm,10,8,3,18.06
10000,128,rcfopcitm,10,8,4,17.959999999999997
10000,128,rcfopcitm,10,8,5,17.879999999999995
10000,128,rcfopcitm,10,8,6,18.369999999999997
10000,128,rcfopcitm,10,8,7,17.65
10000,128,rcfopcitm,10,8,8,18.36
10000,128,rcfopcitm,10,8,9,18.189999999999994
10000,128,rcfopcitm,10,9,0,17.779999999999994
10000,128,rcfopcitm,10,9,1,17.259999999999998
10000,128,rcfopcitm,10,9,2,18.220000000000002
10000,128,rcfopcitm,10,9,3,17.62
10000,128,rcfopcitm,10,9,4,17.720000000000002
10000,128,rcfopcitm,10,9,5,17.92
10000,128,rcfopcitm,10,9,6,17.569999999999997
10000,128,rcfopcitm,10,9,7,17.989999999999995
10000,128,rcfopcitm,10,9,8,17.259999999999998
10000,128,rcfopcitm,10,9,9,17.84
10000,128,rcfopcitm,12,1,0,13.670000000000005
10000,128,rcfopcitm,12,1,1,13.490000000000002
10000,128,rcfopcitm,12,1,2,13.62
10000,128,rcfopcitm,12,1,3,13.390000000000002
10000,128,rcfopcitm,12,1,4,14.200000000000001
10000,128,rcfopcitm,12,1,5,13.460000000000004
10000,128,rcfopcitm,12,1,6,13.570000000000004
10000,128,rcfopcitm,12,1,7,13.529999999999998
10000,128,rcfopcitm,12,1,8,13.4
10000,128,rcfopcitm,12,1,9,13.070000000000004
10000,128,rcfopcitm,12,10,0,17.869999999999997
10000,128,rcfopcitm,12,10,1,18.14
10000,128,rcfopcitm,12,10,2,17.92
10000,128,rcfopcitm,12,10,3,17.94
10000,128,rcfopcitm,12,10,4,18.200000000000006
10000,128,rcfopcitm,12,10,5,18.020000000000003
10000,128,rcfopcitm,12,10,6,18.04
10000,128,rcfopcitm,12,10,7,17.62
10000,128,rcfopcitm,12,10,8,18.110000000000003
10000,128,rcfopcitm,12,10,9,17.779999999999994
10000,128,rcfopcitm,12,2,0,13.700000000000001
10000,128,rcfopcitm,12,2,1,14.370000000000005
10000,128,rcfopcitm,12,2,2,13.660000000000005
10000,128,rcfopcitm,12,2,3,13.959999999999994
10000,128,rcfopcitm,12,2,4,13.600000000000001
10000,128,rcfopcitm,12,2,5,13.770000000000005
10000,128,rcfopcitm,12,2,6,13.890000000000002
10000,128,rcfopcitm,12,2,7,14.01
10000,128,rcfopcitm,12,2,8,13.62
10000,128,rcfopcitm,12,2,9,13.790000000000003
10000,128,rcfopcitm,12,3,0,13.670000000000005
10000,128,rcfopcitm,12,3,1,13.600000000000001
10000,128,rcfopcitm,12,3,2,14.070000000000004
10000,128,rcfopcitm,12,3,3,13.980000000000004
10000,128,rcfopcitm,12,3,4,14.239999999999997
10000,128,rcfopcitm,12,3,5,13.949999999999996
10000,128,rcfopcitm,12,3,6,14.11
10000,128,rcfopcitm,12,3,7,13.880000000000003
10000,128,rcfopcitm,12,3,8,14.290000000000003
10000,128,rcfopcitm,12,3,9,14.270000000000005
10000,128,rcfopcitm,12,4,0,16.249999999999996
10000,128,rcfopcitm,12,4,1,15.82
10000,128,rcfopcitm,12,4,2,15.680000000000005
10000,128,rcfopcitm,12,4,3,15.910000000000002
10000,128,rcfopcitm,12,4,4,15.71
10000,128,rcfopcitm,12,4,5,15.900000000000002
10000,128,rcfopcitm,12,4,6,16.190000000000005
10000,128,rcfopcitm,12,4,7,16.24
10000,128,rcfopcitm,12,4,8,15.659999999999997
10000,128,rcfopcitm,12,4,9,15.559999999999995
10000,128,rcfopcitm,12,5,0,16.65
10000,128,rcfopcitm,12,5,1,16.51
10000,128,rcfopcitm,12,5,2,16.469999999999995
10000,128,rcfopcitm,12,5,3,16.400000000000002
10000,128,rcfopcitm,12,5,4,16.82
10000,128,rcfopcitm,12,5,5,16.469999999999995
10000,128,rcfopcitm,12,5,6,16.790000000000006
10000,128,rcfopcitm,12,5,7,16.190000000000005
10000,128,rcfopcitm,12,5,8,16.71
10000,128,rcfopcitm,12,5,9,16.12
10000,128,rcfopcitm,12,6,0,16.900000000000006
10000,128,rcfopcitm,12,6,1,17.610000000000003
10000,128,rcfopcitm,12,6,2,17.410000000000004
10000,128,rcfopcitm,12,6,3,17.479999999999997
10000,128,rcfopcitm,12,6,4,17.179999999999996
10000,128,rcfopcitm,12,6,5,17.53
10000,128,rcfopcitm,12,6,6,17.290000000000006
10000,128,rcfopcitm,12,6,7,17.800000000000004
10000,128,rcfopcitm,12,6,8,17.610000000000003
10000,128,rcfopcitm,12,6,9,17.740000000000002
10000,128,rcfopcitm,12,7,0,17.349999999999998
10000,128,rcfopcitm,12,7,1,18.66
10000,128,rcfopcitm,12,7,2,17.720000000000002
10000,128,rcfopcitm,12,7,3,17.44
10000,128,rcfopcitm,12,7,4,18.110000000000003
10000,128,rcfopcitm,12,7,5,17.73
10000,128,rcfopcitm,12,7,6,18.200000000000006
10000,128,rcfopcitm,12,7,7,17.659999999999997
10000,128,rcfopcitm,12,7,8,17.300000000000004
10000,128,rcfopcitm,12,7,9,17.979999999999997
10000,128,rcfopcitm,12,8,0,17.869999999999997
10000,128,rcfopcitm,12,8,1,17.200000000000003
10000,128,rcfopcitm,12,8,2,17.689999999999994
10000,128,rcfopcitm,12,8,3,17.14
10000,128,rcfopcitm,12,8,4,18.189999999999994
10000,128,rcfopcitm,12,8,5,17.740000000000002
10000,128,rcfopcitm,12,8,6,17.520000000000003
10000,128,rcfopcitm,12,8,7,17.500000000000004
10000,128,rcfopcitm,12,8,8,17.62
10000,128,rcfopcitm,12,8,9,17.15
10000,128,rcfopcitm,12,9,0,18.000000000000004
10000,128,rcfopcitm,12,9,1,17.820000000000004
10000,128,rcfopcitm,12,9,2,17.689999999999994
10000,128,rcfopcitm,12,9,3,17.759999999999998
10000,128,rcfopcitm,12,9,4,18.25
10000,128,rcfopcitm,12,9,5,17.520000000000003
10000,128,rcfopcitm,12,9,6,18.240000000000002
10000,128,rcfopcitm,12,9,7,17.12
10000,128,rcfopcitm,12,9,8,17.86
10000,128,rcfopcitm,12,9,9,17.679999999999996
10000,128,rcfopcitm,2,1,0,13.200000000000001
10000,128,rcfopcitm,2,1,1,13.819999999999999
10000,128,rcfopcitm,2,1,2,13.680000000000003
10000,128,rcfopcitm,2,1,3,13.160000000000005
10000,128,rcfopcitm,2,1,4,13.549999999999995
10000,128,rcfopcitm,2,1,5,13.590000000000002
10000,128,rcfopcitm,2,1,6,13.51
10000,128,rcfopcitm,2,1,7,13.560000000000006
10000,128,rcfopcitm,2,1,8,13.380000000000003
10000,128,rcfopcitm,2,1,9,13.429999999999998
10000,128,rcfopcitm,2,10,0,13.8
10000,128,rcfopcitm,2,10,1,13.890000000000002
10000,128,rcfopcitm,2,10,2,14.170000000000005
10000,128,rcfopcitm,2,10,3,13.849999999999996
10000,128,rcfopcitm,2,10,4,13.91
10000,128,rcfopcitm,2,10,5,14.029999999999998
10000,128,rcfopcitm,2,10,6,14.180000000000003
10000,128,rcfopcitm,2,10,7,13.8
10000,128,rcfopcitm,2,10,8,13.900000000000002
10000,128,rcfopcitm,2,10,9,14.01
10000,128,rcfopcitm,2,2,0,13.690000000000001
10000,128,rcfopcitm,2,2,1,13.360000000000005
10000,128,rcfopcitm,2,2,2,13.490000000000002
10000,128,rcfopcitm,2,2,3,13.480000000000004
10000,128,rcfopcitm,2,2,4,13.209999999999999
10000,128,rcfopcitm,2,2,5,13.51
10000,128,rcfopcitm,2,2,6,13.639999999999997
10000,128,rcfopcitm,2,2,7,13.049999999999995
10000,128,rcfopcitm,2,2,8,13.739999999999997
10000,128,rcfopcitm,2,2,9,13.859999999999994
10000,128,rcfopcitm,2,3,0,13.949999999999996
10000,128,rcfopcitm,2,3,1,13.419999999999998
10000,128,rcfopcitm,2,3,2,13.490000000000002
10000,128,rcfopcitm,2,3,3,13.780000000000003
10000,128,rcfopcitm,2,3,4,13.380000000000003
10000,128,rcfopcitm,2,3,5,13.309999999999999
10000,128,rcfopcitm,2,3,6,13.439999999999996
10000,128,rcfopcitm,2,3,7,13.539999999999996
10000,128,rcfopcitm,2,3,8,13.61
10000,128,rcfopcitm,2,3,9,13.600000000000001
10000,128,rcfopcitm,2,4,0,13.490000000000002
10000,128,rcfopcitm,2,4,1,14.049999999999995
10000,128,rcfopcitm,2,4,2,13.570000000000004
10000,128,rcfopcitm,2,4,3,13.8
10000,128,rcfopcitm,2,4,4,13.52
10000,128,rcfopcitm,2,4,5,13.470000000000004
10000,128,rcfopcitm,2,4,6,13.5
10000,128,rcfopcitm,2,4,7,13.52
10000,128,rcfopcitm,2,4,8,13.790000000000003
10000,128,rcfopcitm,2,4,9,13.52
10000,128,rcfopcitm,2,5,0,13.91
10000,128,rcfopcitm,2,5,1,13.490000000000002
10000,128,rcfopcitm,2,5,2,13.590000000000002
10000,128,rcfopcitm,2,5,3,13.51
10000,128,rcfopcitm,2,5,4,13.680000000000003
10000,128,rcfopcitm,2,5,5,13.429999999999998
10000,128,rcfopcitm,2,5,6,13.880000000000003
10000,128,rcfopcitm,2,5,7,13.870000000000005
10000,128,rcfopcitm,2,5,8,13.41
10000,128,rcfopcitm,2,5,9,13.71
10000,128,rcfopcitm,2,6,0,13.700000000000001
10000,128,rcfopcitm,2,6,1,13.560000000000006
10000,128,rcfopcitm,2,6,2,13.639999999999997
10000,128,rcfopcitm,2,6,3,13.829999999999998
10000,128,rcfopcitm,2,6,4,13.870000000000005
10000,128,rcfopcitm,2,6,5,13.560000000000006
10000,128,rcfopcitm,2,6,6,13.5
10000,128,rcfopcitm,2,6,7,13.949999999999996
10000,128,rcfopcitm,2,6,8,13.970000000000004
10000,128,rcfopcitm,2,6,9,13.62
10000,128,rcfopcitm,2,7,0,14.02
10000,128,rcfopcitm,2,7,1,13.729999999999997
10000,128,rcfopcitm,2,7,2,13.8
10000,128,rcfopcitm,2,7,3,13.570000000000004
10000,128,rcfopcitm,2,7,4,13.52
10000,128,rcfopcitm,2,7,5,13.8
10000,128,rcfopcitm,2,7,6,14.01
10000,128,rcfopcitm,2,7,7,13.490000000000002
10000,128,rcfopcitm,2,7,8,13.700000000000001
10000,128,rcfopcitm,2,7,9,13.929999999999998
10000,128,rcfopcitm,2,8,0,13.539999999999996
10000,128,rcfopcitm,2,8,1,13.439999999999996
10000,128,rcfopcitm,2,8,2,13.8
10000,128,rcfopcitm,2,8,3,13.790000000000003
10000,128,rcfopcitm,2,8,4,14.070000000000004
10000,128,rcfopcitm,2,8,5,13.51
10000,128,rcfopcitm,2,8,6,14.180000000000003
10000,128,rcfopcitm,2,8,7,13.91
10000,128,rcfopcitm,2,8,8,13.719999999999999
10000,128,rcfopcitm,2,8,9,13.739999999999997
10000,128,rcfopcitm,2,9,0,13.780000000000003
10000,128,rcfopcitm,2,9,1,13.849999999999996
10000,128,rcfopcitm,2,9,2,13.890000000000002
10000,128,rcfopcitm,2,9,3,13.8
10000,128,rcfopcitm,2,9,4,13.639999999999997
10000,128,rcfopcitm,2,9,5,13.839999999999996
10000,128,rcfopcitm,2,9,6,14.090000000000003
10000,128,rcfopcitm,2,9,7,13.739999999999997
10000,128,rcfopcitm,2,9,8,13.690000000000001
10000,128,rcfopcitm,2,9,9,14.32
10000,128,rcfopcitm,3,1,0,13.600000000000001
10000,128,rcfopcitm,3,1,1,13.939999999999998
10000,128,rcfopcitm,3,1,2,13.560000000000006
10000,128,rcfopcitm,3,1,3,13.639999999999997
10000,128,rcfopcitm,3,1,4,13.349999999999994
10000,128,rcfopcitm,3,1,5,13.52
10000,128,rcfopcitm,3,1,6,13.570000000000004
10000,128,rcfopcitm,3,1,7,13.219999999999999
10000,128,rcfopcitm,3,1,8,13.390000000000002
10000,128,rcfopcitm,3,1,9,13.11
10000,128,rcfopcitm,3,10,0,14.190000000000003
10000,128,rcfopcitm,3,10,1,14.429999999999998
10000,128,rcfopcitm,3,10,2,14.859999999999996
10000,128,rcfopcitm,3,10,3,14.270000000000005
10000,128,rcfopcitm,3,10,4,14.290000000000003
10000,128,rcfopcitm,3,10,5,14.549999999999997
10000,128,rcfopcitm,3,10,6,13.919999999999998
10000,128,rcfopcitm,3,10,7,14.02
10000,128,rcfopcitm,3,10,8,14.249999999999996
10000,128,rcfopcitm,3,10,9,14.510000000000002
10000,128,rcfopcitm,3,2,0,13.639999999999997
10000,128,rcfopcitm,3,2,1,13.290000000000003
10000,128,rcfopcitm,3,2,2,13.249999999999995
10000,128,rcfopcitm,3,2,3,14.049999999999995
10000,128,rcfopcitm,3,2,4,13.249999999999995
10000,128,rcfopcitm,3,2,5,13.429999999999998
10000,128,rcfopcitm,3,2,6,13.560000000000006
10000,128,rcfopcitm,3,2,7,13.370000000000005
10000,128,rcfopcitm,3,2,8,13.62
10000,128,rcfopcitm,3,2,9,13.759999999999994
10000,128,rcfopcitm,3,3,0,13.41
10000,128,rcfopcitm,3,3,1,13.460000000000004
10000,128,rcfopcitm,3,3,2,13.52
10000,128,rcfopcitm,3,3,3,13.61
10000,128,rcfopcitm,3,3,4,13.339999999999996
10000,128,rcfopcitm,3,3,5,13.690000000000001
10000,128,rcfopcitm,3,3,6,13.570000000000004
10000,128,rcfopcitm,3,3,7,13.71
10000,128,rcfopcitm,3,3,8,13.680000000000003
10000,128,rcfopcitm,3,3,9,14.000000000000002
10000,128,rcfopcitm,3,4,0,13.600000000000001
10000,128,rcfopcitm,3,4,1,13.660000000000005
10000,128,rcfopcitm,3,4,2,13.52
10000,128,rcfopcitm,3,4,3,13.590000000000002
10000,128,rcfopcitm,3,4,4,13.539999999999996
10000,128,rcfopcitm,3,4,5,13.770000000000005
10000,128,rcfopcitm,3,4,6,13.639999999999997
10000,128,rcfopcitm,3,4,7,13.819999999999999
10000,128,rcfopcitm,3,4,8,13.470000000000004
10000,128,rcfopcitm,3,4,9,13.91
10000,128,rcfopcitm,3,5,0,13.870000000000005
10000,128,rcfopcitm,3,5,1,13.929999999999998
10000,128,rcfopcitm,3,5,2,13.570000000000004
10000,128,rcfopcitm,3,5,3,13.600000000000001
10000,128,rcfopcitm,3,5,4,14.059999999999995
10000,128,rcfopcitm,3,5,5,13.61
10000,128,rcfopcitm,3,5,6,13.549999999999995
10000,128,rcfopcitm,3,5,7,13.580000000000004
10000,128,rcfopcitm,3,5,8,13.859999999999994
10000,128,rcfopcitm,3,5,9,13.829999999999998
10000,128,rcfopcitm,3,6,0,14.029999999999998
10000,128,rcfopcitm,3,6,1,13.700000000000001
10000,128,rcfopcitm,3,6,2,13.529999999999998
10000,128,rcfopcitm,3,6,3,13.629999999999997
10000,128,rcfopcitm,3,6,4,14.000000000000002
10000,128,rcfopcitm,3,6,5,14.200000000000001
10000,128,rcfopcitm,3,6,6,13.839999999999996
10000,128,rcfopcitm,3,6,7,13.939999999999998
10000,128,rcfopcitm,3,6,8,14.059999999999995
10000,128,rcfopcitm,3,6,9,13.829999999999998
10000,128,rcfopcitm,3,7,0,13.429999999999998
10000,128,rcfopcitm,3,7,1,13.759999999999994
10000,128,rcfopcitm,3,7,2,13.959999999999994
10000,128,rcfopcitm,3,7,3,13.939999999999998
10000,128,rcfopcitm,3,7,4,14.129999999999999
10000,128,rcfopcitm,3,7,5,14.059999999999995
10000,128,rcfopcitm,3,7,6,13.380000000000003
10000,128,rcfopcitm,3,7,7,13.759999999999994
10000,128,rcfopcitm,3,7,8,13.929999999999998
10000,128,rcfopcitm,3,7,9,14.080000000000004
10000,128,rcfopcitm,3,8,0,13.959999999999994
10000,128,rcfopcitm,3,8,1,14.070000000000004
10000,128,rcfopcitm,3,8,2,13.929999999999998
10000,128,rcfopcitm,3,8,3,13.52
10000,128,rcfopcitm,3,8,4,14.329999999999998
10000,128,rcfopcitm,3,8,5,14.02
10000,128,rcfopcitm,3,8,6,14.039999999999997
10000,128,rcfopcitm,3,8,7,13.890000000000002
10000,128,rcfopcitm,3,8,8,14.12
10000,128,rcfopcitm,3,8,9,14.01
10000,128,rcfopcitm,3,9,0,14.41
10000,128,rcfopcitm,3,9,1,13.870000000000005
10000,128,rcfopcitm,3,9,2,14.249999999999996
10000,128,rcfopcitm,3,9,3,14.000000000000002
10000,128,rcfopcitm,3,9,4,13.890000000000002
10000,128,rcfopcitm,3,9,5,14.159999999999995
10000,128,rcfopcitm,3,9,6,14.280000000000005
10000,128,rcfopcitm,3,9,7,14.170000000000005
10000,128,rcfopcitm,3,9,8,14.129999999999999
10000,128,rcfopcitm,3,9,9,14.139999999999997
10000,128,rcfopcitm,5,1,0,13.5
10000,128,rcfopcitm,5,1,1,13.070000000000004
10000,128,rcfopcitm,5,1,2,13.200000000000001
10000,128,rcfopcitm,5,1,3,13.41
10000,128,rcfopcitm,5,1,4,13.819999999999999
10000,128,rcfopcitm,5,1,5,13.749999999999996
10000,128,rcfopcitm,5,1,6,13.339999999999996
10000,128,rcfopcitm,5,1,7,13.119999999999997
10000,128,rcfopcitm,5,1,8,13.449999999999996
10000,128,rcfopcitm,5,1,9,13.590000000000002
10000,128,rcfopcitm,5,10,0,17.210000000000004
10000,128,rcfopcitm,5,10,1,17.710000000000004
10000,128,rcfopcitm,5,10,2,17.379999999999995
10000,128,rcfopcitm,5,10,3,17.14
10000,128,rcfopcitm,5,10,4,17.600000000000005
10000,128,rcfopcitm,5,10,5,17.62
10000,128,rcfopcitm,5,10,6,16.849999999999998
10000,128,rcfopcitm,5,10,7,17.64
10000,128,rcfopcitm,5,10,8,17.220000000000002
10000,128,rcfopcitm,5,10,9,17.15
10000,128,rcfopcitm,5,2,0,13.52
10000,128,rcfopcitm,5,2,1,13.739999999999997
10000,128,rcfopcitm,5,2,2,13.5
10000,128,rcfopcitm,5,2,3,13.460000000000004
10000,128,rcfopcitm,5,2,4,14.049999999999995
10000,128,rcfopcitm,5,2,5,13.529999999999998
10000,128,rcfopcitm,5,2,6,13.570000000000004
10000,128,rcfopcitm,5,2,7,13.329999999999998
10000,128,rcfopcitm,5,2,8,13.470000000000004
10000,128,rcfopcitm,5,2,9,13.329999999999998
10000,128,rcfopcitm,5,3,0,13.649999999999995
10000,128,rcfopcitm,5,3,1,13.690000000000001
10000,128,rcfopcitm,5,3,2,14.219999999999999
10000,128,rcfopcitm,5,3,3,13.639999999999997
10000,128,rcfopcitm,5,3,4,13.829999999999998
10000,128,rcfopcitm,5,3,5,13.51
10000,128,rcfopcitm,5,3,6,13.739999999999997
10000,128,rcfopcitm,5,3,7,13.680000000000003
10000,128,rcfopcitm,5,3,8,13.61
10000,128,rcfopcitm,5,3,9,13.62
10000,128,rcfopcitm,5,4,0,13.890000000000002
10000,128,rcfopcitm,5,4,1,13.790000000000003
10000,128,rcfopcitm,5,4,2,13.729999999999997
10000,128,rcfopcitm,5,4,3,14.629999999999999
10000,128,rcfopcitm,5,4,4,13.900000000000002
10000,128,rcfopcitm,5,4,5,13.970000000000004
10000,128,rcfopcitm,5,4,6,13.690000000000001
10000,128,rcfopcitm,5,4,7,13.980000000000004
10000,128,rcfopcitm,5,4,8,13.51
10000,128,rcfopcitm,5,4,9,13.839999999999996
10000,128,rcfopcitm,5,5,0,14.580000000000004
10000,128,rcfopcitm,5,5,1,13.959999999999994
10000,128,rcfopcitm,5,5,2,13.759999999999994
10000,128,rcfopcitm,5,5,3,13.990000000000002
10000,128,rcfopcitm,5,5,4,14.32
10000,128,rcfopcitm,5,5,5,13.849999999999996
10000,128,rcfopcitm,5,5,6,13.770000000000005
10000,128,rcfopcitm,5,5,7,13.91
10000,128,rcfopcitm,5,5,8,13.91
10000,128,rcfopcitm,5,5,9,14.139999999999997
10000,128,rcfopcitm,5,6,0,14.02
10000,128,rcfopcitm,5,6,1,14.229999999999999
10000,128,rcfopcitm,5,6,2,14.170000000000005
10000,128,rcfopcitm,5,6,3,13.959999999999994
10000,128,rcfopcitm,5,6,4,14.280000000000005
10000,128,rcfopcitm,5,6,5,14.670000000000005
10000,128,rcfopcitm,5,6,6,14.129999999999999
10000,128,rcfopcitm,5,6,7,14.11
10000,128,rcfopcitm,5,6,8,13.790000000000003
10000,128,rcfopcitm,5,6,9,13.890000000000002
10000,128,rcfopcitm,5,7,0,14.380000000000004
10000,128,rcfopcitm,5,7,1,14.129999999999999
10000,128,rcfopcitm,5,7,2,14.870000000000005
10000,128,rcfopcitm,5,7,3,14.12
10000,128,rcfopcitm,5,7,4,14.239999999999997
10000,128,rcfopcitm,5,7,5,14.429999999999998
10000,128,rcfopcitm,5,7,6,13.949999999999996
10000,128,rcfopcitm,5,7,7,14.339999999999996
10000,128,rcfopcitm,5,7,8,14.559999999999995
10000,128,rcfopcitm,5,7,9,14.390000000000002
10000,128,rcfopcitm,5,8,0,14.539999999999997
10000,128,rcfopcitm,5,8,1,14.52
10000,128,rcfopcitm,5,8,2,14.82
10000,128,rcfopcitm,5,8,3,15.280000000000005
10000,128,rcfopcitm,5,8,4,14.780000000000005
10000,128,rcfopcitm,5,8,5,15.03
10000,128,rcfopcitm,5,8,6,14.359999999999996
10000,128,rcfopcitm,5,8,7,14.670000000000005
10000,128,rcfopcitm,5,8,8,14.71
10000,128,rcfopcitm,5,8,9,14.980000000000004
10000,128,rcfopcitm,5,9,0,15.300000000000002
10000,128,rcfopcitm,5,9,1,15.910000000000002
10000,128,rcfopcitm,5,9,2,15.390000000000004
10000,128,rcfopcitm,5,9,3,15.880000000000006
10000,128,rcfopcitm,5,9,4,15.639999999999999
10000,128,rcfopcitm,5,9,5,15.859999999999996
10000,128,rcfopcitm,5,9,6,15.290000000000003
10000,128,rcfopcitm,5,9,7,15.859999999999996
10000,128,rcfopcitm,5,9,8,15.02
10000,128,rcfopcitm,5,9,9,15.810000000000002
10000,128,rcfopcitm,7,1,0,13.61
10000,128,rcfopcitm,7,1,1,13.5
10000,128,rcfopcitm,7,1,2,13.480000000000004
10000,128,rcfopcitm,7,1,3,13.71
10000,128,rcfopcitm,7,1,4,13.62
10000,128,rcfopcitm,7,1,5,13.390000000000002
10000,128,rcfopcitm,7,1,6,13.249999999999995
10000,128,rcfopcitm,7,1,7,14.129999999999999
10000,128,rcfopcitm,7,1,8,13.370000000000005
10000,128,rcfopcitm,7,1,9,13.41
10000,128,rcfopcitm,7,10,0,18.15
10000,128,rcfopcitm,7,10,1,17.94
10000,128,rcfopcitm,7,10,2,18.400000000000006
10000,128,rcfopcitm,7,10,3,18.179999999999996
10000,128,rcfopcitm,7,10,4,17.810000000000002
10000,128,rcfopcitm,7,10,5,18.740000000000002
10000,128,rcfopcitm,7,10,6,18.75
10000,128,rcfopcitm,7,10,7,18.279999999999998
10000,128,rcfopcitm,7,10,8,18.000000000000004
10000,128,rcfopcitm,7,10,9,18.369999999999997
10000,128,rcfopcitm,7,2,0,13.739999999999997
10000,128,rcfopcitm,7,2,1,13.62
10000,128,rcfopcitm,7,2,2,13.959999999999994
10000,128,rcfopcitm,7,2,3,14.200000000000001
10000,128,rcfopcitm,7,2,4,13.749999999999996
10000,128,rcfopcitm,7,2,5,13.759999999999994
10000,128,rcfopcitm,7,2,6,13.700000000000001
10000,128,rcfopcitm,7,2,7,13.390000000000002
10000,128,rcfopcitm,7,2,8,13.929999999999998
10000,128,rcfopcitm,7,2,9,13.280000000000003
10000,128,rcfopcitm,7,3,0,13.949999999999996
10000,128,rcfopcitm,7,3,1,13.749999999999996
10000,128,rcfopcitm,7,3,2,14.070000000000004
10000,128,rcfopcitm,7,3,3,14.02
10000,128,rcfopcitm,7,3,4,13.849999999999996
10000,128,rcfopcitm,7,3,5,13.829999999999998
10000,128,rcfopcitm,7,3,6,14.21
10000,128,rcfopcitm,7,3,7,13.829999999999998
10000,128,rcfopcitm,7,3,8,14.039999999999997
10000,128,rcfopcitm,7,3,9,14.610000000000001
10000,128,rcfopcitm,7,4,0,13.949999999999996
10000,128,rcfopcitm,7,4,1,14.11
10000,128,rcfopcitm,7,4,2,13.739999999999997
10000,128,rcfopcitm,7,4,3,14.41
10000,128,rcfopcitm,7,4,4,13.949999999999996
10000,128,rcfopcitm,7,4,5,13.959999999999994
10000,128,rcfopcitm,7,4,6,14.21
10000,128,rcfopcitm,7,4,7,13.959999999999994
10000,128,rcfopcitm,7,4,8,14.239999999999997
10000,128,rcfopcitm,7,4,9,14.339999999999996
10000,128,rcfopcitm,7,5,0,13.949999999999996
10000,128,rcfopcitm,7,5,1,13.980000000000004
10000,128,rcfopcitm,7,5,2,13.91
10000,128,rcfopcitm,7,5,3,14.219999999999999
10000,128,rcfopcitm,7,5,4,14.529999999999998
10000,128,rcfopcitm,7,5,5,14.580000000000004
10000,128,rcfopcitm,7,5,6,14.029999999999998
10000,128,rcfopcitm,7,5,7,14.529999999999998
10000,128,rcfopcitm,7,5,8,13.819999999999999
10000,128,rcfopcitm,7,5,9,14.52
10000,128,rcfopcitm,7,6,0,15.129999999999999
10000,128,rcfopcitm,7,6,1,14.780000000000005
10000,128,rcfopcitm,7,6,2,15.049999999999997
10000,128,rcfopcitm,7,6,3,15.120000000000001
10000,128,rcfopcitm,7,6,4,15.239999999999998
10000,128,rcfopcitm,7,6,5,15.190000000000003
10000,128,rcfopcitm,7,6,6,15.249999999999996
10000,128,rcfopcitm,7,6,7,15.03
10000,128,rcfopcitm,7,6,8,15.290000000000003
10000,128,rcfopcitm,7,6,9,15.349999999999998
10000,128,rcfopcitm,7,7,0,16.890000000000004
10000,128,rcfopcitm,7,7,1,17.73
10000,128,rcfopcitm,7,7,2,16.890000000000004
10000,128,rcfopcitm,7,7,3,17.25
10000,128,rcfopcitm,7,7,4,16.84
10000,128,rcfopcitm,7,7,5,17.459999999999997
10000,128,rcfopcitm,7,7,6,17.520000000000003
10000,128,rcfopcitm,7,7,7,17.93
10000,128,rcfopcitm,7,7,8,17.520000000000003
10000,128,rcfopcitm,7,7,9,16.95
10000,128,rcfopcitm,7,8,0,17.56
10000,128,rcfopcitm,7,8,1,18.03
10000,128,rcfopcitm,7,8,2,17.159999999999997
10000,128,rcfopcitm,7,8,3,18.079999999999995
10000,128,rcfopcitm,7,8,4,17.56
10000,128,rcfopcitm,7,8,5,17.830000000000002
10000,128,rcfopcitm,7,8,6,17.97
10000,128,rcfopcitm,7,8,7,16.969999999999995
10000,128,rcfopcitm,7,8,8,17.279999999999994
10000,128,rcfopcitm,7,8,9,17.95
10000,128,rcfopcitm,7,9,0,18.069999999999997
10000,128,rcfopcitm,7,9,1,18.289999999999996
10000,128,rcfopcitm,7,9,2,17.659999999999997
10000,128,rcfopcitm,7,9,3,17.820000000000004
10000,128,rcfopcitm,7,9,4,17.93
10000,128,rcfopcitm,7,9,5,17.910000000000004
10000,128,rcfopcitm,7,9,6,17.769999999999996
10000,128,rcfopcitm,7,9,7,17.689999999999994
10000,128,rcfopcitm,7,9,8,17.25
10000,128,rcfopcitm,7,9,9,17.279999999999994
10000,2048,fwd,,,0,14.739999999999998
10000,2048,fwd,,,1,13.990000000000002
10000,2048,fwd,,,2,14.680000000000003
10000,2048,fwd,,,3,14.539999999999997
10000,2048,fwd,,,4,14.93
10000,2048,fwd,,,5,14.590000000000003
10000,2048,fwd,,,6,14.549999999999997
10000,2048,fwd,,,7,14.770000000000005
10000,2048,fwd,,,8,14.370000000000005
10000,2048,fwd,,,9,14.529999999999998
10000,2048,rcfopcitm,10,1,0,14.039999999999997
10000,2048,rcfopcitm,10,1,1,14.490000000000002
10000,2048,rcfopcitm,10,1,2,14.080000000000004
10000,2048,rcfopcitm,10,1,3,14.290000000000003
10000,2048,rcfopcitm,10,1,4,14.229999999999999
10000,2048,rcfopcitm,10,1,5,14.239999999999997
10000,2048,rcfopcitm,10,1,6,14.270000000000005
10000,2048,rcfopcitm,10,1,7,14.239999999999997
10000,2048,rcfopcitm,10,1,8,14.339999999999996
10000,2048,rcfopcitm,10,1,9,14.159999999999995
10000,2048,rcfopcitm,10,10,0,17.169999999999995
10000,2048,rcfopcitm,10,10,1,16.379999999999995
10000,2048,rcfopcitm,10,10,2,16.939999999999998
10000,2048,rcfopcitm,10,10,3,17.000000000000004
10000,2048,rcfopcitm,10,10,4,17.36
10000,2048,rcfopcitm,10,10,5,17.42
10000,2048,rcfopcitm,10,10,6,17.24
10000,2048,rcfopcitm,10,10,7,16.859999999999996
10000,2048,rcfopcitm,10,10,8,17.25
10000,2048,rcfopcitm,10,10,9,17.500000000000004
10000,2048,rcfopcitm,10,2,0,13.819999999999999
10000,2048,rcfopcitm,10,2,1,13.790000000000003
10000,2048,rcfopcitm,10,2,2,13.360000000000005
10000,2048,rcfopcitm,10,2,3,14.000000000000002
10000,2048,rcfopcitm,10,2,4,13.660000000000005
10000,2048,rcfopcitm,10,2,5,13.660000000000005
10000,2048,rcfopcitm,10,2,6,13.52
10000,2048,rcfopcitm,10,2,7,13.91
10000,2048,rcfopcitm,10,2,8,13.81
10000,2048,rcfopcitm,10,2,9,13.819999999999999
10000,2048,rcfopcitm,10,3,0,13.239999999999997
10000,2048,rcfopcitm,10,3,1,13.229999999999997
10000,2048,rcfopcitm,10,3,2,13.01
10000,2048,rcfopcitm,10,3,3,12.870000000000005
10000,2048,rcfopcitm,10,3,4,12.91
10000,2048,rcfopcitm,10,3,5,13.429999999999998
10000,2048,rcfopcitm,10,3,6,13.309999999999999
10000,2048,rcfopcitm,10,3,7,13.029999999999998
10000,2048,rcfopcitm,10,3,8,12.860000000000005
10000,2048,rcfopcitm,10,3,9,13.460000000000004
10000,2048,rcfopcitm,10,4,0,12.629999999999997
10000,2048,rcfopcitm,10,4,1,13.049999999999995
10000,2048,rcfopcitm,10,4,2,12.739999999999995
10000,2048,rcfopcitm,10,4,3,12.680000000000003
10000,2048,rcfopcitm,10,4,4,12.509999999999998
10000,2048,rcfopcitm,10,4,5,12.660000000000004
10000,2048,rcfopcitm,10,4,6,12.660000000000004
10000,2048,rcfopcitm,10,4,7,12.749999999999995
10000,2048,rcfopcitm,10,4,8,12.629999999999997
10000,2048,rcfopcitm,10,4,9,12.680000000000003
10000,2048,rcfopcitm,10,5,0,12.350000000000005
10000,2048,rcfopcitm,10,5,1,12.619999999999997
10000,2048,rcfopcitm,10,5,2,12.680000000000003
10000,2048,rcfopcitm,10,5,3,12.260000000000005
10000,2048,rcfopcitm,10,5,4,12.629999999999997
10000,2048,rcfopcitm,10,5,5,12.509999999999998
10000,2048,rcfopcitm,10,5,6,12.339999999999996
10000,2048,rcfopcitm,10,5,7,12.370000000000003
10000,2048,rcfopcitm,10,5,8,12.239999999999995
10000,2048,rcfopcitm,10,5,9,12.3
10000,2048,rcfopcitm,10,6,0,12.190000000000001
10000,2048,rcfopcitm,10,6,1,12.270000000000003
10000,2048,rcfopcitm,10,6,2,12.619999999999997
10000,2048,rcfopcitm,10,6,3,12.350000000000005
10000,2048,rcfopcitm,10,6,4,12.6
10000,2048,rcfopcitm,10,6,5,12.380000000000003
10000,2048,rcfopcitm,10,6,6,12.270000000000003
10000,2048,rcfopcitm,10,6,7,12.439999999999996
10000,2048,rcfopcitm,10,6,8,12.370000000000003
10000,2048,rcfopcitm,10,6,9,12.61
10000,2048,rcfopcitm,10,7,0,12.509999999999998
10000,2048,rcfopcitm,10,7,1,12.660000000000004
10000,2048,rcfopcitm,10,7,2,12.829999999999997
10000,2048,rcfopcitm,10,7,3,12.660000000000004
10000,2048,rcfopcitm,10,7,4,12.649999999999995
10000,2048,rcfopcitm,10,7,5,12.89
10000,2048,rcfopcitm,10,7,6,12.639999999999995
10000,2048,rcfopcitm,10,7,7,12.61
10000,2048,rcfopcitm,10,7,8,12.61
10000,2048,rcfopcitm,10,7,9,12.409999999999998
10000,2048,rcfopcitm,10,8,0,12.929999999999996
10000,2048,rcfopcitm,10,8,1,12.670000000000003
10000,2048,rcfopcitm,10,8,2,13.0
10000,2048,rcfopcitm,10,8,3,12.709999999999999
10000,2048,rcfopcitm,10,8,4,12.780000000000003
10000,2048,rcfopcitm,10,8,5,13.280000000000003
10000,2048,rcfopcitm,10,8,6,12.960000000000004
10000,2048,rcfopcitm,10,8,7,12.7
10000,2048,rcfopcitm,10,8,8,13.080000000000002
10000,2048,rcfopcitm,10,8,9,13.309999999999999
10000,2048,rcfopcitm,10,9,0,13.970000000000004
10000,2048,rcfopcitm,10,9,1,14.449999999999996
10000,2048,rcfopcitm,10,9,2,14.52
10000,2048,rcfopcitm,10,9,3,14.219999999999999
10000,2048,rcfopcitm,10,9,4,14.049999999999995
10000,2048,rcfopcitm,10,9,5,14.590000000000003
10000,2048,rcfopcitm,10,9,6,14.470000000000006
10000,2048,rcfopcitm,10,9,7,14.270000000000005
10000,2048,rcfopcitm,10,9,8,14.41
10000,2048,rcfopcitm,10,9,9,13.829999999999998
10000,2048,rcfopcitm,12,1,0,14.12
10000,2048,rcfopcitm,12,1,1,14.249999999999996
10000,2048,rcfopcitm,12,1,2,14.02
10000,2048,rcfopcitm,12,1,3,13.990000000000002
10000,2048,rcfopcitm,12,1,4,14.439999999999998
10000,2048,rcfopcitm,12,1,5,14.000000000000002
10000,2048,rcfopcitm,12,1,6,14.229999999999999
10000,2048,rcfopcitm,12,1,7,13.959999999999994
10000,2048,rcfopcitm,12,1,8,14.270000000000005
10000,2048,rcfopcitm,12,1,9,14.429999999999998
10000,2048,rcfopcitm,12,10,0,16.369999999999997
10000,2048,rcfopcitm,12,10,1,16.02
10000,2048,rcfopcitm,12,10,2,16.169999999999995
10000,2048,rcfopcitm,12,10,3,16.51
10000,2048,rcfopcitm,12,10,4,16.159999999999997
10000,2048,rcfopcitm,12,10,5,16.390000000000004
10000,2048,rcfopcitm,12,10,6,15.980000000000006
10000,2048,rcfopcitm,12,10,7,16.469999999999995
10000,2048,rcfopcitm,12,10,8,15.969999999999995
10000,2048,rcfopcitm,12,10,9,16.279999999999994
10000,2048,rcfopcitm,12,2,0,13.660000000000005
10000,2048,rcfopcitm,12,2,1,13.780000000000003
10000,2048,rcfopcitm,12,2,2,13.719999999999999
10000,2048,rcfopcitm,12,2,3,13.280000000000003
10000,2048,rcfopcitm,12,2,4,13.52
10000,2048,rcfopcitm,12,2,5,13.890000000000002
10000,2048,rcfopcitm,12,2,6,13.61
10000,2048,rcfopcitm,12,2,7,13.539999999999996
10000,2048,rcfopcitm,12,2,8,13.439999999999996
10000,2048,rcfopcitm,12,2,9,13.229999999999997
10000,2048,rcfopcitm,12,3,0,12.739999999999995
10000,2048,rcfopcitm,12,3,1,12.849999999999994
10000,2048,rcfopcitm,12,3,2,12.749999999999995
10000,2048,rcfopcitm,12,3,3,13.360000000000005
10000,2048,rcfopcitm,12,3,4,12.809999999999999
10000,2048,rcfopcitm,12,3,5,13.070000000000004
10000,2048,rcfopcitm,12,3,6,12.319999999999997
10000,2048,rcfopcitm,12,3,7,13.100000000000001
10000,2048,rcfopcitm,12,3,8,13.319999999999999
10000,2048,rcfopcitm,12,3,9,12.839999999999996
10000,2048,rcfopcitm,12,4,0,12.319999999999997
10000,2048,rcfopcitm,12,4,1,12.380000000000003
10000,2048,rcfopcitm,12,4,2,12.549999999999994
10000,2048,rcfopcitm,12,4,3,12.549999999999994
10000,2048,rcfopcitm,12,4,4,12.929999999999996
10000,2048,rcfopcitm,12,4,5,12.070000000000004
10000,2048,rcfopcitm,12,4,6,12.5
10000,2048,rcfopcitm,12,4,7,12.5
10000,2048,rcfopcitm,12,4,8,12.360000000000005
10000,2048,rcfopcitm,12,4,9,12.61
10000,2048,rcfopcitm,12,5,0,12.680000000000003
10000,2048,rcfopcitm,12,5,1,12.660000000000004
10000,2048,rcfopcitm,12,5,2,12.560000000000004
10000,2048,rcfopcitm,12,5,3,12.39
10000,2048,rcfopcitm,12,5,4,12.339999999999996
10000,2048,rcfopcitm,12,5,5,12.6
10000,2048,rcfopcitm,12,5,6,12.270000000000003
10000,2048,rcfopcitm,12,5,7,12.529999999999998
10000,2048,rcfopcitm,12,5,8,12.280000000000001
10000,2048,rcfopcitm,12,5,9,12.39
10000,2048,rcfopcitm,12,6,0,12.480000000000002
10000,2048,rcfopcitm,12,6,1,12.839999999999996
10000,2048,rcfopcitm,12,6,2,12.409999999999998
10000,2048,rcfopcitm,12,6,3,12.6
10000,2048,rcfopcitm,12,6,4,12.639999999999995
10000,2048,rcfopcitm,12,6,5,12.680000000000003
10000,2048,rcfopcitm,12,6,6,12.590000000000002
10000,2048,rcfopcitm,12,6,7,12.560000000000004
10000,2048,rcfopcitm,12,6,8,12.649999999999995
10000,2048,rcfopcitm,12,6,9,12.839999999999996
10000,2048,rcfopcitm,12,7,0,12.639999999999995
10000,2048,rcfopcitm,12,7,1,13.380000000000003
10000,2048,rcfopcitm,12,7,2,13.52
10000,2048,rcfopcitm,12,7,3,13.049999999999995
10000,2048,rcfopcitm,12,7,4,13.180000000000003
10000,2048,rcfopcitm,12,7,5,13.639999999999997
10000,2048,rcfopcitm,12,7,6,13.039999999999996
10000,2048,rcfopcitm,12,7,7,13.370000000000005
10000,2048,rcfopcitm,12,7,8,13.180000000000003
10000,2048,rcfopcitm,12,7,9,13.370000000000005
10000,2048,rcfopcitm,12,8,0,16.000000000000004
10000,2048,rcfopcitm,12,8,1,16.220000000000002
10000,2048,rcfopcitm,12,8,2,16.23
10000,2048,rcfopcitm,12,8,3,15.749999999999996
10000,2048,rcfopcitm,12,8,4,16.43
10000,2048,rcfopcitm,12,8,5,16.590000000000003
10000,2048,rcfopcitm,12,8,6,16.200000000000003
10000,2048,rcfopcitm,12,8,7,16.000000000000004
10000,2048,rcfopcitm,12,8,8,16.42
10000,2048,rcfopcitm,12,8,9,16.069999999999997
10000,2048,rcfopcitm,12,9,0,16.859999999999996
10000,2048,rcfopcitm,12,9,1,16.290000000000006
10000,2048,rcfopcitm,12,9,2,15.900000000000002
10000,2048,rcfopcitm,12,9,3,16.15
10000,2048,rcfopcitm,12,9,4,15.129999999999999
10000,2048,rcfopcitm,12,9,5,15.659999999999997
10000,2048,rcfopcitm,12,9,6,15.620000000000001
10000,2048,rcfopcitm,12,9,7,15.939999999999998
10000,2048,rcfopcitm,12,9,8,16.220000000000002
10000,2048,rcfopcitm,12,9,9,16.779999999999994
10000,2048,rcfopcitm,2,1,0,14.629999999999999
10000,2048,rcfopcitm,2,1,1,14.3
10000,2048,rcfopcitm,2,1,2,14.32
10000,2048,rcfopcitm,2,1,3,14.529999999999998
10000,2048,rcfopcitm,2,1,4,14.249999999999996
10000,2048,rcfopcitm,2,1,5,14.429999999999998
10000,2048,rcfopcitm,2,1,6,13.959999999999994
10000,2048,rcfopcitm,2,1,7,14.159999999999995
10000,2048,rcfopcitm,2,1,8,14.459999999999996
10000,2048,rcfopcitm,2,1,9,14.290000000000003
10000,2048,rcfopcitm,2,10,0,13.62
10000,2048,rcfopcitm,2,10,1,13.349999999999994
10000,2048,rcfopcitm,2,10,2,13.270000000000003
10000,2048,rcfopcitm,2,10,3,13.11
10000,2048,rcfopcitm,2,10,4,13.329999999999998
10000,2048,rcfopcitm,2,10,5,13.270000000000003
10000,2048,rcfopcitm,2,10,6,13.660000000000005
10000,2048,rcfopcitm,2,10,7,13.41
10000,2048,rcfopcitm,2,10,8,13.429999999999998
10000,2048,rcfopcitm,2,10,9,13.729999999999997
10000,2048,rcfopcitm,2,2,0,14.02
10000,2048,rcfopcitm,2,2,1,14.290000000000003
10000,2048,rcfopcitm,2,2,2,14.339999999999996
10000,2048,rcfopcitm,2,2,3,14.029999999999998
10000,2048,rcfopcitm,2,2,4,14.249999999999996
10000,2048,rcfopcitm,2,2,5,13.939999999999998
10000,2048,rcfopcitm,2,2,6,14.229999999999999
10000,2048,rcfopcitm,2,2,7,14.3
10000,2048,rcfopcitm,2,2,8,14.21
10000,2048,rcfopcitm,2,2,9,14.3
10000,2048,rcfopcitm,2,3,0,14.200000000000001
10000,2048,rcfopcitm,2,3,1,13.91
10000,2048,rcfopcitm,2,3,2,14.01
10000,2048,rcfopcitm,2,3,3,13.919999999999998
10000,2048,rcfopcitm,2,3,4,13.890000000000002
10000,2048,rcfopcitm,2,3,5,13.739999999999997
10000,2048,rcfopcitm,2,3,6,13.900000000000002
10000,2048,rcfopcitm,2,3,7,14.090000000000003
10000,2048,rcfopcitm,2,3,8,14.149999999999995
10000,2048,rcfopcitm,2,3,9,13.719999999999999
10000,2048,rcfopcitm,2,4,0,13.670000000000005
10000,2048,rcfopcitm,2,4,1,13.870000000000005
10000,2048,rcfopcitm,2,4,2,13.61
10000,2048,rcfopcitm,2,4,3,13.670000000000005
10000,2048,rcfopcitm,2,4,4,13.8
10000,2048,rcfopcitm,2,4,5,13.680000000000003
10000,2048,rcfopcitm,2,4,6,13.970000000000004
10000,2048,rcfopcitm,2,4,7,13.890000000000002
10000,2048,rcfopcitm,2,4,8,13.990000000000002
10000,2048,rcfopcitm,2,4,9,13.759999999999994
10000,2048,rcfopcitm,2,5,0,13.749999999999996
10000,2048,rcfopcitm,2,5,1,13.829999999999998
10000,2048,rcfopcitm,2,5,2,13.570000000000004
10000,2048,rcfopcitm,2,5,3,13.319999999999999
10000,2048,rcfopcitm,2,5,4,13.539999999999996
10000,2048,rcfopcitm,2,5,5,13.749999999999996
10000,2048,rcfopcitm,2,5,6,13.61
10000,2048,rcfopcitm,2,5,7,13.360000000000005
10000,2048,rcfopcitm,2,5,8,13.719999999999999
10000,2048,rcfopcitm,2,5,9,13.419999999999998
10000,2048,rcfopcitm,2,6,0,13.270000000000003
10000,2048,rcfopcitm,2,6,1,13.880000000000003
10000,2048,rcfopcitm,2,6,2,13.549999999999995
10000,2048,rcfopcitm,2,6,3,13.690000000000001
10000,2048,rcfopcitm,2,6,4,13.249999999999995
10000,2048,rcfopcitm,2,6,5,13.590000000000002
10000,2048,rcfopcitm,2,6,6,13.700000000000001
10000,2048,rcfopcitm,2,6,7,13.739999999999997
10000,2048,rcfopcitm,2,6,8,13.480000000000004
10000,2048,rcfopcitm,2,6,9,13.339999999999996
10000,2048,rcfopcitm,2,7,0,13.560000000000006
10000,2048,rcfopcitm,2,7,1,13.8
10000,2048,rcfopcitm,2,7,2,13.229999999999997
10000,2048,rcfopcitm,2,7,3,13.3
10000,2048,rcfopcitm,2,7,4,13.419999999999998
10000,2048,rcfopcitm,2,7,5,13.470000000000004
10000,2048,rcfopcitm,2,7,6,13.429999999999998
10000,2048,rcfopcitm,2,7,7,13.790000000000003
10000,2048,rcfopcitm,2,7,8,13.329999999999998
10000,2048,rcfopcitm,2,7,9,13.690000000000001
10000,2048,rcfopcitm,2,8,0,13.180000000000003
10000,2048,rcfopcitm,2,8,1,13.52
10000,2048,rcfopcitm,2,8,2,13.51
10000,2048,rcfopcitm,2,8,3,13.71
10000,2048,rcfopcitm,2,8,4,13.5
10000,2048,rcfopcitm,2,8,5,13.380000000000003
10000,2048,rcfopcitm,2,8,6,13.260000000000005
10000,2048,rcfopcitm,2,8,7,13.390000000000002
10000,2048,rcfopcitm,2,8,8,13.309999999999999
10000,2048,rcfopcitm,2,8,9,13.5
10000,2048,rcfopcitm,2,9,0,13.700000000000001
10000,2048,rcfopcitm,2,9,1,13.4
10000,2048,rcfopcitm,2,9,2,13.600000000000001
10000,2048,rcfopcitm,2,9,3,13.61
10000,2048,rcfopcitm,2,9,4,13.309999999999999
10000,2048,rcfopcitm,2,9,5,13.319999999999999
10000,2048,rcfopcitm,2,9,6,13.539999999999996
10000,2048,rcfopcitm,2,9,7,13.3
10000,2048,rcfopcitm,2,9,8,13.309999999999999
10000,2048,rcfopcitm,2,9,9,13.370000000000005
10000,2048,rcfopcitm,3,1,0,14.339999999999996
10000,2048,rcfopcitm,3,1,1,14.570000000000006
10000,2048,rcfopcitm,3,1,2,14.159999999999995
10000,2048,rcfopcitm,3,1,3,14.129999999999999
10000,2048,rcfopcitm,3,1,4,14.359999999999996
10000,2048,rcfopcitm,3,1,5,14.339999999999996
10000,2048,rcfopcitm,3,1,6,14.059999999999995
10000,2048,rcfopcitm,3,1,7,13.880000000000003
10000,2048,rcfopcitm,3,1,8,14.339999999999996
10000,2048,rcfopcitm,3,1,9,13.970000000000004
10000,2048,rcfopcitm,3,10,0,13.019999999999998
10000,2048,rcfopcitm,3,10,1,12.849999999999994
10000,2048,rcfopcitm,3,10,2,13.070000000000004
10000,2048,rcfopcitm,3,10,3,13.170000000000003
10000,2048,rcfopcitm,3,10,4,13.209999999999999
10000,2048,rcfopcitm,3,10,5,13.060000000000006
10000,2048,rcfopcitm,3,10,6,13.219999999999999
10000,2048,rcfopcitm,3,10,7,12.939999999999996
10000,2048,rcfopcitm,3,10,8,13.100000000000001
10000,2048,rcfopcitm,3,10,9,12.719999999999999
10000,2048,rcfopcitm,3,2,0,13.790000000000003
10000,2048,rcfopcitm,3,2,1,13.959999999999994
10000,2048,rcfopcitm,3,2,2,13.71
10000,2048,rcfopcitm,3,2,3,13.829999999999998
10000,2048,rcfopcitm,3,2,4,13.859999999999994
10000,2048,rcfopcitm,3,2,5,13.919999999999998
10000,2048,rcfopcitm,3,2,6,14.000000000000002
10000,2048,rcfopcitm,3,2,7,14.039999999999997
10000,2048,rcfopcitm,3,2,8,13.919999999999998
10000,2048,rcfopcitm,3,2,9,13.51
10000,2048,rcfopcitm,3,3,0,13.590000000000002
10000,2048,rcfopcitm,3,3,1,13.549999999999995
10000,2048,rcfopcitm,3,3,2,13.8
10000,2048,rcfopcitm,3,3,3,13.71
10000,2048,rcfopcitm,3,3,4,13.660000000000005
10000,2048,rcfopcitm,3,3,5,13.900000000000002
10000,2048,rcfopcitm,3,3,6,13.549999999999995
10000,2048,rcfopcitm,3,3,7,13.290000000000003
10000,2048,rcfopcitm,3,3,8,13.959999999999994
10000,2048,rcfopcitm,3,3,9,13.980000000000004
10000,2048,rcfopcitm,3,4,0,13.700000000000001
10000,2048,rcfopcitm,3,4,1,13.790000000000003
10000,2048,rcfopcitm,3,4,2,13.62
10000,2048,rcfopcitm,3,4,3,13.849999999999996
10000,2048,rcfopcitm,3,4,4,13.849999999999996
10000,2048,rcfopcitm,3,4,5,13.639999999999997
10000,2048,rcfopcitm,3,4,6,13.429999999999998
10000,2048,rcfopcitm,3,4,7,13.239999999999997
10000,2048,rcfopcitm,3,4,8,13.419999999999998
10000,2048,rcfopcitm,3,4,9,13.470000000000004
10000,2048,rcfopcitm,3,5,0,13.490000000000002
10000,2048,rcfopcitm,3,5,1,13.529999999999998
10000,2048,rcfopcitm,3,5,2,13.01
10000,2048,rcfopcitm,3,5,3,13.080000000000002
10000,2048,rcfopcitm,3,5,4,13.280000000000003
10000,2048,rcfopcitm,3,5,5,13.560000000000006
10000,2048,rcfopcitm,3,5,6,13.529999999999998
10000,2048,rcfopcitm,3,5,7,13.190000000000001
10000,2048,rcfopcitm,3,5,8,13.560000000000006
10000,2048,rcfopcitm,3,5,9,13.470000000000004
10000,2048,rcfopcitm,3,6,0,13.5
10000,2048,rcfopcitm,3,6,1,13.290000000000003
10000,2048,rcfopcitm,3,6,2,13.449999999999996
10000,2048,rcfopcitm,3,6,3,13.139999999999997
10000,2048,rcfopcitm,3,6,4,13.449999999999996
10000,2048,rcfopcitm,3,6,5,13.260000000000005
10000,2048,rcfopcitm,3,6,6,13.480000000000004
10000,2048,rcfopcitm,3,6,7,12.970000000000004
10000,2048,rcfopcitm,3,6,8,12.960000000000004
10000,2048,rcfopcitm,3,6,9,13.280000000000003
10000,2048,rcfopcitm,3,7,0,12.970000000000004
10000,2048,rcfopcitm,3,7,1,13.4
10000,2048,rcfopcitm,3,7,2,13.070000000000004
10000,2048,rcfopcitm,3,7,3,13.070000000000004
10000,2048,rcfopcitm,3,7,4,13.160000000000005
10000,2048,rcfopcitm,3,7,5,13.319999999999999
10000,2048,rcfopcitm,3,7,6,13.200000000000001
10000,2048,rcfopcitm,3,7,7,13.119999999999997
10000,2048,rcfopcitm,3,7,8,13.319999999999999
10000,2048,rcfopcitm,3,7,9,13.360000000000005
10000,2048,rcfopcitm,3,8,0,13.080000000000002
10000,2048,rcfopcitm,3,8,1,13.049999999999995
10000,2048,rcfopcitm,3,8,2,12.939999999999996
10000,2048,rcfopcitm,3,8,3,13.100000000000001
10000,2048,rcfopcitm,3,8,4,13.070000000000004
10000,2048,rcfopcitm,3,8,5,12.839999999999996
10000,2048,rcfopcitm,3,8,6,13.129999999999997
10000,2048,rcfopcitm,3,8,7,13.060000000000006
10000,2048,rcfopcitm,3,8,8,13.11
10000,2048,rcfopcitm,3,8,9,13.429999999999998
10000,2048,rcfopcitm,3,9,0,13.0
10000,2048,rcfopcitm,3,9,1,12.929999999999996
10000,2048,rcfopcitm,3,9,2,13.090000000000002
10000,2048,rcfopcitm,3,9,3,13.11
10000,2048,rcfopcitm,3,9,4,12.949999999999996
10000,2048,rcfopcitm,3,9,5,13.239999999999997
10000,2048,rcfopcitm,3,9,6,12.680000000000003
10000,2048,rcfopcitm,3,9,7,12.919999999999998
10000,2048,rcfopcitm,3,9,8,13.080000000000002
10000,2048,rcfopcitm,3,9,9,12.949999999999996
10000,2048,rcfopcitm,5,1,0,14.480000000000004
10000,2048,rcfopcitm,5,1,1,13.590000000000002
10000,2048,rcfopcitm,5,1,2,14.329999999999998
10000,2048,rcfopcitm,5,1,3,14.3
10000,2048,rcfopcitm,5,1,4,13.970000000000004
10000,2048,rcfopcitm,5,1,5,14.270000000000005
10000,2048,rcfopcitm,5,1,6,14.490000000000002
10000,2048,rcfopcitm,5,1,7,14.600000000000001
10000,2048,rcfopcitm,5,1,8,14.510000000000002
10000,2048,rcfopcitm,5,1,9,14.31
10000,2048,rcfopcitm,5,10,0,12.329999999999997
10000,2048,rcfopcitm,5,10,1,12.380000000000003
10000,2048,rcfopcitm,5,10,2,12.519999999999998
10000,2048,rcfopcitm,5,10,3,12.419999999999998
10000,2048,rcfopcitm,5,10,4,12.4
10000,2048,rcfopcitm,5,10,5,12.490000000000002
10000,2048,rcfopcitm,5,10,6,11.939999999999994
10000,2048,rcfopcitm,5,10,7,12.470000000000002
10000,2048,rcfopcitm,5,10,8,12.690000000000001
10000,2048,rcfopcitm,5,10,9,12.490000000000002
10000,2048,rcfopcitm,5,2,0,14.149999999999995
10000,2048,rcfopcitm,5,2,1,14.029999999999998
10000,2048,rcfopcitm,5,2,2,13.71
10000,2048,rcfopcitm,5,2,3,13.690000000000001
10000,2048,rcfopcitm,5,2,4,14.100000000000001
10000,2048,rcfopcitm,5,2,5,14.249999999999996
10000,2048,rcfopcitm,5,2,6,13.729999999999997
10000,2048,rcfopcitm,5,2,7,14.159999999999995
10000,2048,rcfopcitm,5,2,8,13.890000000000002
10000,2048,rcfopcitm,5,2,9,13.839999999999996
10000,2048,rcfopcitm,5,3,0,13.700000000000001
10000,2048,rcfopcitm,5,3,1,13.929999999999998
10000,2048,rcfopcitm,5,3,2,13.149999999999995
10000,2048,rcfopcitm,5,3,3,14.01
10000,2048,rcfopcitm,5,3,4,13.270000000000003
10000,2048,rcfopcitm,5,3,5,13.52
10000,2048,rcfopcitm,5,3,6,13.419999999999998
10000,2048,rcfopcitm,5,3,7,13.539999999999996
10000,2048,rcfopcitm,5,3,8,13.600000000000001
10000,2048,rcfopcitm,5,3,9,13.780000000000003
10000,2048,rcfopcitm,5,4,0,13.129999999999997
10000,2048,rcfopcitm,5,4,1,13.119999999999997
10000,2048,rcfopcitm,5,4,2,13.100000000000001
10000,2048,rcfopcitm,5,4,3,13.019999999999998
10000,2048,rcfopcitm,5,4,4,13.439999999999996
10000,2048,rcfopcitm,5,4,5,13.460000000000004
10000,2048,rcfopcitm,5,4,6,13.349999999999994
10000,2048,rcfopcitm,5,4,7,13.309999999999999
10000,2048,rcfopcitm,5,4,8,12.719999999999999
10000,2048,rcfopcitm,5,4,9,13.01
10000,2048,rcfopcitm,5,5,0,13.200000000000001
10000,2048,rcfopcitm,5,5,1,13.180000000000003
10000,2048,rcfopcitm,5,5,2,12.960000000000004
10000,2048,rcfopcitm,5,5,3,12.89
10000,2048,rcfopcitm,5,5,4,12.849999999999994
10000,2048,rcfopcitm,5,5,5,12.960000000000004
10000,2048,rcfopcitm,5,5,6,12.709999999999999
10000,2048,rcfopcitm,5,5,7,12.709999999999999
10000,2048,rcfopcitm,5,5,8,13.0
10000,2048,rcfopcitm,5,5,9,12.960000000000004
10000,2048,rcfopcitm,5,6,0,12.880000000000003
10000,2048,rcfopcitm,5,6,1,12.709999999999999
10000,2048,rcfopcitm,5,6,2,13.209999999999999
10000,2048,rcfopcitm,5,6,3,13.119999999999997
10000,2048,rcfopcitm,5,6,4,12.639999999999995
10000,2048,rcfopcitm,5,6,5,12.660000000000004
10000,2048,rcfopcitm,5,6,6,12.860000000000005
10000,2048,rcfopcitm,5,6,7,12.949999999999996
10000,2048,rcfopcitm,5,6,8,12.690000000000001
10000,2048,rcfopcitm,5,6,9,12.919999999999998
10000,2048,rcfopcitm,5,7,0,12.749999999999995
10000,2048,rcfopcitm,5,7,1,12.780000000000003
10000,2048,rcfopcitm,5,7,2,12.6
10000,2048,rcfopcitm,5,7,3,12.809999999999999
10000,2048,rcfopcitm,5,7,4,12.770000000000003
10000,2048,rcfopcitm,5,7,5,12.480000000000002
10000,2048,rcfopcitm,5,7,6,12.350000000000005
10000,2048,rcfopcitm,5,7,7,12.780000000000003
10000,2048,rcfopcitm,5,7,8,12.729999999999997
10000,2048,rcfopcitm,5,7,9,12.990000000000002
10000,2048,rcfopcitm,5,8,0,12.739999999999995
10000,2048,rcfopcitm,5,8,1,12.629999999999997
10000,2048,rcfopcitm,5,8,2,13.039999999999996
10000,2048,rcfopcitm,5,8,3,12.319999999999997
10000,2048,rcfopcitm,5,8,4,12.3
10000,2048,rcfopcitm,5,8,5,12.61
10000,2048,rcfopcitm,5,8,6,12.8
10000,2048,rcfopcitm,5,8,7,12.480000000000002
10000,2048,rcfopcitm,5,8,8,12.539999999999996
10000,2048,rcfopcitm,5,8,9,12.250000000000005
10000,2048,rcfopcitm,5,9,0,12.509999999999998
10000,2048,rcfopcitm,5,9,1,12.539999999999996
10000,2048,rcfopcitm,5,9,2,12.570000000000004
10000,2048,rcfopcitm,5,9,3,12.509999999999998
10000,2048,rcfopcitm,5,9,4,12.549999999999994
10000,2048,rcfopcitm,5,9,5,12.11
10000,2048,rcfopcitm,5,9,6,12.429999999999996
10000,2048,rcfopcitm,5,9,7,12.439999999999996
10000,2048,rcfopcitm,5,9,8,12.250000000000005
10000,2048,rcfopcitm,5,9,9,12.080000000000002
10000,2048,rcfopcitm,7,1,0,14.31
10000,2048,rcfopcitm,7,1,1,14.529999999999998
10000,2048,rcfopcitm,7,1,2,14.200000000000001
10000,2048,rcfopcitm,7,1,3,14.170000000000005
10000,2048,rcfopcitm,7,1,4,14.470000000000006
10000,2048,rcfopcitm,7,1,5,14.180000000000003
10000,2048,rcfopcitm,7,1,6,14.270000000000005
10000,2048,rcfopcitm,7,1,7,13.970000000000004
10000,2048,rcfopcitm,7,1,8,14.329999999999998
10000,2048,rcfopcitm,7,1,9,14.249999999999996
10000,2048,rcfopcitm,7,10,0,12.949999999999996
10000,2048,rcfopcitm,7,10,1,12.560000000000004
10000,2048,rcfopcitm,7,10,2,12.61
10000,2048,rcfopcitm,7,10,3,12.590000000000002
10000,2048,rcfopcitm,7,10,4,12.549999999999994
10000,2048,rcfopcitm,7,10,5,12.529999999999998
10000,2048,rcfopcitm,7,10,6,12.770000000000003
10000,2048,rcfopcitm,7,10,7,12.519999999999998
10000,2048,rcfopcitm,7,10,8,12.8
10000,2048,rcfopcitm,7,10,9,12.61
10000,2048,rcfopcitm,7,2,0,13.829999999999998
10000,2048,rcfopcitm,7,2,1,13.660000000000005
10000,2048,rcfopcitm,7,2,2,14.080000000000004
10000,2048,rcfopcitm,7,2,3,13.790000000000003
10000,2048,rcfopcitm,7,2,4,13.900000000000002
10000,2048,rcfopcitm,7,2,5,13.639999999999997
10000,2048,rcfopcitm,7,2,6,13.61
10000,2048,rcfopcitm,7,2,7,13.81
10000,2048,rcfopcitm,7,2,8,13.819999999999999
10000,2048,rcfopcitm,7,2,9,13.549999999999995
10000,2048,rcfopcitm,7,3,0,13.5
10000,2048,rcfopcitm,7,3,1,13.680000000000003
10000,2048,rcfopcitm,7,3,2,13.580000000000004
10000,2048,rcfopcitm,7,3,3,13.129999999999997
10000,2048,rcfopcitm,7,3,4,13.480000000000004
10000,2048,rcfopcitm,7,3,5,13.119999999999997
10000,2048,rcfopcitm,7,3,6,13.280000000000003
10000,2048,rcfopcitm,7,3,7,13.290000000000003
10000,2048,rcfopcitm,7,3,8,13.549999999999995
10000,2048,rcfopcitm,7,3,9,13.539999999999996
10000,2048,rcfopcitm,7,4,0,12.780000000000003
10000,2048,rcfopcitm,7,4,1,12.960000000000004
10000,2048,rcfopcitm,7,4,2,12.660000000000004
10000,2048,rcfopcitm,7,4,3,12.809999999999999
10000,2048,rcfopcitm,7,4,4,13.139999999999997
10000,2048,rcfopcitm,7,4,5,13.190000000000001
10000,2048,rcfopcitm,7,4,6,12.880000000000003
10000,2048,rcfopcitm,7,4,7,12.829999999999997
10000,2048,rcfopcitm,7,4,8,13.429999999999998
10000,2048,rcfopcitm,7,4,9,13.149999999999995
10000,2048,rcfopcitm,7,5,0,12.739999999999995
10000,2048,rcfopcitm,7,5,1,12.680000000000003
10000,2048,rcfopcitm,7,5,2,13.039999999999996
10000,2048,rcfopcitm,7,5,3,12.860000000000005
10000,2048,rcfopcitm,7,5,4,12.360000000000005
10000,2048,rcfopcitm,7,5,5,12.529999999999998
10000,2048,rcfopcitm,7,5,6,12.760000000000005
10000,2048,rcfopcitm,7,5,7,12.91
10000,2048,rcfopcitm,7,5,8,12.409999999999998
10000,2048,rcfopcitm,7,5,9,12.590000000000002
10000,2048,rcfopcitm,7,6,0,12.329999999999997
10000,2048,rcfopcitm,7,6,1,12.5
10000,2048,rcfopcitm,7,6,2,12.860000000000005
10000,2048,rcfopcitm,7,6,3,12.280000000000001
10000,2048,rcfopcitm,7,6,4,12.690000000000001
10000,2048,rcfopcitm,7,6,5,12.629999999999997
10000,2048,rcfopcitm,7,6,6,12.580000000000002
10000,2048,rcfopcitm,7,6,7,12.370000000000003
10000,2048,rcfopcitm,7,6,8,12.39
10000,2048,rcfopcitm,7,6,9,12.339999999999996
10000,2048,rcfopcitm,7,7,0,12.219999999999997
10000,2048,rcfopcitm,7,7,1,12.290000000000001
10000,2048,rcfopcitm,7,7,2,12.549999999999994
10000,2048,rcfopcitm,7,7,3,12.580000000000002
10000,2048,rcfopcitm,7,7,4,12.39
10000,2048,rcfopcitm,7,7,5,12.460000000000004
10000,2048,rcfopcitm,7,7,6,12.350000000000005
10000,2048,rcfopcitm,7,7,7,12.480000000000002
10000,2048,rcfopcitm,7,7,8,12.260000000000005
10000,2048,rcfopcitm,7,7,9,12.780000000000003
10000,2048,rcfopcitm,7,8,0,12.170000000000003
10000,2048,rcfopcitm,7,8,1,12.460000000000004
10000,2048,rcfopcitm,7,8,2,12.129999999999995
10000,2048,rcfopcitm,7,8,3,12.3
10000,2048,rcfopcitm,7,8,4,12.380000000000003
10000,2048,rcfopcitm,7,8,5,12.2
10000,2048,rcfopcitm,7,8,6,12.350000000000005
10000,2048,rcfopcitm,7,8,7,12.560000000000004
10000,2048,rcfopcitm,7,8,8,12.450000000000006
10000,2048,rcfopcitm,7,8,9,12.6
10000,2048,rcfopcitm,7,9,0,12.319999999999997
10000,2048,rcfopcitm,7,9,1,12.450000000000006
10000,2048,rcfopcitm,7,9,2,12.849999999999994
10000,2048,rcfopcitm,7,9,3,12.429999999999996
10000,2048,rcfopcitm,7,9,4,12.880000000000003
10000,2048,rcfopcitm,7,9,5,12.490000000000002
10000,2048,rcfopcitm,7,9,6,12.439999999999996
10000,2048,rcfopcitm,7,9,7,12.170000000000003
10000,2048,rcfopcitm,7,9,8,12.380000000000003
10000,2048,rcfopcitm,7,9,9,12.460000000000004
10000,256,fwd,,,0,13.780000000000003
10000,256,fwd,,,1,13.71
10000,256,fwd,,,2,13.790000000000003
10000,256,fwd,,,3,13.680000000000003
10000,256,fwd,,,4,13.680000000000003
10000,256,fwd,,,5,13.839999999999996
10000,256,fwd,,,6,13.639999999999997
10000,256,fwd,,,7,13.51
10000,256,fwd,,,8,13.790000000000003
10000,256,fwd,,,9,13.51
10000,256,rcfopcitm,10,1,0,13.11
10000,256,rcfopcitm,10,1,1,13.649999999999995
10000,256,rcfopcitm,10,1,2,13.470000000000004
10000,256,rcfopcitm,10,1,3,13.429999999999998
10000,256,rcfopcitm,10,1,4,13.260000000000005
10000,256,rcfopcitm,10,1,5,13.600000000000001
10000,256,rcfopcitm,10,1,6,13.5
10000,256,rcfopcitm,10,1,7,13.470000000000004
10000,256,rcfopcitm,10,1,8,13.419999999999998
10000,256,rcfopcitm,10,1,9,13.080000000000002
10000,256,rcfopcitm,10,10,0,16.800000000000004
10000,256,rcfopcitm,10,10,1,16.54
10000,256,rcfopcitm,10,10,2,16.300000000000004
10000,256,rcfopcitm,10,10,3,16.63
10000,256,rcfopcitm,10,10,4,16.720000000000002
10000,256,rcfopcitm,10,10,5,16.690000000000005
10000,256,rcfopcitm,10,10,6,16.520000000000003
10000,256,rcfopcitm,10,10,7,16.900000000000006
10000,256,rcfopcitm,10,10,8,16.679999999999996
10000,256,rcfopcitm,10,10,9,16.93
10000,256,rcfopcitm,10,2,0,13.419999999999998
10000,256,rcfopcitm,10,2,1,13.570000000000004
10000,256,rcfopcitm,10,2,2,13.780000000000003
10000,256,rcfopcitm,10,2,3,13.239999999999997
10000,256,rcfopcitm,10,2,4,13.380000000000003
10000,256,rcfopcitm,10,2,5,13.319999999999999
10000,256,rcfopcitm,10,2,6,13.81
10000,256,rcfopcitm,10,2,7,13.660000000000005
10000,256,rcfopcitm,10,2,8,13.51
10000,256,rcfopcitm,10,2,9,13.260000000000005
10000,256,rcfopcitm,10,3,0,13.439999999999996
10000,256,rcfopcitm,10,3,1,13.529999999999998
10000,256,rcfopcitm,10,3,2,13.480000000000004
10000,256,rcfopcitm,10,3,3,13.560000000000006
10000,256,rcfopcitm,10,3,4,13.249999999999995
10000,256,rcfopcitm,10,3,5,13.560000000000006
10000,256,rcfopcitm,10,3,6,13.61
10000,256,rcfopcitm,10,3,7,13.380000000000003
10000,256,rcfopcitm,10,3,8,13.239999999999997
10000,256,rcfopcitm,10,3,9,13.319999999999999
10000,256,rcfopcitm,10,4,0,13.719999999999999
10000,256,rcfopcitm,10,4,1,13.41
10000,256,rcfopcitm,10,4,2,13.690000000000001
10000,256,rcfopcitm,10,4,3,13.52
10000,256,rcfopcitm,10,4,4,13.51
10000,256,rcfopcitm,10,4,5,13.549999999999995
10000,256,rcfopcitm,10,4,6,13.470000000000004
10000,256,rcfopcitm,10,4,7,13.429999999999998
10000,256,rcfopcitm,10,4,8,13.729999999999997
10000,256,rcfopcitm,10,4,9,13.560000000000006
10000,256,rcfopcitm,10,5,0,15.059999999999995
10000,256,rcfopcitm,10,5,1,14.359999999999996
10000,256,rcfopcitm,10,5,2,14.149999999999995
10000,256,rcfopcitm,10,5,3,14.32
10000,256,rcfopcitm,10,5,4,14.280000000000005
10000,256,rcfopcitm,10,5,5,14.149999999999995
10000,256,rcfopcitm,10,5,6,14.390000000000002
10000,256,rcfopcitm,10,5,7,14.91
10000,256,rcfopcitm,10,5,8,14.539999999999997
10000,256,rcfopcitm,10,5,9,14.82
10000,256,rcfopcitm,10,6,0,15.300000000000002
10000,256,rcfopcitm,10,6,1,15.569999999999995
10000,256,rcfopcitm,10,6,2,15.120000000000001
10000,256,rcfopcitm,10,6,3,15.749999999999996
10000,256,rcfopcitm,10,6,4,15.03
10000,256,rcfopcitm,10,6,5,14.970000000000006
10000,256,rcfopcitm,10,6,6,15.310000000000002
10000,256,rcfopcitm,10,6,7,15.620000000000001
10000,256,rcfopcitm,10,6,8,15.380000000000004
10000,256,rcfopcitm,10,6,9,15.469999999999995
10000,256,rcfopcitm,10,7,0,16.180000000000007
10000,256,rcfopcitm,10,7,1,16.03
10000,256,rcfopcitm,10,7,2,16.439999999999998
10000,256,rcfopcitm,10,7,3,16.349999999999998
10000,256,rcfopcitm,10,7,4,16.579999999999995
10000,256,rcfopcitm,10,7,5,16.42
10000,256,rcfopcitm,10,7,6,15.739999999999998
10000,256,rcfopcitm,10,7,7,15.53
10000,256,rcfopcitm,10,7,8,16.290000000000006
10000,256,rcfopcitm,10,7,9,15.869999999999996
10000,256,rcfopcitm,10,8,0,16.33
10000,256,rcfopcitm,10,8,1,16.800000000000004
10000,256,rcfopcitm,10,8,2,17.279999999999994
10000,256,rcfopcitm,10,8,3,17.490000000000006
10000,256,rcfopcitm,10,8,4,17.300000000000004
10000,256,rcfopcitm,10,8,5,16.849999999999998
10000,256,rcfopcitm,10,8,6,16.520000000000003
10000,256,rcfopcitm,10,8,7,16.869999999999997
10000,256,rcfopcitm,10,8,8,16.54
10000,256,rcfopcitm,10,8,9,17.179999999999996
10000,256,rcfopcitm,10,9,0,17.56
10000,256,rcfopcitm,10,9,1,17.04
10000,256,rcfopcitm,10,9,2,17.659999999999997
10000,256,rcfopcitm,10,9,3,17.25
10000,256,rcfopcitm,10,9,4,16.74
10000,256,rcfopcitm,10,9,5,17.589999999999996
10000,256,rcfopcitm,10,9,6,17.549999999999997
10000,256,rcfopcitm,10,9,7,17.42
10000,256,rcfopcitm,10,9,8,17.600000000000005
10000,256,rcfopcitm,10,9,9,17.090000000000003
10000,256,rcfopcitm,12,1,0,13.460000000000004
10000,256,rcfopcitm,12,1,1,13.429999999999998
10000,256,rcfopcitm,12,1,2,13.370000000000005
10000,256,rcfopcitm,12,1,3,13.190000000000001
10000,256,rcfopcitm,12,1,4,13.229999999999997
10000,256,rcfopcitm,12,1,5,13.339999999999996
10000,256,rcfopcitm,12,1,6,13.11
10000,256,rcfopcitm,12,1,7,13.149999999999995
10000,256,rcfopcitm,12,1,8,13.209999999999999
10000,256,rcfopcitm,12,1,9,13.490000000000002
10000,256,rcfopcitm,12,10,0,16.830000000000002
10000,256,rcfopcitm,12,10,1,17.01
10000,256,rcfopcitm,12,10,2,17.259999999999998
10000,256,rcfopcitm,12,10,3,17.069999999999997
10000,256,rcfopcitm,12,10,4,17.079999999999995
10000,256,rcfopcitm,12,10,5,16.84
10000,256,rcfopcitm,12,10,6,16.259999999999998
10000,256,rcfopcitm,12,10,7,16.390000000000004
10000,256,rcfopcitm,12,10,8,17.54
10000,256,rcfopcitm,12,10,9,17.000000000000004
10000,256,rcfopcitm,12,2,0,13.439999999999996
10000,256,rcfopcitm,12,2,1,13.029999999999998
10000,256,rcfopcitm,12,2,2,13.380000000000003
10000,256,rcfopcitm,12,2,3,13.370000000000005
10000,256,rcfopcitm,12,2,4,13.260000000000005
10000,256,rcfopcitm,12,2,5,13.370000000000005
10000,256,rcfopcitm,12,2,6,13.52
10000,256,rcfopcitm,12,2,7,13.319999999999999
10000,256,rcfopcitm,12,2,8,13.490000000000002
10000,256,rcfopcitm,12,2,9,13.049999999999995
10000,256,rcfopcitm,12,3,0,13.560000000000006
10000,256,rcfopcitm,12,3,1,13.260000000000005
10000,256,rcfopcitm,12,3,2,13.560000000000006
10000,256,rcfopcitm,12,3,3,13.190000000000001
10000,256,rcfopcitm,12,3,4,13.080000000000002
10000,256,rcfopcitm,12,3,5,13.260000000000005
10000,256,rcfopcitm,12,3,6,13.160000000000005
10000,256,rcfopcitm,12,3,7,13.239999999999997
10000,256,rcfopcitm,12,3,8,13.139999999999997
10000,256,rcfopcitm,12,3,9,13.439999999999996
10000,256,rcfopcitm,12,4,0,14.039999999999997
10000,256,rcfopcitm,12,4,1,13.71
10000,256,rcfopcitm,12,4,2,14.329999999999998
10000,256,rcfopcitm,12,4,3,13.929999999999998
10000,256,rcfopcitm,12,4,4,14.000000000000002
10000,256,rcfopcitm,12,4,5,13.71
10000,256,rcfopcitm,12,4,6,14.070000000000004
10000,256,rcfopcitm,12,4,7,13.580000000000004
10000,256,rcfopcitm,12,4,8,13.71
10000,256,rcfopcitm,12,4,9,13.980000000000004
10000,256,rcfopcitm,12,5,0,15.239999999999998
10000,256,rcfopcitm,12,5,1,15.469999999999995
10000,256,rcfopcitm,12,5,2,14.500000000000002
10000,256,rcfopcitm,12,5,3,15.039999999999997
10000,256,rcfopcitm,12,5,4,14.52
10000,256,rcfopcitm,12,5,5,15.000000000000002
10000,256,rcfopcitm,12,5,6,15.280000000000005
10000,256,rcfopcitm,12,5,7,15.290000000000003
10000,256,rcfopcitm,12,5,8,15.21
10000,256,rcfopcitm,12,5,9,14.800000000000002
10000,256,rcfopcitm,12,6,0,15.72
10000,256,rcfopcitm,12,6,1,16.01
10000,256,rcfopcitm,12,6,2,15.339999999999998
10000,256,rcfopcitm,12,6,3,16.12
10000,256,rcfopcitm,12,6,4,15.890000000000004
10000,256,rcfopcitm,12,6,5,16.12
10000,256,rcfopcitm,12,6,6,16.24
10000,256,rcfopcitm,12,6,7,15.659999999999997
10000,256,rcfopcitm,12,6,8,15.620000000000001
10000,256,rcfopcitm,12,6,9,15.890000000000004
10000,256,rcfopcitm,12,7,0,17.630000000000003
10000,256,rcfopcitm,12,7,1,17.12
10000,256,rcfopcitm,12,7,2,17.069999999999997
10000,256,rcfopcitm,12,7,3,16.95
10000,256,rcfopcitm,12,7,4,16.800000000000004
10000,256,rcfopcitm,12,7,5,17.25
10000,256,rcfopcitm,12,7,6,16.849999999999998
10000,256,rcfopcitm,12,7,7,16.359999999999996
10000,256,rcfopcitm,12,7,8,16.500000000000004
10000,256,rcfopcitm,12,7,9,17.100000000000005
10000,256,rcfopcitm,12,8,0,16.849999999999998
10000,256,rcfopcitm,12,8,1,16.610000000000003
10000,256,rcfopcitm,12,8,2,16.979999999999997
10000,256,rcfopcitm,12,8,3,16.500000000000004
10000,256,rcfopcitm,12,8,4,17.15
10000,256,rcfopcitm,12,8,5,17.04
10000,256,rcfopcitm,12,8,6,16.75
10000,256,rcfopcitm,12,8,7,16.42
10000,256,rcfopcitm,12,8,8,17.469999999999995
10000,256,rcfopcitm,12,8,9,17.379999999999995
10000,256,rcfopcitm,12,9,0,16.500000000000004
10000,256,rcfopcitm,12,9,1,16.54
10000,256,rcfopcitm,12,9,2,16.73
10000,256,rcfopcitm,12,9,3,16.64
10000,256,rcfopcitm,12,9,4,17.03
10000,256,rcfopcitm,12,9,5,16.410000000000004
10000,256,rcfopcitm,12,9,6,16.43
10000,256,rcfopcitm,12,9,7,16.830000000000002
10000,256,rcfopcitm,12,9,8,16.000000000000004
10000,256,rcfopcitm,12,9,9,16.849999999999998
10000,256,rcfopcitm,2,1,0,13.539999999999996
10000,256,rcfopcitm,2,1,1,13.600000000000001
10000,256,rcfopcitm,2,1,2,13.700000000000001
10000,256,rcfopcitm,2,1,3,13.81
10000,256,rcfopcitm,2,1,4,13.62
10000,256,rcfopcitm,2,1,5,13.61
10000,256,rcfopcitm,2,1,6,13.719999999999999
10000,256,rcfopcitm,2,1,7,13.649999999999995
10000,256,rcfopcitm,2,1,8,13.719999999999999
10000,256,rcfopcitm,2,1,9,13.41
10000,256,rcfopcitm,2,10,0,13.829999999999998
10000,256,rcfopcitm,2,10,1,14.139999999999997
10000,256,rcfopcitm,2,10,2,14.380000000000004
10000,256,rcfopcitm,2,10,3,14.339999999999996
10000,256,rcfopcitm,2,10,4,14.639999999999997
10000,256,rcfopcitm,2,10,5,14.159999999999995
10000,256,rcfopcitm,2,10,6,14.329999999999998
10000,256,rcfopcitm,2,10,7,14.390000000000002
10000,256,rcfopcitm,2,10,8,14.239999999999997
10000,256,rcfopcitm,2,10,9,13.839999999999996
10000,256,rcfopcitm,2,2,0,13.549999999999995
10000,256,rcfopcitm,2,2,1,13.719999999999999
10000,256,rcfopcitm,2,2,2,13.62
10000,256,rcfopcitm,2,2,3,13.52
10000,256,rcfopcitm,2,2,4,13.5
10000,256,rcfopcitm,2,2,5,13.570000000000004
10000,256,rcfopcitm,2,2,6,13.649999999999995
10000,256,rcfopcitm,2,2,7,13.700000000000001
10000,256,rcfopcitm,2,2,8,13.71
10000,256,rcfopcitm,2,2,9,13.549999999999995
10000,256,rcfopcitm,2,3,0,13.639999999999997
10000,256,rcfopcitm,2,3,1,13.580000000000004
10000,256,rcfopcitm,2,3,2,13.81
10000,256,rcfopcitm,2,3,3,13.439999999999996
10000,256,rcfopcitm,2,3,4,13.570000000000004
10000,256,rcfopcitm,2,3,5,13.670000000000005
10000,256,rcfopcitm,2,3,6,13.480000000000004
10000,256,rcfopcitm,2,3,7,13.470000000000004
10000,256,rcfopcitm,2,3,8,13.900000000000002
10000,256,rcfopcitm,2,3,9,13.600000000000001
10000,256,rcfopcitm,2,4,0,13.380000000000003
10000,256,rcfopcitm,2,4,1,13.81
10000,256,rcfopcitm,2,4,2,13.680000000000003
10000,256,rcfopcitm,2,4,3,13.380000000000003
10000,256,rcfopcitm,2,4,4,13.849999999999996
10000,256,rcfopcitm,2,4,5,13.900000000000002
10000,256,rcfopcitm,2,4,6,13.719999999999999
10000,256,rcfopcitm,2,4,7,13.549999999999995
10000,256,rcfopcitm,2,4,8,13.529999999999998
10000,256,rcfopcitm,2,4,9,13.849999999999996
10000,256,rcfopcitm,2,5,0,13.419999999999998
10000,256,rcfopcitm,2,5,1,13.690000000000001
10000,256,rcfopcitm,2,5,2,14.090000000000003
10000,256,rcfopcitm,2,5,3,13.829999999999998
10000,256,rcfopcitm,2,5,4,13.970000000000004
10000,256,rcfopcitm,2,5,5,13.819999999999999
10000,256,rcfopcitm,2,5,6,13.490000000000002
10000,256,rcfopcitm,2,5,7,13.680000000000003
10000,256,rcfopcitm,2,5,8,13.51
10000,256,rcfopcitm,2,5,9,13.870000000000005
10000,256,rcfopcitm,2,6,0,13.780000000000003
10000,256,rcfopcitm,2,6,1,13.749999999999996
10000,256,rcfopcitm,2,6,2,13.780000000000003
10000,256,rcfopcitm,2,6,3,13.739999999999997
10000,256,rcfopcitm,2,6,4,13.700000000000001
10000,256,rcfopcitm,2,6,5,13.8
10000,256,rcfopcitm,2,6,6,14.000000000000002
10000,256,rcfopcitm,2,6,7,14.059999999999995
10000,256,rcfopcitm,2,6,8,14.180000000000003
10000,256,rcfopcitm,2,6,9,13.859999999999994
10000,256,rcfopcitm,2,7,0,14.100000000000001
10000,256,rcfopcitm,2,7,1,14.190000000000003
10000,256,rcfopcitm,2,7,2,13.959999999999994
10000,256,rcfopcitm,2,7,3,14.029999999999998
10000,256,rcfopcitm,2,7,4,14.000000000000002
10000,256,rcfopcitm,2,7,5,13.8
10000,256,rcfopcitm,2,7,6,13.880000000000003
10000,256,rcfopcitm,2,7,7,14.11
10000,256,rcfopcitm,2,7,8,14.329999999999998
10000,256,rcfopcitm,2,7,9,13.8
10000,256,rcfopcitm,2,8,0,14.159999999999995
10000,256,rcfopcitm,2,8,1,13.8
10000,256,rcfopcitm,2,8,2,14.029999999999998
10000,256,rcfopcitm,2,8,3,14.21
10000,256,rcfopcitm,2,8,4,14.200000000000001
10000,256,rcfopcitm,2,8,5,13.870000000000005
10000,256,rcfopcitm,2,8,6,14.229999999999999
10000,256,rcfopcitm,2,8,7,14.049999999999995
10000,256,rcfopcitm,2,8,8,14.039999999999997
10000,256,rcfopcitm,2,8,9,14.229999999999999
10000,256,rcfopcitm,2,9,0,13.939999999999998
10000,256,rcfopcitm,2,9,1,14.239999999999997
10000,256,rcfopcitm,2,9,2,13.790000000000003
10000,256,rcfopcitm,2,9,3,14.32
10000,256,rcfopcitm,2,9,4,14.059999999999995
10000,256,rcfopcitm,2,9,5,14.290000000000003
10000,256,rcfopcitm,2,9,6,14.380000000000004
10000,256,rcfopcitm,2,9,7,13.849999999999996
10000,256,rcfopcitm,2,9,8,13.939999999999998
10000,256,rcfopcitm,2,9,9,14.259999999999994
10000,256,rcfopcitm,3,1,0,13.680000000000003
10000,256,rcfopcitm,3,1,1,13.600000000000001
10000,256,rcfopcitm,3,1,2,13.660000000000005
10000,256,rcfopcitm,3,1,3,13.52
10000,256,rcfopcitm,3,1,4,13.61
10000,256,rcfopcitm,3,1,5,13.439999999999996
10000,256,rcfopcitm,3,1,6,13.570000000000004
10000,256,rcfopcitm,3,1,7,13.51
10000,256,rcfopcitm,3,1,8,13.660000000000005
10000,256,rcfopcitm,3,1,9,13.4
10000,256,rcfopcitm,3,10,0,14.570000000000006
10000,256,rcfopcitm,3,10,1,14.790000000000003
10000,256,rcfopcitm,3,10,2,14.82
10000,256,rcfopcitm,3,10,3,14.529999999999998
10000,256,rcfopcitm,3,10,4,14.449999999999996
10000,256,rcfopcitm,3,10,5,14.839999999999998
10000,256,rcfopcitm,3,10,6,14.980000000000004
10000,256,rcfopcitm,3,10,7,14.390000000000002
10000,256,rcfopcitm,3,10,8,14.719999999999999
10000,256,rcfopcitm,3,10,9,14.239999999999997
10000,256,rcfopcitm,3,2,0,13.5
10000,256,rcfopcitm,3,2,1,13.849999999999996
10000,256,rcfopcitm,3,2,2,13.570000000000004
10000,256,rcfopcitm,3,2,3,13.490000000000002
10000,256,rcfopcitm,3,2,4,13.649999999999995
10000,256,rcfopcitm,3,2,5,13.900000000000002
10000,256,rcfopcitm,3,2,6,13.190000000000001
10000,256,rcfopcitm,3,2,7,13.829999999999998
10000,256,rcfopcitm,3,2,8,13.280000000000003
10000,256,rcfopcitm,3,2,9,13.719999999999999
10000,256,rcfopcitm,3,3,0,13.900000000000002
10000,256,rcfopcitm,3,3,1,13.919999999999998
10000,256,rcfopcitm,3,3,2,13.770000000000005
10000,256,rcfopcitm,3,3,3,13.81
10000,256,rcfopcitm,3,3,4,13.470000000000004
10000,256,rcfopcitm,3,3,5,13.839999999999996
10000,256,rcfopcitm,3,3,6,13.580000000000004
10000,256,rcfopcitm,3,3,7,13.890000000000002
10000,256,rcfopcitm,3,3,8,13.639999999999997
10000,256,rcfopcitm,3,3,9,13.670000000000005
10000,256,rcfopcitm,3,4,0,14.249999999999996
10000,256,rcfopcitm,3,4,1,13.770000000000005
10000,256,rcfopcitm,3,4,2,13.859999999999994
10000,256,rcfopcitm,3,4,3,14.159999999999995
10000,256,rcfopcitm,3,4,4,13.8
10000,256,rcfopcitm,3,4,5,13.570000000000004
10000,256,rcfopcitm,3,4,6,13.819999999999999
10000,256,rcfopcitm,3,4,7,14.059999999999995
10000,256,rcfopcitm,3,4,8,14.219999999999999
10000,256,rcfopcitm,3,4,9,13.839999999999996
10000,256,rcfopcitm,3,5,0,14.049999999999995
10000,256,rcfopcitm,3,5,1,14.000000000000002
10000,256,rcfopcitm,3,5,2,14.370000000000005
10000,256,rcfopcitm,3,5,3,13.970000000000004
10000,256,rcfopcitm,3,5,4,14.270000000000005
10000,256,rcfopcitm,3,5,5,13.880000000000003
10000,256,rcfopcitm,3,5,6,13.900000000000002
10000,256,rcfopcitm,3,5,7,14.32
10000,256,rcfopcitm,3,5,8,14.21
10000,256,rcfopcitm,3,5,9,13.919999999999998
10000,256,rcfopcitm,3,6,0,14.580000000000004
10000,256,rcfopcitm,3,6,1,14.229999999999999
10000,256,rcfopcitm,3,6,2,14.700000000000003
10000,256,rcfopcitm,3,6,3,14.11
10000,256,rcfopcitm,3,6,4,14.039999999999997
10000,256,rcfopcitm,3,6,5,14.229999999999999
10000,256,rcfopcitm,3,6,6,14.400000000000002
10000,256,rcfopcitm,3,6,7,14.049999999999995
10000,256,rcfopcitm,3,6,8,14.239999999999997
10000,256,rcfopcitm,3,6,9,14.229999999999999
10000,256,rcfopcitm,3,7,0,14.659999999999995
10000,256,rcfopcitm,3,7,1,14.800000000000002
10000,256,rcfopcitm,3,7,2,14.42
10000,256,rcfopcitm,3,7,3,14.459999999999996
10000,256,rcfopcitm,3,7,4,13.939999999999998
10000,256,rcfopcitm,3,7,5,14.629999999999999
10000,256,rcfopcitm,3,7,6,14.459999999999996
10000,256,rcfopcitm,3,7,7,14.139999999999997
10000,256,rcfopcitm,3,7,8,14.690000000000003
10000,256,rcfopcitm,3,7,9,14.280000000000005
10000,256,rcfopcitm,3,8,0,14.339999999999996
10000,256,rcfopcitm,3,8,1,14.139999999999997
10000,256,rcfopcitm,3,8,2,14.390000000000002
10000,256,rcfopcitm,3,8,3,14.370000000000005
10000,256,rcfopcitm,3,8,4,14.739999999999998
10000,256,rcfopcitm,3,8,5,14.729999999999999
10000,256,rcfopcitm,3,8,6,14.680000000000003
10000,256,rcfopcitm,3,8,7,14.449999999999996
10000,256,rcfopcitm,3,8,8,14.81
10000,256,rcfopcitm,3,8,9,14.439999999999998
10000,256,rcfopcitm,3,9,0,14.400000000000002
10000,256,rcfopcitm,3,9,1,14.31
10000,256,rcfopcitm,3,9,2,14.529999999999998
10000,256,rcfopcitm,3,9,3,14.71
10000,256,rcfopcitm,3,9,4,14.739999999999998
10000,256,rcfopcitm,3,9,5,14.480000000000004
10000,256,rcfopcitm,3,9,6,14.429999999999998
10000,256,rcfopcitm,3,9,7,14.759999999999994
10000,256,rcfopcitm,3,9,8,14.439999999999998
10000,256,rcfopcitm,3,9,9,14.510000000000002
10000,256,rcfopcitm,5,1,0,13.749999999999996
10000,256,rcfopcitm,5,1,1,13.229999999999997
10000,256,rcfopcitm,5,1,2,13.749999999999996
10000,256,rcfopcitm,5,1,3,13.649999999999995
10000,256,rcfopcitm,5,1,4,13.670000000000005
10000,256,rcfopcitm,5,1,5,13.590000000000002
10000,256,rcfopcitm,5,1,6,13.490000000000002
10000,256,rcfopcitm,5,1,7,13.62
10000,256,rcfopcitm,5,1,8,13.719999999999999
10000,256,rcfopcitm,5,1,9,13.5
10000,256,rcfopcitm,5,10,0,16.579999999999995
10000,256,rcfopcitm,5,10,1,16.310000000000002
10000,256,rcfopcitm,5,10,2,16.349999999999998
10000,256,rcfopcitm,5,10,3,16.220000000000002
10000,256,rcfopcitm,5,10,4,16.32
10000,256,rcfopcitm,5,10,5,16.469999999999995
10000,256,rcfopcitm,5,10,6,16.559999999999995
10000,256,rcfopcitm,5,10,7,16.290000000000006
10000,256,rcfopcitm,5,10,8,16.110000000000003
10000,256,rcfopcitm,5,10,9,16.53
10000,256,rcfopcitm,5,2,0,13.309999999999999
10000,256,rcfopcitm,5,2,1,13.8
10000,256,rcfopcitm,5,2,2,13.529999999999998
10000,256,rcfopcitm,5,2,3,13.700000000000001
10000,256,rcfopcitm,5,2,4,13.870000000000005
10000,256,rcfopcitm,5,2,5,13.570000000000004
10000,256,rcfopcitm,5,2,6,14.049999999999995
10000,256,rcfopcitm,5,2,7,13.660000000000005
10000,256,rcfopcitm,5,2,8,13.71
10000,256,rcfopcitm,5,2,9,13.700000000000001
10000,256,rcfopcitm,5,3,0,13.959999999999994
10000,256,rcfopcitm,5,3,1,14.12
10000,256,rcfopcitm,5,3,2,13.970000000000004
10000,256,rcfopcitm,5,3,3,13.759999999999994
10000,256,rcfopcitm,5,3,4,13.880000000000003
10000,256,rcfopcitm,5,3,5,13.900000000000002
10000,256,rcfopcitm,5,3,6,13.990000000000002
10000,256,rcfopcitm,5,3,7,13.790000000000003
10000,256,rcfopcitm,5,3,8,14.01
10000,256,rcfopcitm,5,3,9,13.949999999999996
10000,256,rcfopcitm,5,4,0,14.239999999999997
10000,256,rcfopcitm,5,4,1,14.249999999999996
10000,256,rcfopcitm,5,4,2,14.290000000000003
10000,256,rcfopcitm,5,4,3,14.159999999999995
10000,256,rcfopcitm,5,4,4,13.880000000000003
10000,256,rcfopcitm,5,4,5,14.290000000000003
10000,256,rcfopcitm,5,4,6,14.259999999999994
10000,256,rcfopcitm,5,4,7,14.080000000000004
10000,256,rcfopcitm,5,4,8,13.919999999999998
10000,256,rcfopcitm,5,4,9,14.439999999999998
10000,256,rcfopcitm,5,5,0,14.32
10000,256,rcfopcitm,5,5,1,14.190000000000003
10000,256,rcfopcitm,5,5,2,14.390000000000002
10000,256,rcfopcitm,5,5,3,14.439999999999998
10000,256,rcfopcitm,5,5,4,14.41
10000,256,rcfopcitm,5,5,5,14.200000000000001
10000,256,rcfopcitm,5,5,6,14.42
10000,256,rcfopcitm,5,5,7,14.500000000000002
10000,256,rcfopcitm,5,5,8,14.070000000000004
10000,256,rcfopcitm,5,5,9,14.180000000000003
10000,256,rcfopcitm,5,6,0,14.42
10000,256,rcfopcitm,5,6,1,14.229999999999999
10000,256,rcfopcitm,5,6,2,14.200000000000001
10000,256,rcfopcitm,5,6,3,13.780000000000003
10000,256,rcfopcitm,5,6,4,14.470000000000006
10000,256,rcfopcitm,5,6,5,14.449999999999996
10000,256,rcfopcitm,5,6,6,14.559999999999995
10000,256,rcfopcitm,5,6,7,14.429999999999998
10000,256,rcfopcitm,5,6,8,13.980000000000004
10000,256,rcfopcitm,5,6,9,14.490000000000002
10000,256,rcfopcitm,5,7,0,14.290000000000003
10000,256,rcfopcitm,5,7,1,14.31
10000,256,rcfopcitm,5,7,2,13.900000000000002
10000,256,rcfopcitm,5,7,3,14.219999999999999
10000,256,rcfopcitm,5,7,4,13.859999999999994
10000,256,rcfopcitm,5,7,5,14.280000000000005
10000,256,rcfopcitm,5,7,6,13.980000000000004
10000,256,rcfopcitm,5,7,7,13.549999999999995
10000,256,rcfopcitm,5,7,8,14.21
10000,256,rcfopcitm,5,7,9,14.370000000000005
10000,256,rcfopcitm,5,8,0,14.280000000000005
10000,256,rcfopcitm,5,8,1,14.080000000000004
10000,256,rcfopcitm,5,8,2,14.180000000000003
10000,256,rcfopcitm,5,8,3,14.139999999999997
10000,256,rcfopcitm,5,8,4,13.71
10000,256,rcfopcitm,5,8,5,13.81
10000,256,rcfopcitm,5,8,6,14.31
10000,256,rcfopcitm,5,8,7,13.900000000000002
10000,256,rcfopcitm,5,8,8,14.139999999999997
10000,256,rcfopcitm,5,8,9,13.639999999999997
10000,256,rcfopcitm,5,9,0,14.81
10000,256,rcfopcitm,5,9,1,15.039999999999997
10000,256,rcfopcitm,5,9,2,14.670000000000005
10000,256,rcfopcitm,5,9,3,14.980000000000004
10000,256,rcfopcitm,5,9,4,14.610000000000001
10000,256,rcfopcitm,5,9,5,14.270000000000005
10000,256,rcfopcitm,5,9,6,14.92
10000,256,rcfopcitm,5,9,7,14.849999999999996
10000,256,rcfopcitm,5,9,8,14.370000000000005
10000,256,rcfopcitm,5,9,9,14.570000000000006
10000,256,rcfopcitm,7,1,0,13.729999999999997
10000,256,rcfopcitm,7,1,1,13.439999999999996
10000,256,rcfopcitm,7,1,2,13.539999999999996
10000,256,rcfopcitm,7,1,3,13.629999999999997
10000,256,rcfopcitm,7,1,4,13.460000000000004
10000,256,rcfopcitm,7,1,5,13.349999999999994
10000,256,rcfopcitm,7,1,6,13.529999999999998
10000,256,rcfopcitm,7,1,7,13.229999999999997
10000,256,rcfopcitm,7,1,8,13.439999999999996
10000,256,rcfopcitm,7,1,9,13.52
10000,256,rcfopcitm,7,10,0,17.53
10000,256,rcfopcitm,7,10,1,16.910000000000004
10000,256,rcfopcitm,7,10,2,16.92
10000,256,rcfopcitm,7,10,3,17.179999999999996
10000,256,rcfopcitm,7,10,4,16.559999999999995
10000,256,rcfopcitm,7,10,5,17.190000000000005
10000,256,rcfopcitm,7,10,6,16.959999999999997
10000,256,rcfopcitm,7,10,7,17.390000000000004
10000,256,rcfopcitm,7,10,8,16.93
10000,256,rcfopcitm,7,10,9,17.130000000000003
10000,256,rcfopcitm,7,2,0,13.929999999999998
10000,256,rcfopcitm,7,2,1,13.570000000000004
10000,256,rcfopcitm,7,2,2,13.560000000000006
10000,256,rcfopcitm,7,2,3,13.81
10000,256,rcfopcitm,7,2,4,13.560000000000006
10000,256,rcfopcitm,7,2,5,13.91
10000,256,rcfopcitm,7,2,6,13.849999999999996
10000,256,rcfopcitm,7,2,7,13.5
10000,256,rcfopcitm,7,2,8,13.639999999999997
10000,256,rcfopcitm,7,2,9,13.570000000000004
10000,256,rcfopcitm,7,3,0,13.849999999999996
10000,256,rcfopcitm,7,3,1,14.090000000000003
10000,256,rcfopcitm,7,3,2,13.790000000000003
10000,256,rcfopcitm,7,3,3,14.059999999999995
10000,256,rcfopcitm,7,3,4,13.970000000000004
10000,256,rcfopcitm,7,3,5,13.890000000000002
10000,256,rcfopcitm,7,3,6,13.880000000000003
10000,256,rcfopcitm,7,3,7,14.129999999999999
10000,256,rcfopcitm,7,3,8,13.639999999999997
10000,256,rcfopcitm,7,3,9,14.000000000000002
10000,256,rcfopcitm,7,4,0,13.8
10000,256,rcfopcitm,7,4,1,13.990000000000002
10000,256,rcfopcitm,7,4,2,13.770000000000005
10000,256,rcfopcitm,7,4,3,13.870000000000005
10000,256,rcfopcitm,7,4,4,13.81
10000,256,rcfopcitm,7,4,5,13.870000000000005
10000,256,rcfopcitm,7,4,6,14.200000000000001
10000,256,rcfopcitm,7,4,7,13.690000000000001
10000,256,rcfopcitm,7,4,8,14.039999999999997
10000,256,rcfopcitm,7,4,9,14.149999999999995
10000,256,rcfopcitm,7,5,0,13.970000000000004
10000,256,rcfopcitm,7,5,1,13.539999999999996
10000,256,rcfopcitm,7,5,2,14.000000000000002
10000,256,rcfopcitm,7,5,3,14.180000000000003
10000,256,rcfopcitm,7,5,4,14.029999999999998
10000,256,rcfopcitm,7,5,5,13.759999999999994
10000,256,rcfopcitm,7,5,6,13.8
10000,256,rcfopcitm,7,5,7,13.959999999999994
10000,256,rcfopcitm,7,5,8,14.229999999999999
10000,256,rcfopcitm,7,5,9,13.880000000000003
10000,256,rcfopcitm,7,6,0,14.32
10000,256,rcfopcitm,7,6,1,13.870000000000005
10000,256,rcfopcitm,7,6,2,13.939999999999998
10000,256,rcfopcitm,7,6,3,13.780000000000003
10000,256,rcfopcitm,7,6,4,14.170000000000005
10000,256,rcfopcitm,7,6,5,13.919999999999998
10000,256,rcfopcitm,7,6,6,14.02
10000,256,rcfopcitm,7,6,7,14.01
10000,256,rcfopcitm,7,6,8,13.890000000000002
10000,256,rcfopcitm,7,6,9,13.949999999999996
10000,256,rcfopcitm,7,7,0,15.049999999999997
10000,256,rcfopcitm,7,7,1,15.300000000000002
10000,256,rcfopcitm,7,7,2,15.229999999999999
10000,256,rcfopcitm,7,7,3,15.490000000000004
10000,256,rcfopcitm,7,7,4,15.329999999999998
10000,256,rcfopcitm,7,7,5,15.02
10000,256,rcfopcitm,7,7,6,15.129999999999999
10000,256,rcfopcitm,7,7,7,15.639999999999999
10000,256,rcfopcitm,7,7,8,15.259999999999996
10000,256,rcfopcitm,7,7,9,14.990000000000004
10000,256,rcfopcitm,7,8,0,15.229999999999999
10000,256,rcfopcitm,7,8,1,15.669999999999995
10000,256,rcfopcitm,7,8,2,15.620000000000001
10000,256,rcfopcitm,7,8,3,15.749999999999996
10000,256,rcfopcitm,7,8,4,15.469999999999995
10000,256,rcfopcitm,7,8,5,15.490000000000004
10000,256,rcfopcitm,7,8,6,15.469999999999995
10000,256,rcfopcitm,7,8,7,16.03
10000,256,rcfopcitm,7,8,8,15.859999999999996
10000,256,rcfopcitm,7,8,9,15.849999999999998
10000,256,rcfopcitm,7,9,0,16.390000000000004
10000,256,rcfopcitm,7,9,1,16.14
10000,256,rcfopcitm,7,9,2,16.669999999999995
10000,256,rcfopcitm,7,9,3,16.02
10000,256,rcfopcitm,7,9,4,16.259999999999998
10000,256,rcfopcitm,7,9,5,16.049999999999997
10000,256,rcfopcitm,7,9,6,15.849999999999998
10000,256,rcfopcitm,7,9,7,16.03
10000,256,rcfopcitm,7,9,8,16.110000000000003
10000,256,rcfopcitm,7,9,9,16.21
10000,32,fwd,,,0,14.029999999999998
10000,32,fwd,,,1,14.700000000000003
10000,32,fwd,,,2,14.139999999999997
10000,32,fwd,,,3,14.000000000000002
10000,32,fwd,,,4,14.12
10000,32,fwd,,,5,14.290000000000003
10000,32,fwd,,,6,14.349999999999996
10000,32,fwd,,,7,14.070000000000004
10000,32,fwd,,,8,14.690000000000003
10000,32,fwd,,,9,14.21
10000,32,rcfopcitm,10,1,0,14.680000000000003
10000,32,rcfopcitm,10,1,1,14.549999999999997
10000,32,rcfopcitm,10,1,2,15.03
10000,32,rcfopcitm,10,1,3,14.329999999999998
10000,32,rcfopcitm,10,1,4,14.380000000000004
10000,32,rcfopcitm,10,1,5,14.690000000000003
10000,32,rcfopcitm,10,1,6,15.049999999999997
10000,32,rcfopcitm,10,1,7,15.190000000000003
10000,32,rcfopcitm,10,1,8,14.719999999999999
10000,32,rcfopcitm,10,1,9,14.500000000000002
10000,32,rcfopcitm,10,10,0,22.7
10000,32,rcfopcitm,10,10,1,21.99
10000,32,rcfopcitm,10,10,2,23.67
10000,32,rcfopcitm,10,10,3,22.629999999999995
10000,32,rcfopcitm,10,10,4,22.88
10000,32,rcfopcitm,10,10,5,22.430000000000007
10000,32,rcfopcitm,10,10,6,22.88
10000,32,rcfopcitm,10,10,7,21.68
10000,32,rcfopcitm,10,10,8,22.209999999999997
10000,32,rcfopcitm,10,10,9,21.67
10000,32,rcfopcitm,10,2,0,15.339999999999998
10000,32,rcfopcitm,10,2,1,14.719999999999999
10000,32,rcfopcitm,10,2,2,15.200000000000003
10000,32,rcfopcitm,10,2,3,14.829999999999998
10000,32,rcfopcitm,10,2,4,15.059999999999995
10000,32,rcfopcitm,10,2,5,15.290000000000003
10000,32,rcfopcitm,10,2,6,15.080000000000005
10000,32,rcfopcitm,10,2,7,15.43
10000,32,rcfopcitm,10,2,8,15.090000000000003
10000,32,rcfopcitm,10,2,9,15.680000000000005
10000,32,rcfopcitm,10,3,0,16.02
10000,32,rcfopcitm,10,3,1,15.690000000000005
10000,32,rcfopcitm,10,3,2,15.680000000000005
10000,32,rcfopcitm,10,3,3,16.259999999999998
10000,32,rcfopcitm,10,3,4,16.04
10000,32,rcfopcitm,10,3,5,15.93
10000,32,rcfopcitm,10,3,6,16.110000000000003
10000,32,rcfopcitm,10,3,7,16.579999999999995
10000,32,rcfopcitm,10,3,8,15.71
10000,32,rcfopcitm,10,3,9,15.920000000000002
10000,32,rcfopcitm,10,4,0,17.700000000000003
10000,32,rcfopcitm,10,4,1,17.400000000000006
10000,32,rcfopcitm,10,4,2,18.079999999999995
10000,32,rcfopcitm,10,4,3,17.44
10000,32,rcfopcitm,10,4,4,17.600000000000005
10000,32,rcfopcitm,10,4,5,17.310000000000002
10000,32,rcfopcitm,10,4,6,17.65
10000,32,rcfopcitm,10,4,7,17.569999999999997
10000,32,rcfopcitm,10,4,8,17.520000000000003
10000,32,rcfopcitm,10,4,9,17.769999999999996
10000,32,rcfopcitm,10,5,0,21.46
10000,32,rcfopcitm,10,5,1,21.709999999999997
10000,32,rcfopcitm,10,5,2,21.26
10000,32,rcfopcitm,10,5,3,21.109999999999996
10000,32,rcfopcitm,10,5,4,21.230000000000004
10000,32,rcfopcitm,10,5,5,21.099999999999998
10000,32,rcfopcitm,10,5,6,21.309999999999995
10000,32,rcfopcitm,10,5,7,21.250000000000004
10000,32,rcfopcitm,10,5,8,21.909999999999997
10000,32,rcfopcitm,10,5,9,21.209999999999994
10000,32,rcfopcitm,10,6,0,20.940000000000005
10000,32,rcfopcitm,10,6,1,20.330000000000005
10000,32,rcfopcitm,10,6,2,22.050000000000004
10000,32,rcfopcitm,10,6,3,21.330000000000005
10000,32,rcfopcitm,10,6,4,20.299999999999997
10000,32,rcfopcitm,10,6,5,20.99
10000,32,rcfopcitm,10,6,6,21.389999999999997
10000,32,rcfopcitm,10,6,7,21.240000000000002
10000,32,rcfopcitm,10,6,8,21.35
10000,32,rcfopcitm,10,6,9,20.889999999999997
10000,32,rcfopcitm,10,7,0,21.189999999999998
10000,32,rcfopcitm,10,7,1,20.089999999999996
10000,32,rcfopcitm,10,7,2,20.840000000000003
10000,32,rcfopcitm,10,7,3,20.57
10000,32,rcfopcitm,10,7,4,19.730000000000004
10000,32,rcfopcitm,10,7,5,21.060000000000002
10000,32,rcfopcitm,10,7,6,20.799999999999997
10000,32,rcfopcitm,10,7,7,20.189999999999998
10000,32,rcfopcitm,10,7,8,20.650000000000002
10000,32,rcfopcitm,10,7,9,20.49
10000,32,rcfopcitm,10,8,0,20.320000000000004
10000,32,rcfopcitm,10,8,1,20.650000000000002
10000,32,rcfopcitm,10,8,2,20.18
10000,32,rcfopcitm,10,8,3,19.75
10000,32,rcfopcitm,10,8,4,20.430000000000003
10000,32,rcfopcitm,10,8,5,19.589999999999996
10000,32,rcfopcitm,10,8,6,21.140000000000004
10000,32,rcfopcitm,10,8,7,20.47
10000,32,rcfopcitm,10,8,8,19.36
10000,32,rcfopcitm,10,8,9,19.730000000000004
10000,32,rcfopcitm,10,9,0,21.589999999999996
10000,32,rcfopcitm,10,9,1,20.840000000000003
10000,32,rcfopcitm,10,9,2,20.740000000000002
10000,32,rcfopcitm,10,9,3,22.17
10000,32,rcfopcitm,10,9,4,22.729999999999993
10000,32,rcfopcitm,10,9,5,21.97
10000,32,rcfopcitm,10,9,6,21.330000000000005
10000,32,rcfopcitm,10,9,7,20.520000000000003
10000,32,rcfopcitm,10,9,8,20.720000000000006
10000,32,rcfopcitm,10,9,9,21.730000000000004
10000,32,rcfopcitm,12,1,0,14.549999999999997
10000,32,rcfopcitm,12,1,1,14.780000000000005
10000,32,rcfopcitm,12,1,2,15.100000000000001
10000,32,rcfopcitm,12,1,3,15.110000000000001
10000,32,rcfopcitm,12,1,4,14.829999999999998
10000,32,rcfopcitm,12,1,5,14.600000000000001
10000,32,rcfopcitm,12,1,6,14.849999999999996
10000,32,rcfopcitm,12,1,7,15.249999999999996
10000,32,rcfopcitm,12,1,8,14.870000000000005
10000,32,rcfopcitm,12,1,9,14.900000000000002
10000,32,rcfopcitm,12,10,0,23.39
10000,32,rcfopcitm,12,10,1,22.4
10000,32,rcfopcitm,12,10,2,22.79
10000,32,rcfopcitm,12,10,3,22.219999999999995
10000,32,rcfopcitm,12,10,4,22.719999999999995
10000,32,rcfopcitm,12,10,5,22.189999999999998
10000,32,rcfopcitm,12,10,6,23.909999999999997
10000,32,rcfopcitm,12,10,7,22.529999999999994
10000,32,rcfopcitm,12,10,8,21.999999999999996
10000,32,rcfopcitm,12,10,9,22.909999999999997
10000,32,rcfopcitm,12,2,0,15.580000000000005
10000,32,rcfopcitm,12,2,1,15.649999999999997
10000,32,rcfopcitm,12,2,2,15.849999999999998
10000,32,rcfopcitm,12,2,3,16.34
10000,32,rcfopcitm,12,2,4,16.14
10000,32,rcfopcitm,12,2,5,16.21
10000,32,rcfopcitm,12,2,6,15.390000000000004
10000,32,rcfopcitm,12,2,7,16.01
10000,32,rcfopcitm,12,2,8,15.83
10000,32,rcfopcitm,12,2,9,15.969999999999995
10000,32,rcfopcitm,12,3,0,17.12
10000,32,rcfopcitm,12,3,1,18.069999999999997
10000,32,rcfopcitm,12,3,2,17.84
10000,32,rcfopcitm,12,3,3,17.53
10000,32,rcfopcitm,12,3,4,17.800000000000004
10000,32,rcfopcitm,12,3,5,17.779999999999994
10000,32,rcfopcitm,12,3,6,18.410000000000004
10000,32,rcfopcitm,12,3,7,18.069999999999997
10000,32,rcfopcitm,12,3,8,17.759999999999998
10000,32,rcfopcitm,12,3,9,18.06
10000,32,rcfopcitm,12,4,0,22.040000000000003
10000,32,rcfopcitm,12,4,1,21.619999999999994
10000,32,rcfopcitm,12,4,2,21.589999999999996
10000,32,rcfopcitm,12,4,3,21.78
10000,32,rcfopcitm,12,4,4,21.78
10000,32,rcfopcitm,12,4,5,22.860000000000003
10000,32,rcfopcitm,12,4,6,22.219999999999995
10000,32,rcfopcitm,12,4,7,21.719999999999995
10000,32,rcfopcitm,12,4,8,21.599999999999998
10000,32,rcfopcitm,12,4,9,21.499999999999996
10000,32,rcfopcitm,12,5,0,20.85
10000,32,rcfopcitm,12,5,1,20.799999999999997
10000,32,rcfopcitm,12,5,2,21.309999999999995
10000,32,rcfopcitm,12,5,3,22.250000000000004
10000,32,rcfopcitm,12,5,4,20.779999999999998
10000,32,rcfopcitm,12,5,5,21.240000000000002
10000,32,rcfopcitm,12,5,6,22.4
10000,32,rcfopcitm,12,5,7,20.76
10000,32,rcfopcitm,12,5,8,20.999999999999996
10000,32,rcfopcitm,12,5,9,21.38
10000,32,rcfopcitm,12,6,0,19.999999999999996
10000,32,rcfopcitm,12,6,1,20.340000000000003
10000,32,rcfopcitm,12,6,2,19.66
10000,32,rcfopcitm,12,6,3,20.14
10000,32,rcfopcitm,12,6,4,20.020000000000003
10000,32,rcfopcitm,12,6,5,20.640000000000004
10000,32,rcfopcitm,12,6,6,20.099999999999994
10000,32,rcfopcitm,12,6,7,19.540000000000003
10000,32,rcfopcitm,12,6,8,21.35
10000,32,rcfopcitm,12,6,9,19.679999999999996
10000,32,rcfopcitm,12,7,0,21.49
10000,32,rcfopcitm,12,7,1,21.37
10000,32,rcfopcitm,12,7,2,22.150000000000002
10000,32,rcfopcitm,12,7,3,21.719999999999995
10000,32,rcfopcitm,12,7,4,21.389999999999997
10000,32,rcfopcitm,12,7,5,20.330000000000005
10000,32,rcfopcitm,12,7,6,21.419999999999995
10000,32,rcfopcitm,12,7,7,21.17
10000,32,rcfopcitm,12,7,8,20.209999999999994
10000,32,rcfopcitm,12,7,9,21.340000000000003
10000,32,rcfopcitm,12,8,0,21.87
10000,32,rcfopcitm,12,8,1,20.430000000000003
10000,32,rcfopcitm,12,8,2,22.209999999999997
10000,32,rcfopcitm,12,8,3,21.78
10000,32,rcfopcitm,12,8,4,22.330000000000005
10000,32,rcfopcitm,12,8,5,21.46
10000,32,rcfopcitm,12,8,6,22.140000000000004
10000,32,rcfopcitm,12,8,7,22.550000000000004
10000,32,rcfopcitm,12,8,8,21.120000000000005
10000,32,rcfopcitm,12,8,9,21.57
10000,32,rcfopcitm,12,9,0,22.17
10000,32,rcfopcitm,12,9,1,22.67
10000,32,rcfopcitm,12,9,2,22.7
10000,32,rcfopcitm,12,9,3,22.909999999999997
10000,32,rcfopcitm,12,9,4,21.540000000000003
10000,32,rcfopcitm,12,9,5,22.450000000000003
10000,32,rcfopcitm,12,9,6,22.619999999999997
10000,32,rcfopcitm,12,9,7,21.58
10000,32,rcfopcitm,12,9,8,21.709999999999997
10000,32,rcfopcitm,12,9,9,22.98
10000,32,rcfopcitm,2,1,0,14.459999999999996
10000,32,rcfopcitm,2,1,1,14.849999999999996
10000,32,rcfopcitm,2,1,2,14.690000000000003
10000,32,rcfopcitm,2,1,3,14.41
10000,32,rcfopcitm,2,1,4,14.480000000000004
10000,32,rcfopcitm,2,1,5,14.280000000000005
10000,32,rcfopcitm,2,1,6,14.280000000000005
10000,32,rcfopcitm,2,1,7,14.659999999999995
10000,32,rcfopcitm,2,1,8,14.239999999999997
10000,32,rcfopcitm,2,1,9,14.480000000000004
10000,32,rcfopcitm,2,10,0,16.93
10000,32,rcfopcitm,2,10,1,16.390000000000004
10000,32,rcfopcitm,2,10,2,17.410000000000004
10000,32,rcfopcitm,2,10,3,16.869999999999997
10000,32,rcfopcitm,2,10,4,17.200000000000003
10000,32,rcfopcitm,2,10,5,16.969999999999995
10000,32,rcfopcitm,2,10,6,16.669999999999995
10000,32,rcfopcitm,2,10,7,16.479999999999993
10000,32,rcfopcitm,2,10,8,17.36
10000,32,rcfopcitm,2,10,9,16.910000000000004
10000,32,rcfopcitm,2,2,0,14.259999999999994
10000,32,rcfopcitm,2,2,1,14.670000000000005
10000,32,rcfopcitm,2,2,2,14.280000000000005
10000,32,rcfopcitm,2,2,3,14.800000000000002
10000,32,rcfopcitm,2,2,4,14.81
10000,32,rcfopcitm,2,2,5,14.880000000000004
10000,32,rcfopcitm,2,2,6,14.71
10000,32,rcfopcitm,2,2,7,14.539999999999997
10000,32,rcfopcitm,2,2,8,14.480000000000004
10000,32,rcfopcitm,2,2,9,14.539999999999997
10000,32,rcfopcitm,2,3,0,14.380000000000004
10000,32,rcfopcitm,2,3,1,14.180000000000003
10000,32,rcfopcitm,2,3,2,14.529999999999998
10000,32,rcfopcitm,2,3,3,14.739999999999998
10000,32,rcfopcitm,2,3,4,15.190000000000003
10000,32,rcfopcitm,2,3,5,15.080000000000005
10000,32,rcfopcitm,2,3,6,14.800000000000002
10000,32,rcfopcitm,2,3,7,14.770000000000005
10000,32,rcfopcitm,2,3,8,14.680000000000003
10000,32,rcfopcitm,2,3,9,14.71
10000,32,rcfopcitm,2,4,0,14.949999999999996
10000,32,rcfopcitm,2,4,1,15.300000000000002
10000,32,rcfopcitm,2,4,2,14.92
10000,32,rcfopcitm,2,4,3,14.739999999999998
10000,32,rcfopcitm,2,4,4,14.91
10000,32,rcfopcitm,2,4,5,14.719999999999999
10000,32,rcfopcitm,2,4,6,14.770000000000005
10000,32,rcfopcitm,2,4,7,15.110000000000001
10000,32,rcfopcitm,2,4,8,15.200000000000003
10000,32,rcfopcitm,2,4,9,14.949999999999996
10000,32,rcfopcitm,2,5,0,14.829999999999998
10000,32,rcfopcitm,2,5,1,15.120000000000001
10000,32,rcfopcitm,2,5,2,15.339999999999998
10000,32,rcfopcitm,2,5,3,14.890000000000004
10000,32,rcfopcitm,2,5,4,15.22
10000,32,rcfopcitm,2,5,5,14.91
10000,32,rcfopcitm,2,5,6,15.059999999999995
10000,32,rcfopcitm,2,5,7,15.159999999999997
10000,32,rcfopcitm,2,5,8,14.900000000000002
10000,32,rcfopcitm,2,5,9,15.129999999999999
10000,32,rcfopcitm,2,6,0,15.700000000000003
10000,32,rcfopcitm,2,6,1,15.52
10000,32,rcfopcitm,2,6,2,15.880000000000006
10000,32,rcfopcitm,2,6,3,15.110000000000001
10000,32,rcfopcitm,2,6,4,15.690000000000005
10000,32,rcfopcitm,2,6,5,15.249999999999996
10000,32,rcfopcitm,2,6,6,15.21
10000,32,rcfopcitm,2,6,7,14.900000000000002
10000,32,rcfopcitm,2,6,8,15.43
10000,32,rcfopcitm,2,6,9,15.200000000000003
10000,32,rcfopcitm,2,7,0,16.069999999999997
10000,32,rcfopcitm,2,7,1,15.559999999999995
10000,32,rcfopcitm,2,7,2,16.21
10000,32,rcfopcitm,2,7,3,15.669999999999995
10000,32,rcfopcitm,2,7,4,15.639999999999999
10000,32,rcfopcitm,2,7,5,15.569999999999995
10000,32,rcfopcitm,2,7,6,16.090000000000003
10000,32,rcfopcitm,2,7,7,15.259999999999996
10000,32,rcfopcitm,2,7,8,15.900000000000002
10000,32,rcfopcitm,2,7,9,16.469999999999995
10000,32,rcfopcitm,2,8,0,16.549999999999997
10000,32,rcfopcitm,2,8,1,16.84
10000,32,rcfopcitm,2,8,2,16.249999999999996
10000,32,rcfopcitm,2,8,3,16.479999999999993
10000,32,rcfopcitm,2,8,4,16.190000000000005
10000,32,rcfopcitm,2,8,5,15.400000000000002
10000,32,rcfopcitm,2,8,6,15.690000000000005
10000,32,rcfopcitm,2,8,7,16.43
10000,32,rcfopcitm,2,8,8,16.200000000000003
10000,32,rcfopcitm,2,8,9,16.33
10000,32,rcfopcitm,2,9,0,16.590000000000003
10000,32,rcfopcitm,2,9,1,16.75
10000,32,rcfopcitm,2,9,2,16.800000000000004
10000,32,rcfopcitm,2,9,3,17.069999999999997
10000,32,rcfopcitm,2,9,4,16.610000000000003
10000,32,rcfopcitm,2,9,5,16.43
10000,32,rcfopcitm,2,9,6,15.680000000000005
10000,32,rcfopcitm,2,9,7,15.949999999999998
10000,32,rcfopcitm,2,9,8,16.71
10000,32,rcfopcitm,2,9,9,16.359999999999996
10000,32,rcfopcitm,3,1,0,14.690000000000003
10000,32,rcfopcitm,3,1,1,14.280000000000005
10000,32,rcfopcitm,3,1,2,14.480000000000004
10000,32,rcfopcitm,3,1,3,14.480000000000004
10000,32,rcfopcitm,3,1,4,14.459999999999996
10000,32,rcfopcitm,3,1,5,14.659999999999995
10000,32,rcfopcitm,3,1,6,14.849999999999996
10000,32,rcfopcitm,3,1,7,14.239999999999997
10000,32,rcfopcitm,3,1,8,14.41
10000,32,rcfopcitm,3,1,9,14.280000000000005
10000,32,rcfopcitm,3,10,0,17.36
10000,32,rcfopcitm,3,10,1,17.410000000000004
10000,32,rcfopcitm,3,10,2,16.669999999999995
10000,32,rcfopcitm,3,10,3,16.869999999999997
10000,32,rcfopcitm,3,10,4,16.479999999999993
10000,32,rcfopcitm,3,10,5,16.93
10000,32,rcfopcitm,3,10,6,16.969999999999995
10000,32,rcfopcitm,3,10,7,16.910000000000004
10000,32,rcfopcitm,3,10,8,16.390000000000004
10000,32,rcfopcitm,3,10,9,17.200000000000003
10000,32,rcfopcitm,3,2,0,14.71
10000,32,rcfopcitm,3,2,1,14.259999999999994
10000,32,rcfopcitm,3,2,2,14.670000000000005
10000,32,rcfopcitm,3,2,3,14.539999999999997
10000,32,rcfopcitm,3,2,4,14.280000000000005
10000,32,rcfopcitm,3,2,5,14.880000000000004
10000,32,rcfopcitm,3,2,6,14.800000000000002
10000,32,rcfopcitm,3,2,7,14.81
10000,32,rcfopcitm,3,2,8,14.539999999999997
10000,32,rcfopcitm,3,2,9,14.480000000000004
10000,32,rcfopcitm,3,3,0,15.190000000000003
10000,32,rcfopcitm,3,3,1,14.380000000000004
10000,32,rcfopcitm,3,3,2,14.800000000000002
10000,32,rcfopcitm,3,3,3,14.180000000000003
10000,32,rcfopcitm,3,3,4,14.529999999999998
10000,32,rcfopcitm,3,3,5,14.739999999999998
10000,32,rcfopcitm,3,3,6,14.680000000000003
10000,32,rcfopcitm,3,3,7,14.770000000000005
10000,32,rcfopcitm,3,3,8,15.080000000000005
10000,32,rcfopcitm,3,3,9,14.71
10000,32,rcfopcitm,3,4,0,14.949999999999996
10000,32,rcfopcitm,3,4,1,14.770000000000005
10000,32,rcfopcitm,3,4,2,14.739999999999998
10000,32,rcfopcitm,3,4,3,14.91
10000,32,rcfopcitm,3,4,4,15.300000000000002
10000,32,rcfopcitm,3,4,5,14.949999999999996
10000,32,rcfopcitm,3,4,6,14.92
10000,32,rcfopcitm,3,4,7,14.719999999999999
10000,32,rcfopcitm,3,4,8,15.110000000000001
10000,32,rcfopcitm,3,4,9,15.200000000000003
10000,32,rcfopcitm,3,5,0,14.91
10000,32,rcfopcitm,3,5,1,15.159999999999997
10000,32,rcfopcitm,3,5,2,14.829999999999998
10000,32,rcfopcitm,3,5,3,15.059999999999995
10000,32,rcfopcitm,3,5,4,15.339999999999998
10000,32,rcfopcitm,3,5,5,15.129999999999999
10000,32,rcfopcitm,3,5,6,15.22
10000,32,rcfopcitm,3,5,7,15.120000000000001
10000,32,rcfopcitm,3,5,8,14.890000000000004
10000,32,rcfopcitm,3,5,9,14.900000000000002
10000,32,rcfopcitm,3,6,0,15.690000000000005
10000,32,rcfopcitm,3,6,1,14.900000000000002
10000,32,rcfopcitm,3,6,2,15.52
10000,32,rcfopcitm,3,6,3,15.249999999999996
10000,32,rcfopcitm,3,6,4,15.700000000000003
10000,32,rcfopcitm,3,6,5,15.21
10000,32,rcfopcitm,3,6,6,15.43
10000,32,rcfopcitm,3,6,7,15.200000000000003
10000,32,rcfopcitm,3,6,8,15.110000000000001
10000,32,rcfopcitm,3,6,9,15.880000000000006
10000,32,rcfopcitm,3,7,0,16.069999999999997
10000,32,rcfopcitm,3,7,1,15.900000000000002
10000,32,rcfopcitm,3,7,2,15.259999999999996
10000,32,rcfopcitm,3,7,3,15.569999999999995
10000,32,rcfopcitm,3,7,4,15.669999999999995
10000,32,rcfopcitm,3,7,5,15.559999999999995
10000,32,rcfopcitm,3,7,6,16.21
10000,32,rcfopcitm,3,7,7,16.090000000000003
10000,32,rcfopcitm,3,7,8,15.639999999999999
10000,32,rcfopcitm,3,7,9,16.469999999999995
10000,32,rcfopcitm,3,8,0,16.43
10000,32,rcfopcitm,3,8,1,16.84
10000,32,rcfopcitm,3,8,2,16.549999999999997
10000,32,rcfopcitm,3,8,3,15.400000000000002
10000,32,rcfopcitm,3,8,4,15.690000000000005
10000,32,rcfopcitm,3,8,5,16.190000000000005
10000,32,rcfopcitm,3,8,6,16.479999999999993
10000,32,rcfopcitm,3,8,7,16.200000000000003
10000,32,rcfopcitm,3,8,8,16.249999999999996
10000,32,rcfopcitm,3,8,9,16.33
10000,32,rcfopcitm,3,9,0,15.680000000000005
10000,32,rcfopcitm,3,9,1,16.590000000000003
10000,32,rcfopcitm,3,9,2,16.359999999999996
10000,32,rcfopcitm,3,9,3,16.43
10000,32,rcfopcitm,3,9,4,15.949999999999998
10000,32,rcfopcitm,3,9,5,16.800000000000004
10000,32,rcfopcitm,3,9,6,16.75
10000,32,rcfopcitm,3,9,7,16.71
10000,32,rcfopcitm,3,9,8,17.069999999999997
10000,32,rcfopcitm,3,9,9,16.610000000000003
10000,32,rcfopcitm,5,1,0,15.039999999999997
10000,32,rcfopcitm,5,1,1,14.700000000000003
10000,32,rcfopcitm,5,1,2,14.3
10000,32,rcfopcitm,5,1,3,14.82
10000,32,rcfopcitm,5,1,4,14.570000000000006
10000,32,rcfopcitm,5,1,5,14.500000000000002
10000,32,rcfopcitm,5,1,6,14.71
10000,32,rcfopcitm,5,1,7,14.090000000000003
10000,32,rcfopcitm,5,1,8,14.580000000000004
10000,32,rcfopcitm,5,1,9,14.559999999999995
10000,32,rcfopcitm,5,10,0,21.719999999999995
10000,32,rcfopcitm,5,10,1,21.430000000000003
10000,32,rcfopcitm,5,10,2,21.650000000000002
10000,32,rcfopcitm,5,10,3,21.309999999999995
10000,32,rcfopcitm,5,10,4,21.96
10000,32,rcfopcitm,5,10,5,22.030000000000005
10000,32,rcfopcitm,5,10,6,22.09
10000,32,rcfopcitm,5,10,7,21.79
10000,32,rcfopcitm,5,10,8,21.189999999999998
10000,32,rcfopcitm,5,10,9,21.499999999999996
10000,32,rcfopcitm,5,2,0,14.370000000000005
10000,32,rcfopcitm,5,2,1,15.049999999999997
10000,32,rcfopcitm,5,2,2,14.81
10000,32,rcfopcitm,5,2,3,14.92
10000,32,rcfopcitm,5,2,4,15.03
10000,32,rcfopcitm,5,2,5,14.890000000000004
10000,32,rcfopcitm,5,2,6,14.600000000000001
10000,32,rcfopcitm,5,2,7,15.090000000000003
10000,32,rcfopcitm,5,2,8,14.600000000000001
10000,32,rcfopcitm,5,2,9,15.100000000000001
10000,32,rcfopcitm,5,3,0,15.22
10000,32,rcfopcitm,5,3,1,15.259999999999996
10000,32,rcfopcitm,5,3,2,15.249999999999996
10000,32,rcfopcitm,5,3,3,15.410000000000002
10000,32,rcfopcitm,5,3,4,14.839999999999998
10000,32,rcfopcitm,5,3,5,15.329999999999998
10000,32,rcfopcitm,5,3,6,14.980000000000004
10000,32,rcfopcitm,5,3,7,15.290000000000003
10000,32,rcfopcitm,5,3,8,15.380000000000004
10000,32,rcfopcitm,5,3,9,15.169999999999995
10000,32,rcfopcitm,5,4,0,15.790000000000004
10000,32,rcfopcitm,5,4,1,16.000000000000004
10000,32,rcfopcitm,5,4,2,15.920000000000002
10000,32,rcfopcitm,5,4,3,15.969999999999995
10000,32,rcfopcitm,5,4,4,15.880000000000006
10000,32,rcfopcitm,5,4,5,16.14
10000,32,rcfopcitm,5,4,6,15.549999999999997
10000,32,rcfopcitm,5,4,7,15.780000000000005
10000,32,rcfopcitm,5,4,8,16.02
10000,32,rcfopcitm,5,4,9,15.349999999999998
10000,32,rcfopcitm,5,5,0,16.769999999999996
10000,32,rcfopcitm,5,5,1,16.059999999999995
10000,32,rcfopcitm,5,5,2,16.479999999999993
10000,32,rcfopcitm,5,5,3,16.369999999999997
10000,32,rcfopcitm,5,5,4,16.520000000000003
10000,32,rcfopcitm,5,5,5,16.95
10000,32,rcfopcitm,5,5,6,16.500000000000004
10000,32,rcfopcitm,5,5,7,15.959999999999997
10000,32,rcfopcitm,5,5,8,16.74
10000,32,rcfopcitm,5,5,9,17.349999999999998
10000,32,rcfopcitm,5,6,0,17.720000000000002
10000,32,rcfopcitm,5,6,1,17.689999999999994
10000,32,rcfopcitm,5,6,2,17.659999999999997
10000,32,rcfopcitm,5,6,3,17.210000000000004
10000,32,rcfopcitm,5,6,4,17.300000000000004
10000,32,rcfopcitm,5,6,5,17.469999999999995
10000,32,rcfopcitm,5,6,6,18.410000000000004
10000,32,rcfopcitm,5,6,7,17.700000000000003
10000,32,rcfopcitm,5,6,8,20.220000000000006
10000,32,rcfopcitm,5,6,9,17.520000000000003
10000,32,rcfopcitm,5,7,0,20.85
10000,32,rcfopcitm,5,7,1,20.38
10000,32,rcfopcitm,5,7,2,19.730000000000004
10000,32,rcfopcitm,5,7,3,20.399999999999995
10000,32,rcfopcitm,5,7,4,19.58
10000,32,rcfopcitm,5,7,5,20.389999999999997
10000,32,rcfopcitm,5,7,6,20.530000000000005
10000,32,rcfopcitm,5,7,7,20.950000000000003
10000,32,rcfopcitm,5,7,8,22.240000000000006
10000,32,rcfopcitm,5,7,9,20.799999999999997
10000,32,rcfopcitm,5,8,0,20.289999999999996
10000,32,rcfopcitm,5,8,1,20.96
10000,32,rcfopcitm,5,8,2,21.809999999999995
10000,32,rcfopcitm,5,8,3,20.630000000000003
10000,32,rcfopcitm,5,8,4,22.09
10000,32,rcfopcitm,5,8,5,22.219999999999995
10000,32,rcfopcitm,5,8,6,21.799999999999997
10000,32,rcfopcitm,5,8,7,22.4
10000,32,rcfopcitm,5,8,8,22.17
10000,32,rcfopcitm,5,8,9,22.109999999999996
10000,32,rcfopcitm,5,9,0,21.740000000000002
10000,32,rcfopcitm,5,9,1,21.830000000000005
10000,32,rcfopcitm,5,9,2,21.430000000000003
10000,32,rcfopcitm,5,9,3,20.75
10000,32,rcfopcitm,5,9,4,21.47
10000,32,rcfopcitm,5,9,5,20.640000000000004
10000,32,rcfopcitm,5,9,6,21.250000000000004
10000,32,rcfopcitm,5,9,7,20.699999999999996
10000,32,rcfopcitm,5,9,8,21.4
10000,32,rcfopcitm,5,9,9,22.150000000000002
10000,32,rcfopcitm,7,1,0,14.559999999999995
10000,32,rcfopcitm,7,1,1,15.039999999999997
10000,32,rcfopcitm,7,1,2,14.500000000000002
10000,32,rcfopcitm,7,1,3,14.700000000000003
10000,32,rcfopcitm,7,1,4,14.580000000000004
10000,32,rcfopcitm,7,1,5,14.71
10000,32,rcfopcitm,7,1,6,14.3
10000,32,rcfopcitm,7,1,7,14.82
10000,32,rcfopcitm,7,1,8,14.570000000000006
10000,32,rcfopcitm,7,1,9,14.090000000000003
10000,32,rcfopcitm,7,10,0,21.189999999999998
10000,32,rcfopcitm,7,10,1,22.030000000000005
10000,32,rcfopcitm,7,10,2,21.499999999999996
10000,32,rcfopcitm,7,10,3,21.309999999999995
10000,32,rcfopcitm,7,10,4,21.719999999999995
10000,32,rcfopcitm,7,10,5,21.650000000000002
10000,32,rcfopcitm,7,10,6,21.430000000000003
10000,32,rcfopcitm,7,10,7,22.09
10000,32,rcfopcitm,7,10,8,21.79
10000,32,rcfopcitm,7,10,9,21.96
10000,32,rcfopcitm,7,2,0,15.090000000000003
10000,32,rcfopcitm,7,2,1,15.03
10000,32,rcfopcitm,7,2,2,15.049999999999997
10000,32,rcfopcitm,7,2,3,14.92
10000,32,rcfopcitm,7,2,4,14.81
10000,32,rcfopcitm,7,2,5,15.100000000000001
10000,32,rcfopcitm,7,2,6,14.600000000000001
10000,32,rcfopcitm,7,2,7,14.890000000000004
10000,32,rcfopcitm,7,2,8,14.370000000000005
10000,32,rcfopcitm,7,2,9,14.600000000000001
10000,32,rcfopcitm,7,3,0,15.169999999999995
10000,32,rcfopcitm,7,3,1,15.259999999999996
10000,32,rcfopcitm,7,3,2,15.249999999999996
10000,32,rcfopcitm,7,3,3,15.22
10000,32,rcfopcitm,7,3,4,15.329999999999998
10000,32,rcfopcitm,7,3,5,15.380000000000004
10000,32,rcfopcitm,7,3,6,14.980000000000004
10000,32,rcfopcitm,7,3,7,15.290000000000003
10000,32,rcfopcitm,7,3,8,14.839999999999998
10000,32,rcfopcitm,7,3,9,15.410000000000002
10000,32,rcfopcitm,7,4,0,16.000000000000004
10000,32,rcfopcitm,7,4,1,16.02
10000,32,rcfopcitm,7,4,2,16.14
10000,32,rcfopcitm,7,4,3,15.920000000000002
10000,32,rcfopcitm,7,4,4,15.790000000000004
10000,32,rcfopcitm,7,4,5,15.969999999999995
10000,32,rcfopcitm,7,4,6,15.349999999999998
10000,32,rcfopcitm,7,4,7,15.880000000000006
10000,32,rcfopcitm,7,4,8,15.780000000000005
10000,32,rcfopcitm,7,4,9,15.549999999999997
10000,32,rcfopcitm,7,5,0,16.769999999999996
10000,32,rcfopcitm,7,5,1,15.959999999999997
10000,32,rcfopcitm,7,5,2,16.74
10000,32,rcfopcitm,7,5,3,16.520000000000003
10000,32,rcfopcitm,7,5,4,17.349999999999998
10000,32,rcfopcitm,7,5,5,16.95
10000,32,rcfopcitm,7,5,6,16.479999999999993
10000,32,rcfopcitm,7,5,7,16.059999999999995
10000,32,rcfopcitm,7,5,8,16.369999999999997
10000,32,rcfopcitm,7,5,9,16.500000000000004
10000,32,rcfopcitm,7,6,0,17.720000000000002
10000,32,rcfopcitm,7,6,1,17.689999999999994
10000,32,rcfopcitm,7,6,2,20.220000000000006
10000,32,rcfopcitm,7,6,3,17.300000000000004
10000,32,rcfopcitm,7,6,4,18.410000000000004
10000,32,rcfopcitm,7,6,5,17.659999999999997
10000,32,rcfopcitm,7,6,6,17.210000000000004
10000,32,rcfopcitm,7,6,7,17.469999999999995
10000,32,rcfopcitm,7,6,8,17.520000000000003
10000,32,rcfopcitm,7,6,9,17.700000000000003
10000,32,rcfopcitm,7,7,0,19.58
10000,32,rcfopcitm,7,7,1,20.950000000000003
10000,32,rcfopcitm,7,7,2,20.799999999999997
10000,32,rcfopcitm,7,7,3,22.240000000000006
10000,32,rcfopcitm,7,7,4,20.399999999999995
10000,32,rcfopcitm,7,7,5,20.530000000000005
10000,32,rcfopcitm,7,7,6,20.38
10000,32,rcfopcitm,7,7,7,19.730000000000004
10000,32,rcfopcitm,7,7,8,20.85
10000,32,rcfopcitm,7,7,9,20.389999999999997
10000,32,rcfopcitm,7,8,0,21.799999999999997
10000,32,rcfopcitm,7,8,1,20.289999999999996
10000,32,rcfopcitm,7,8,2,22.17
10000,32,rcfopcitm,7,8,3,20.630000000000003
10000,32,rcfopcitm,7,8,4,22.219999999999995
10000,32,rcfopcitm,7,8,5,20.96
10000,32,rcfopcitm,7,8,6,22.09
10000,32,rcfopcitm,7,8,7,22.4
10000,32,rcfopcitm,7,8,8,22.109999999999996
10000,32,rcfopcitm,7,8,9,21.809999999999995
10000,32,rcfopcitm,7,9,0,22.150000000000002
10000,32,rcfopcitm,7,9,1,21.830000000000005
10000,32,rcfopcitm,7,9,2,21.250000000000004
10000,32,rcfopcitm,7,9,3,21.47
10000,32,rcfopcitm,7,9,4,20.75
10000,32,rcfopcitm,7,9,5,20.640000000000004
10000,32,rcfopcitm,7,9,6,20.699999999999996
10000,32,rcfopcitm,7,9,7,21.4
10000,32,rcfopcitm,7,9,8,21.430000000000003
10000,32,rcfopcitm,7,9,9,21.740000000000002
10000,512,fwd,,,0,14.070000000000004
10000,512,fwd,,,1,13.819999999999999
10000,512,fwd,,,2,13.819999999999999
10000,512,fwd,,,3,13.859999999999994
10000,512,fwd,,,4,13.61
10000,512,fwd,,,5,14.190000000000003
10000,512,fwd,,,6,13.739999999999997
10000,512,fwd,,,7,13.91
10000,512,fwd,,,8,14.070000000000004
10000,512,fwd,,,9,13.91
10000,512,rcfopcitm,10,1,0,13.5
10000,512,rcfopcitm,10,1,1,13.480000000000004
10000,512,rcfopcitm,10,1,2,13.349999999999994
10000,512,rcfopcitm,10,1,3,13.3
10000,512,rcfopcitm,10,1,4,13.3
10000,512,rcfopcitm,10,1,5,12.980000000000002
10000,512,rcfopcitm,10,1,6,13.239999999999997
10000,512,rcfopcitm,10,1,7,12.960000000000004
10000,512,rcfopcitm,10,1,8,13.170000000000003
10000,512,rcfopcitm,10,1,9,13.449999999999996
10000,512,rcfopcitm,10,10,0,16.92
10000,512,rcfopcitm,10,10,1,16.269999999999996
10000,512,rcfopcitm,10,10,2,16.569999999999997
10000,512,rcfopcitm,10,10,3,16.13
10000,512,rcfopcitm,10,10,4,16.32
10000,512,rcfopcitm,10,10,5,16.279999999999994
10000,512,rcfopcitm,10,10,6,17.000000000000004
10000,512,rcfopcitm,10,10,7,16.610000000000003
10000,512,rcfopcitm,10,10,8,16.669999999999995
10000,512,rcfopcitm,10,10,9,16.810000000000002
10000,512,rcfopcitm,10,2,0,12.91
10000,512,rcfopcitm,10,2,1,12.749999999999995
10000,512,rcfopcitm,10,2,2,13.139999999999997
10000,512,rcfopcitm,10,2,3,13.249999999999995
10000,512,rcfopcitm,10,2,4,13.160000000000005
10000,512,rcfopcitm,10,2,5,12.91
10000,512,rcfopcitm,10,2,6,12.960000000000004
10000,512,rcfopcitm,10,2,7,13.180000000000003
10000,512,rcfopcitm,10,2,8,13.060000000000006
10000,512,rcfopcitm,10,2,9,12.919999999999998
10000,512,rcfopcitm,10,3,0,12.939999999999996
10000,512,rcfopcitm,10,3,1,12.919999999999998
10000,512,rcfopcitm,10,3,2,12.919999999999998
10000,512,rcfopcitm,10,3,3,12.980000000000002
10000,512,rcfopcitm,10,3,4,12.880000000000003
10000,512,rcfopcitm,10,3,5,12.829999999999997
10000,512,rcfopcitm,10,3,6,13.0
10000,512,rcfopcitm,10,3,7,13.229999999999997
10000,512,rcfopcitm,10,3,8,12.729999999999997
10000,512,rcfopcitm,10,3,9,13.060000000000006
10000,512,rcfopcitm,10,4,0,12.580000000000002
10000,512,rcfopcitm,10,4,1,12.819999999999999
10000,512,rcfopcitm,10,4,2,12.89
10000,512,rcfopcitm,10,4,3,12.990000000000002
10000,512,rcfopcitm,10,4,4,12.770000000000003
10000,512,rcfopcitm,10,4,5,12.870000000000005
10000,512,rcfopcitm,10,4,6,12.680000000000003
10000,512,rcfopcitm,10,4,7,12.819999999999999
10000,512,rcfopcitm,10,4,8,13.209999999999999
10000,512,rcfopcitm,10,4,9,12.829999999999997
10000,512,rcfopcitm,10,5,0,13.360000000000005
10000,512,rcfopcitm,10,5,1,12.819999999999999
10000,512,rcfopcitm,10,5,2,13.160000000000005
10000,512,rcfopcitm,10,5,3,13.049999999999995
10000,512,rcfopcitm,10,5,4,13.11
10000,512,rcfopcitm,10,5,5,13.200000000000001
10000,512,rcfopcitm,10,5,6,13.209999999999999
10000,512,rcfopcitm,10,5,7,13.190000000000001
10000,512,rcfopcitm,10,5,8,12.960000000000004
10000,512,rcfopcitm,10,5,9,12.970000000000004
10000,512,rcfopcitm,10,6,0,13.770000000000005
10000,512,rcfopcitm,10,6,1,13.080000000000002
10000,512,rcfopcitm,10,6,2,13.849999999999996
10000,512,rcfopcitm,10,6,3,13.52
10000,512,rcfopcitm,10,6,4,13.570000000000004
10000,512,rcfopcitm,10,6,5,13.61
10000,512,rcfopcitm,10,6,6,13.52
10000,512,rcfopcitm,10,6,7,13.490000000000002
10000,512,rcfopcitm,10,6,8,13.5
10000,512,rcfopcitm,10,6,9,13.580000000000004
10000,512,rcfopcitm,10,7,0,14.480000000000004
10000,512,rcfopcitm,10,7,1,14.080000000000004
10000,512,rcfopcitm,10,7,2,13.91
10000,512,rcfopcitm,10,7,3,14.539999999999997
10000,512,rcfopcitm,10,7,4,14.349999999999996
10000,512,rcfopcitm,10,7,5,14.719999999999999
10000,512,rcfopcitm,10,7,6,14.71
10000,512,rcfopcitm,10,7,7,13.670000000000005
10000,512,rcfopcitm,10,7,8,14.639999999999997
10000,512,rcfopcitm,10,7,9,14.800000000000002
10000,512,rcfopcitm,10,8,0,15.510000000000002
10000,512,rcfopcitm,10,8,1,15.880000000000006
10000,512,rcfopcitm,10,8,2,15.53
10000,512,rcfopcitm,10,8,3,15.000000000000002
10000,512,rcfopcitm,10,8,4,15.53
10000,512,rcfopcitm,10,8,5,15.300000000000002
10000,512,rcfopcitm,10,8,6,15.53
10000,512,rcfopcitm,10,8,7,15.21
10000,512,rcfopcitm,10,8,8,15.149999999999997
10000,512,rcfopcitm,10,8,9,15.510000000000002
10000,512,rcfopcitm,10,9,0,17.279999999999994
10000,512,rcfopcitm,10,9,1,16.459999999999997
10000,512,rcfopcitm,10,9,2,16.900000000000006
10000,512,rcfopcitm,10,9,3,17.069999999999997
10000,512,rcfopcitm,10,9,4,16.469999999999995
10000,512,rcfopcitm,10,9,5,16.92
10000,512,rcfopcitm,10,9,6,16.110000000000003
10000,512,rcfopcitm,10,9,7,16.439999999999998
10000,512,rcfopcitm,10,9,8,16.800000000000004
10000,512,rcfopcitm,10,9,9,16.82
10000,512,rcfopcitm,12,1,0,13.260000000000005
10000,512,rcfopcitm,12,1,1,13.11
10000,512,rcfopcitm,12,1,2,12.860000000000005
10000,512,rcfopcitm,12,1,3,13.190000000000001
10000,512,rcfopcitm,12,1,4,13.3
10000,512,rcfopcitm,12,1,5,13.260000000000005
10000,512,rcfopcitm,12,1,6,13.460000000000004
10000,512,rcfopcitm,12,1,7,13.0
10000,512,rcfopcitm,12,1,8,13.319999999999999
10000,512,rcfopcitm,12,1,9,13.249999999999995
10000,512,rcfopcitm,12,10,0,16.469999999999995
10000,512,rcfopcitm,12,10,1,16.03
10000,512,rcfopcitm,12,10,2,16.800000000000004
10000,512,rcfopcitm,12,10,3,16.679999999999996
10000,512,rcfopcitm,12,10,4,16.159999999999997
10000,512,rcfopcitm,12,10,5,16.579999999999995
10000,512,rcfopcitm,12,10,6,15.910000000000002
10000,512,rcfopcitm,12,10,7,16.800000000000004
10000,512,rcfopcitm,12,10,8,16.42
10000,512,rcfopcitm,12,10,9,16.830000000000002
10000,512,rcfopcitm,12,2,0,12.639999999999995
10000,512,rcfopcitm,12,2,1,13.019999999999998
10000,512,rcfopcitm,12,2,2,12.839999999999996
10000,512,rcfopcitm,12,2,3,12.470000000000002
10000,512,rcfopcitm,12,2,4,13.080000000000002
10000,512,rcfopcitm,12,2,5,12.780000000000003
10000,512,rcfopcitm,12,2,6,12.860000000000005
10000,512,rcfopcitm,12,2,7,13.260000000000005
10000,512,rcfopcitm,12,2,8,12.990000000000002
10000,512,rcfopcitm,12,2,9,13.070000000000004
10000,512,rcfopcitm,12,3,0,12.819999999999999
10000,512,rcfopcitm,12,3,1,13.049999999999995
10000,512,rcfopcitm,12,3,2,13.070000000000004
10000,512,rcfopcitm,12,3,3,12.570000000000004
10000,512,rcfopcitm,12,3,4,12.649999999999995
10000,512,rcfopcitm,12,3,5,12.729999999999997
10000,512,rcfopcitm,12,3,6,12.719999999999999
10000,512,rcfopcitm,12,3,7,12.839999999999996
10000,512,rcfopcitm,12,3,8,12.570000000000004
10000,512,rcfopcitm,12,3,9,12.960000000000004
10000,512,rcfopcitm,12,4,0,12.860000000000005
10000,512,rcfopcitm,12,4,1,12.480000000000002
10000,512,rcfopcitm,12,4,2,13.01
10000,512,rcfopcitm,12,4,3,13.0
10000,512,rcfopcitm,12,4,4,13.149999999999995
10000,512,rcfopcitm,12,4,5,12.729999999999997
10000,512,rcfopcitm,12,4,6,12.819999999999999
10000,512,rcfopcitm,12,4,7,13.060000000000006
10000,512,rcfopcitm,12,4,8,12.490000000000002
10000,512,rcfopcitm,12,4,9,12.690000000000001
10000,512,rcfopcitm,12,5,0,13.260000000000005
10000,512,rcfopcitm,12,5,1,13.339999999999996
10000,512,rcfopcitm,12,5,2,13.339999999999996
10000,512,rcfopcitm,12,5,3,13.51
10000,512,rcfopcitm,12,5,4,13.900000000000002
10000,512,rcfopcitm,12,5,5,13.349999999999994
10000,512,rcfopcitm,12,5,6,13.260000000000005
10000,512,rcfopcitm,12,5,7,13.360000000000005
10000,512,rcfopcitm,12,5,8,13.290000000000003
10000,512,rcfopcitm,12,5,9,13.390000000000002
10000,512,rcfopcitm,12,6,0,13.970000000000004
10000,512,rcfopcitm,12,6,1,13.61
10000,512,rcfopcitm,12,6,2,14.449999999999996
10000,512,rcfopcitm,12,6,3,13.949999999999996
10000,512,rcfopcitm,12,6,4,14.349999999999996
10000,512,rcfopcitm,12,6,5,14.080000000000004
10000,512,rcfopcitm,12,6,6,15.159999999999997
10000,512,rcfopcitm,12,6,7,13.890000000000002
10000,512,rcfopcitm,12,6,8,14.259999999999994
10000,512,rcfopcitm,12,6,9,14.339999999999996
10000,512,rcfopcitm,12,7,0,15.410000000000002
10000,512,rcfopcitm,12,7,1,15.54
10000,512,rcfopcitm,12,7,2,15.290000000000003
10000,512,rcfopcitm,12,7,3,15.310000000000002
10000,512,rcfopcitm,12,7,4,15.390000000000004
10000,512,rcfopcitm,12,7,5,15.600000000000003
10000,512,rcfopcitm,12,7,6,15.52
10000,512,rcfopcitm,12,7,7,15.559999999999995
10000,512,rcfopcitm,12,7,8,15.639999999999999
10000,512,rcfopcitm,12,7,9,15.349999999999998
10000,512,rcfopcitm,12,8,0,17.15
10000,512,rcfopcitm,12,8,1,17.820000000000004
10000,512,rcfopcitm,12,8,2,17.179999999999996
10000,512,rcfopcitm,12,8,3,16.830000000000002
10000,512,rcfopcitm,12,8,4,17.43
10000,512,rcfopcitm,12,8,5,17.959999999999997
10000,512,rcfopcitm,12,8,6,17.110000000000003
10000,512,rcfopcitm,12,8,7,16.830000000000002
10000,512,rcfopcitm,12,8,8,17.369999999999997
10000,512,rcfopcitm,12,8,9,16.82
10000,512,rcfopcitm,12,9,0,16.249999999999996
10000,512,rcfopcitm,12,9,1,16.459999999999997
10000,512,rcfopcitm,12,9,2,15.790000000000004
10000,512,rcfopcitm,12,9,3,16.84
10000,512,rcfopcitm,12,9,4,16.03
10000,512,rcfopcitm,12,9,5,16.34
10000,512,rcfopcitm,12,9,6,15.849999999999998
10000,512,rcfopcitm,12,9,7,16.549999999999997
10000,512,rcfopcitm,12,9,8,16.34
10000,512,rcfopcitm,12,9,9,16.279999999999994
10000,512,rcfopcitm,2,1,0,13.62
10000,512,rcfopcitm,2,1,1,13.859999999999994
10000,512,rcfopcitm,2,1,2,13.749999999999996
10000,512,rcfopcitm,2,1,3,13.970000000000004
10000,512,rcfopcitm,2,1,4,13.849999999999996
10000,512,rcfopcitm,2,1,5,13.8
10000,512,rcfopcitm,2,1,6,13.859999999999994
10000,512,rcfopcitm,2,1,7,13.770000000000005
10000,512,rcfopcitm,2,1,8,13.829999999999998
10000,512,rcfopcitm,2,1,9,13.990000000000002
10000,512,rcfopcitm,2,10,0,14.11
10000,512,rcfopcitm,2,10,1,14.629999999999999
10000,512,rcfopcitm,2,10,2,14.32
10000,512,rcfopcitm,2,10,3,14.610000000000001
10000,512,rcfopcitm,2,10,4,14.219999999999999
10000,512,rcfopcitm,2,10,5,14.770000000000005
10000,512,rcfopcitm,2,10,6,14.290000000000003
10000,512,rcfopcitm,2,10,7,14.490000000000002
10000,512,rcfopcitm,2,10,8,14.649999999999997
10000,512,rcfopcitm,2,10,9,14.739999999999998
10000,512,rcfopcitm,2,2,0,14.129999999999999
10000,512,rcfopcitm,2,2,1,13.919999999999998
10000,512,rcfopcitm,2,2,2,13.829999999999998
10000,512,rcfopcitm,2,2,3,13.829999999999998
10000,512,rcfopcitm,2,2,4,13.780000000000003
10000,512,rcfopcitm,2,2,5,13.639999999999997
10000,512,rcfopcitm,2,2,6,13.8
10000,512,rcfopcitm,2,2,7,13.980000000000004
10000,512,rcfopcitm,2,2,8,14.000000000000002
10000,512,rcfopcitm,2,2,9,13.8
10000,512,rcfopcitm,2,3,0,13.660000000000005
10000,512,rcfopcitm,2,3,1,14.190000000000003
10000,512,rcfopcitm,2,3,2,13.839999999999996
10000,512,rcfopcitm,2,3,3,13.590000000000002
10000,512,rcfopcitm,2,3,4,13.8
10000,512,rcfopcitm,2,3,5,13.680000000000003
10000,512,rcfopcitm,2,3,6,13.900000000000002
10000,512,rcfopcitm,2,3,7,13.870000000000005
10000,512,rcfopcitm,2,3,8,14.170000000000005
10000,512,rcfopcitm,2,3,9,13.780000000000003
10000,512,rcfopcitm,2,4,0,13.919999999999998
10000,512,rcfopcitm,2,4,1,14.249999999999996
10000,512,rcfopcitm,2,4,2,13.870000000000005
10000,512,rcfopcitm,2,4,3,14.100000000000001
10000,512,rcfopcitm,2,4,4,13.780000000000003
10000,512,rcfopcitm,2,4,5,13.690000000000001
10000,512,rcfopcitm,2,4,6,13.719999999999999
10000,512,rcfopcitm,2,4,7,13.560000000000006
10000,512,rcfopcitm,2,4,8,13.880000000000003
10000,512,rcfopcitm,2,4,9,13.5
10000,512,rcfopcitm,2,5,0,13.649999999999995
10000,512,rcfopcitm,2,5,1,14.259999999999994
10000,512,rcfopcitm,2,5,2,13.81
10000,512,rcfopcitm,2,5,3,13.880000000000003
10000,512,rcfopcitm,2,5,4,13.939999999999998
10000,512,rcfopcitm,2,5,5,13.690000000000001
10000,512,rcfopcitm,2,5,6,13.829999999999998
10000,512,rcfopcitm,2,5,7,13.939999999999998
10000,512,rcfopcitm,2,5,8,14.11
10000,512,rcfopcitm,2,5,9,13.51
10000,512,rcfopcitm,2,6,0,13.980000000000004
10000,512,rcfopcitm,2,6,1,13.859999999999994
10000,512,rcfopcitm,2,6,2,13.929999999999998
10000,512,rcfopcitm,2,6,3,14.029999999999998
10000,512,rcfopcitm,2,6,4,14.370000000000005
10000,512,rcfopcitm,2,6,5,14.080000000000004
10000,512,rcfopcitm,2,6,6,14.500000000000002
10000,512,rcfopcitm,2,6,7,14.170000000000005
10000,512,rcfopcitm,2,6,8,14.170000000000005
10000,512,rcfopcitm,2,6,9,13.81
10000,512,rcfopcitm,2,7,0,14.239999999999997
10000,512,rcfopcitm,2,7,1,14.129999999999999
10000,512,rcfopcitm,2,7,2,14.429999999999998
10000,512,rcfopcitm,2,7,3,14.100000000000001
10000,512,rcfopcitm,2,7,4,13.849999999999996
10000,512,rcfopcitm,2,7,5,14.359999999999996
10000,512,rcfopcitm,2,7,6,13.729999999999997
10000,512,rcfopcitm,2,7,7,13.959999999999994
10000,512,rcfopcitm,2,7,8,14.400000000000002
10000,512,rcfopcitm,2,7,9,13.849999999999996
10000,512,rcfopcitm,2,8,0,14.380000000000004
10000,512,rcfopcitm,2,8,1,14.590000000000003
10000,512,rcfopcitm,2,8,2,13.919999999999998
10000,512,rcfopcitm,2,8,3,14.12
10000,512,rcfopcitm,2,8,4,14.12
10000,512,rcfopcitm,2,8,5,14.610000000000001
10000,512,rcfopcitm,2,8,6,14.000000000000002
10000,512,rcfopcitm,2,8,7,14.349999999999996
10000,512,rcfopcitm,2,8,8,13.890000000000002
10000,512,rcfopcitm,2,8,9,13.890000000000002
10000,512,rcfopcitm,2,9,0,14.059999999999995
10000,512,rcfopcitm,2,9,1,14.780000000000005
10000,512,rcfopcitm,2,9,2,14.429999999999998
10000,512,rcfopcitm,2,9,3,14.670000000000005
10000,512,rcfopcitm,2,9,4,13.919999999999998
10000,512,rcfopcitm,2,9,5,14.200000000000001
10000,512,rcfopcitm,2,9,6,14.590000000000003
10000,512,rcfopcitm,2,9,7,14.429999999999998
10000,512,rcfopcitm,2,9,8,13.929999999999998
10000,512,rcfopcitm,2,9,9,14.139999999999997
10000,512,rcfopcitm,3,1,0,13.790000000000003
10000,512,rcfopcitm,3,1,1,13.729999999999997
10000,512,rcfopcitm,3,1,2,13.600000000000001
10000,512,rcfopcitm,3,1,3,14.039999999999997
10000,512,rcfopcitm,3,1,4,13.929999999999998
10000,512,rcfopcitm,3,1,5,13.870000000000005
10000,512,rcfopcitm,3,1,6,13.780000000000003
10000,512,rcfopcitm,3,1,7,13.819999999999999
10000,512,rcfopcitm,3,1,8,13.829999999999998
10000,512,rcfopcitm,3,1,9,14.100000000000001
10000,512,rcfopcitm,3,10,0,14.429999999999998
10000,512,rcfopcitm,3,10,1,14.900000000000002
10000,512,rcfopcitm,3,10,2,14.270000000000005
10000,512,rcfopcitm,3,10,3,14.639999999999997
10000,512,rcfopcitm,3,10,4,14.3
10000,512,rcfopcitm,3,10,5,14.639999999999997
10000,512,rcfopcitm,3,10,6,14.31
10000,512,rcfopcitm,3,10,7,14.590000000000003
10000,512,rcfopcitm,3,10,8,14.249999999999996
10000,512,rcfopcitm,3,10,9,14.610000000000001
10000,512,rcfopcitm,3,2,0,13.990000000000002
10000,512,rcfopcitm,3,2,1,13.700000000000001
10000,512,rcfopcitm,3,2,2,13.959999999999994
10000,512,rcfopcitm,3,2,3,13.62
10000,512,rcfopcitm,3,2,4,13.819999999999999
10000,512,rcfopcitm,3,2,5,13.919999999999998
10000,512,rcfopcitm,3,2,6,14.159999999999995
10000,512,rcfopcitm,3,2,7,13.890000000000002
10000,512,rcfopcitm,3,2,8,13.680000000000003
10000,512,rcfopcitm,3,2,9,13.600000000000001
10000,512,rcfopcitm,3,3,0,13.71
10000,512,rcfopcitm,3,3,1,13.980000000000004
10000,512,rcfopcitm,3,3,2,13.900000000000002
10000,512,rcfopcitm,3,3,3,14.01
10000,512,rcfopcitm,3,3,4,13.749999999999996
10000,512,rcfopcitm,3,3,5,13.859999999999994
10000,512,rcfopcitm,3,3,6,14.170000000000005
10000,512,rcfopcitm,3,3,7,13.580000000000004
10000,512,rcfopcitm,3,3,8,13.790000000000003
10000,512,rcfopcitm,3,3,9,13.570000000000004
10000,512,rcfopcitm,3,4,0,13.870000000000005
10000,512,rcfopcitm,3,4,1,13.849999999999996
10000,512,rcfopcitm,3,4,2,13.880000000000003
10000,512,rcfopcitm,3,4,3,14.129999999999999
10000,512,rcfopcitm,3,4,4,13.819999999999999
10000,512,rcfopcitm,3,4,5,13.929999999999998
10000,512,rcfopcitm,3,4,6,13.929999999999998
10000,512,rcfopcitm,3,4,7,13.990000000000002
10000,512,rcfopcitm,3,4,8,13.739999999999997
10000,512,rcfopcitm,3,4,9,14.12
10000,512,rcfopcitm,3,5,0,14.12
10000,512,rcfopcitm,3,5,1,13.959999999999994
10000,512,rcfopcitm,3,5,2,13.649999999999995
10000,512,rcfopcitm,3,5,3,13.959999999999994
10000,512,rcfopcitm,3,5,4,14.259999999999994
10000,512,rcfopcitm,3,5,5,13.890000000000002
10000,512,rcfopcitm,3,5,6,14.090000000000003
10000,512,rcfopcitm,3,5,7,13.970000000000004
10000,512,rcfopcitm,3,5,8,14.029999999999998
10000,512,rcfopcitm,3,5,9,14.100000000000001
10000,512,rcfopcitm,3,6,0,14.449999999999996
10000,512,rcfopcitm,3,6,1,14.159999999999995
10000,512,rcfopcitm,3,6,2,13.949999999999996
10000,512,rcfopcitm,3,6,3,14.500000000000002
10000,512,rcfopcitm,3,6,4,13.790000000000003
10000,512,rcfopcitm,3,6,5,13.939999999999998
10000,512,rcfopcitm,3,6,6,14.349999999999996
10000,512,rcfopcitm,3,6,7,14.159999999999995
10000,512,rcfopcitm,3,6,8,14.239999999999997
10000,512,rcfopcitm,3,6,9,14.049999999999995
10000,512,rcfopcitm,3,7,0,14.42
10000,512,rcfopcitm,3,7,1,14.259999999999994
10000,512,rcfopcitm,3,7,2,14.670000000000005
10000,512,rcfopcitm,3,7,3,14.539999999999997
10000,512,rcfopcitm,3,7,4,14.31
10000,512,rcfopcitm,3,7,5,14.229999999999999
10000,512,rcfopcitm,3,7,6,14.180000000000003
10000,512,rcfopcitm,3,7,7,14.070000000000004
10000,512,rcfopcitm,3,7,8,14.390000000000002
10000,512,rcfopcitm,3,7,9,14.170000000000005
10000,512,rcfopcitm,3,8,0,14.31
10000,512,rcfopcitm,3,8,1,14.229999999999999
10000,512,rcfopcitm,3,8,2,14.3
10000,512,rcfopcitm,3,8,3,14.610000000000001
10000,512,rcfopcitm,3,8,4,14.3
10000,512,rcfopcitm,3,8,5,14.149999999999995
10000,512,rcfopcitm,3,8,6,14.600000000000001
10000,512,rcfopcitm,3,8,7,14.139999999999997
10000,512,rcfopcitm,3,8,8,14.249999999999996
10000,512,rcfopcitm,3,8,9,14.62
10000,512,rcfopcitm,3,9,0,14.329999999999998
10000,512,rcfopcitm,3,9,1,14.649999999999997
10000,512,rcfopcitm,3,9,2,14.100000000000001
10000,512,rcfopcitm,3,9,3,14.510000000000002
10000,512,rcfopcitm,3,9,4,14.749999999999996
10000,512,rcfopcitm,3,9,5,14.510000000000002
10000,512,rcfopcitm,3,9,6,14.070000000000004
10000,512,rcfopcitm,3,9,7,14.770000000000005
10000,512,rcfopcitm,3,9,8,14.3
10000,512,rcfopcitm,3,9,9,14.039999999999997
10000,512,rcfopcitm,5,1,0,13.41
10000,512,rcfopcitm,5,1,1,13.580000000000004
10000,512,rcfopcitm,5,1,2,13.560000000000006
10000,512,rcfopcitm,5,1,3,13.859999999999994
10000,512,rcfopcitm,5,1,4,13.390000000000002
10000,512,rcfopcitm,5,1,5,13.61
10000,512,rcfopcitm,5,1,6,13.600000000000001
10000,512,rcfopcitm,5,1,7,13.439999999999996
10000,512,rcfopcitm,5,1,8,13.590000000000002
10000,512,rcfopcitm,5,1,9,13.959999999999994
10000,512,rcfopcitm,5,10,0,14.329999999999998
10000,512,rcfopcitm,5,10,1,14.559999999999995
10000,512,rcfopcitm,5,10,2,14.549999999999997
10000,512,rcfopcitm,5,10,3,14.070000000000004
10000,512,rcfopcitm,5,10,4,13.990000000000002
10000,512,rcfopcitm,5,10,5,14.429999999999998
10000,512,rcfopcitm,5,10,6,14.12
10000,512,rcfopcitm,5,10,7,14.039999999999997
10000,512,rcfopcitm,5,10,8,14.070000000000004
10000,512,rcfopcitm,5,10,9,14.52
10000,512,rcfopcitm,5,2,0,13.429999999999998
10000,512,rcfopcitm,5,2,1,13.360000000000005
10000,512,rcfopcitm,5,2,2,13.339999999999996
10000,512,rcfopcitm,5,2,3,13.539999999999996
10000,512,rcfopcitm,5,2,4,13.470000000000004
10000,512,rcfopcitm,5,2,5,13.929999999999998
10000,512,rcfopcitm,5,2,6,13.52
10000,512,rcfopcitm,5,2,7,13.239999999999997
10000,512,rcfopcitm,5,2,8,13.380000000000003
10000,512,rcfopcitm,5,2,9,13.4
10000,512,rcfopcitm,5,3,0,13.739999999999997
10000,512,rcfopcitm,5,3,1,13.470000000000004
10000,512,rcfopcitm,5,3,2,13.680000000000003
10000,512,rcfopcitm,5,3,3,13.549999999999995
10000,512,rcfopcitm,5,3,4,13.71
10000,512,rcfopcitm,5,3,5,13.370000000000005
10000,512,rcfopcitm,5,3,6,13.460000000000004
10000,512,rcfopcitm,5,3,7,13.439999999999996
10000,512,rcfopcitm,5,3,8,13.460000000000004
10000,512,rcfopcitm,5,3,9,13.290000000000003
10000,512,rcfopcitm,5,4,0,13.439999999999996
10000,512,rcfopcitm,5,4,1,13.449999999999996
10000,512,rcfopcitm,5,4,2,13.959999999999994
10000,512,rcfopcitm,5,4,3,13.5
10000,512,rcfopcitm,5,4,4,13.719999999999999
10000,512,rcfopcitm,5,4,5,13.449999999999996
10000,512,rcfopcitm,5,4,6,13.749999999999996
10000,512,rcfopcitm,5,4,7,13.490000000000002
10000,512,rcfopcitm,5,4,8,13.759999999999994
10000,512,rcfopcitm,5,4,9,13.460000000000004
10000,512,rcfopcitm,5,5,0,14.12
10000,512,rcfopcitm,5,5,1,13.460000000000004
10000,512,rcfopcitm,5,5,2,13.600000000000001
10000,512,rcfopcitm,5,5,3,13.759999999999994
10000,512,rcfopcitm,5,5,4,13.549999999999995
10000,512,rcfopcitm,5,5,5,13.480000000000004
10000,512,rcfopcitm,5,5,6,13.849999999999996
10000,512,rcfopcitm,5,5,7,13.470000000000004
10000,512,rcfopcitm,5,5,8,13.460000000000004
10000,512,rcfopcitm,5,5,9,13.770000000000005
10000,512,rcfopcitm,5,6,0,13.819999999999999
10000,512,rcfopcitm,5,6,1,13.539999999999996
10000,512,rcfopcitm,5,6,2,13.660000000000005
10000,512,rcfopcitm,5,6,3,13.939999999999998
10000,512,rcfopcitm,5,6,4,13.819999999999999
10000,512,rcfopcitm,5,6,5,13.449999999999996
10000,512,rcfopcitm,5,6,6,13.859999999999994
10000,512,rcfopcitm,5,6,7,13.62
10000,512,rcfopcitm,5,6,8,13.759999999999994
10000,512,rcfopcitm,5,6,9,13.81
10000,512,rcfopcitm,5,7,0,13.590000000000002
10000,512,rcfopcitm,5,7,1,14.000000000000002
10000,512,rcfopcitm,5,7,2,13.71
10000,512,rcfopcitm,5,7,3,13.980000000000004
10000,512,rcfopcitm,5,7,4,13.970000000000004
10000,512,rcfopcitm,5,7,5,13.580000000000004
10000,512,rcfopcitm,5,7,6,13.529999999999998
10000,512,rcfopcitm,5,7,7,13.929999999999998
10000,512,rcfopcitm,5,7,8,13.690000000000001
10000,512,rcfopcitm,5,7,9,13.880000000000003
10000,512,rcfopcitm,5,8,0,13.71
10000,512,rcfopcitm,5,8,1,13.329999999999998
10000,512,rcfopcitm,5,8,2,13.480000000000004
10000,512,rcfopcitm,5,8,3,13.560000000000006
10000,512,rcfopcitm,5,8,4,13.839999999999996
10000,512,rcfopcitm,5,8,5,13.729999999999997
10000,512,rcfopcitm,5,8,6,13.649999999999995
10000,512,rcfopcitm,5,8,7,13.309999999999999
10000,512,rcfopcitm,5,8,8,13.549999999999995
10000,512,rcfopcitm,5,8,9,14.000000000000002
10000,512,rcfopcitm,5,9,0,13.429999999999998
10000,512,rcfopcitm,5,9,1,13.349999999999994
10000,512,rcfopcitm,5,9,2,13.990000000000002
10000,512,rcfopcitm,5,9,3,13.480000000000004
10000,512,rcfopcitm,5,9,4,13.8
10000,512,rcfopcitm,5,9,5,13.570000000000004
10000,512,rcfopcitm,5,9,6,13.52
10000,512,rcfopcitm,5,9,7,13.739999999999997
10000,512,rcfopcitm,5,9,8,13.639999999999997
10000,512,rcfopcitm,5,9,9,13.260000000000005
10000,512,rcfopcitm,7,1,0,13.670000000000005
10000,512,rcfopcitm,7,1,1,13.539999999999996
10000,512,rcfopcitm,7,1,2,13.229999999999997
10000,512,rcfopcitm,7,1,3,13.529999999999998
10000,512,rcfopcitm,7,1,4,13.239999999999997
10000,512,rcfopcitm,7,1,5,13.200000000000001
10000,512,rcfopcitm,7,1,6,13.349999999999994
10000,512,rcfopcitm,7,1,7,13.019999999999998
10000,512,rcfopcitm,7,1,8,13.639999999999997
10000,512,rcfopcitm,7,1,9,13.41
10000,512,rcfopcitm,7,10,0,15.559999999999995
10000,512,rcfopcitm,7,10,1,15.510000000000002
10000,512,rcfopcitm,7,10,2,15.580000000000005
10000,512,rcfopcitm,7,10,3,15.120000000000001
10000,512,rcfopcitm,7,10,4,15.390000000000004
10000,512,rcfopcitm,7,10,5,15.169999999999995
10000,512,rcfopcitm,7,10,6,15.32
10000,512,rcfopcitm,7,10,7,15.549999999999997
10000,512,rcfopcitm,7,10,8,15.359999999999996
10000,512,rcfopcitm,7,10,9,15.159999999999997
10000,512,rcfopcitm,7,2,0,12.980000000000002
10000,512,rcfopcitm,7,2,1,13.209999999999999
10000,512,rcfopcitm,7,2,2,13.060000000000006
10000,512,rcfopcitm,7,2,3,13.270000000000003
10000,512,rcfopcitm,7,2,4,13.270000000000003
10000,512,rcfopcitm,7,2,5,13.649999999999995
10000,512,rcfopcitm,7,2,6,13.209999999999999
10000,512,rcfopcitm,7,2,7,12.970000000000004
10000,512,rcfopcitm,7,2,8,13.3
10000,512,rcfopcitm,7,2,9,13.390000000000002
10000,512,rcfopcitm,7,3,0,13.419999999999998
10000,512,rcfopcitm,7,3,1,13.390000000000002
10000,512,rcfopcitm,7,3,2,13.200000000000001
10000,512,rcfopcitm,7,3,3,13.119999999999997
10000,512,rcfopcitm,7,3,4,13.5
10000,512,rcfopcitm,7,3,5,13.070000000000004
10000,512,rcfopcitm,7,3,6,12.89
10000,512,rcfopcitm,7,3,7,13.190000000000001
10000,512,rcfopcitm,7,3,8,13.419999999999998
10000,512,rcfopcitm,7,3,9,13.419999999999998
10000,512,rcfopcitm,7,4,0,13.190000000000001
10000,512,rcfopcitm,7,4,1,13.149999999999995
10000,512,rcfopcitm,7,4,2,13.439999999999996
10000,512,rcfopcitm,7,4,3,13.3
10000,512,rcfopcitm,7,4,4,13.529999999999998
10000,512,rcfopcitm,7,4,5,13.41
10000,512,rcfopcitm,7,4,6,13.060000000000006
10000,512,rcfopcitm,7,4,7,12.980000000000002
10000,512,rcfopcitm,7,4,8,13.329999999999998
10000,512,rcfopcitm,7,4,9,13.209999999999999
10000,512,rcfopcitm,7,5,0,13.370000000000005
10000,512,rcfopcitm,7,5,1,13.260000000000005
10000,512,rcfopcitm,7,5,2,13.329999999999998
10000,512,rcfopcitm,7,5,3,13.309999999999999
10000,512,rcfopcitm,7,5,4,13.070000000000004
10000,512,rcfopcitm,7,5,5,13.429999999999998
10000,512,rcfopcitm,7,5,6,13.370000000000005
10000,512,rcfopcitm,7,5,7,12.819999999999999
10000,512,rcfopcitm,7,5,8,12.980000000000002
10000,512,rcfopcitm,7,5,9,13.290000000000003
10000,512,rcfopcitm,7,6,0,13.019999999999998
10000,512,rcfopcitm,7,6,1,13.170000000000003
10000,512,rcfopcitm,7,6,2,13.029999999999998
10000,512,rcfopcitm,7,6,3,13.209999999999999
10000,512,rcfopcitm,7,6,4,13.11
10000,512,rcfopcitm,7,6,5,13.11
10000,512,rcfopcitm,7,6,6,12.829999999999997
10000,512,rcfopcitm,7,6,7,13.200000000000001
10000,512,rcfopcitm,7,6,8,12.9
10000,512,rcfopcitm,7,6,9,13.370000000000005
10000,512,rcfopcitm,7,7,0,13.380000000000003
10000,512,rcfopcitm,7,7,1,13.360000000000005
10000,512,rcfopcitm,7,7,2,13.3
10000,512,rcfopcitm,7,7,3,13.41
10000,512,rcfopcitm,7,7,4,13.270000000000003
10000,512,rcfopcitm,7,7,5,13.280000000000003
10000,512,rcfopcitm,7,7,6,13.239999999999997
10000,512,rcfopcitm,7,7,7,13.749999999999996
10000,512,rcfopcitm,7,7,8,13.160000000000005
10000,512,rcfopcitm,7,7,9,13.980000000000004
10000,512,rcfopcitm,7,8,0,14.11
10000,512,rcfopcitm,7,8,1,13.870000000000005
10000,512,rcfopcitm,7,8,2,13.580000000000004
10000,512,rcfopcitm,7,8,3,13.770000000000005
10000,512,rcfopcitm,7,8,4,13.529999999999998
10000,512,rcfopcitm,7,8,5,13.980000000000004
10000,512,rcfopcitm,7,8,6,14.049999999999995
10000,512,rcfopcitm,7,8,7,13.8
10000,512,rcfopcitm,7,8,8,13.490000000000002
10000,512,rcfopcitm,7,8,9,13.570000000000004
10000,512,rcfopcitm,7,9,0,14.229999999999999
10000,512,rcfopcitm,7,9,1,14.770000000000005
10000,512,rcfopcitm,7,9,2,14.190000000000003
10000,512,rcfopcitm,7,9,3,14.839999999999998
10000,512,rcfopcitm,7,9,4,14.490000000000002
10000,512,rcfopcitm,7,9,5,14.790000000000003
10000,512,rcfopcitm,7,9,6,14.600000000000001
10000,512,rcfopcitm,7,9,7,14.239999999999997
10000,512,rcfopcitm,7,9,8,14.639999999999997
10000,512,rcfopcitm,7,9,9,14.570000000000006
10000,64,fwd,,,0,13.62
10000,64,fwd,,,1,13.739999999999997
10000,64,fwd,,,2,13.239999999999997
10000,64,fwd,,,3,13.670000000000005
10000,64,fwd,,,4,13.460000000000004
10000,64,fwd,,,5,13.929999999999998
10000,64,fwd,,,6,13.590000000000002
10000,64,fwd,,,7,13.690000000000001
10000,64,fwd,,,8,13.429999999999998
10000,64,fwd,,,9,13.639999999999997
10000,64,rcfopcitm,10,1,0,13.529999999999998
10000,64,rcfopcitm,10,1,1,13.890000000000002
10000,64,rcfopcitm,10,1,2,13.529999999999998
10000,64,rcfopcitm,10,1,3,13.770000000000005
10000,64,rcfopcitm,10,1,4,13.880000000000003
10000,64,rcfopcitm,10,1,5,13.629999999999997
10000,64,rcfopcitm,10,1,6,13.449999999999996
10000,64,rcfopcitm,10,1,7,13.41
10000,64,rcfopcitm,10,1,8,13.959999999999994
10000,64,rcfopcitm,10,1,9,13.680000000000003
10000,64,rcfopcitm,10,10,0,19.299999999999994
10000,64,rcfopcitm,10,10,1,18.54
10000,64,rcfopcitm,10,10,2,19.120000000000005
10000,64,rcfopcitm,10,10,3,19.220000000000002
10000,64,rcfopcitm,10,10,4,19.820000000000004
10000,64,rcfopcitm,10,10,5,19.650000000000002
10000,64,rcfopcitm,10,10,6,18.300000000000004
10000,64,rcfopcitm,10,10,7,19.44
10000,64,rcfopcitm,10,10,8,19.089999999999996
10000,64,rcfopcitm,10,10,9,18.979999999999997
10000,64,rcfopcitm,10,2,0,13.919999999999998
10000,64,rcfopcitm,10,2,1,13.929999999999998
10000,64,rcfopcitm,10,2,2,14.029999999999998
10000,64,rcfopcitm,10,2,3,14.249999999999996
10000,64,rcfopcitm,10,2,4,14.549999999999997
10000,64,rcfopcitm,10,2,5,13.770000000000005
10000,64,rcfopcitm,10,2,6,13.560000000000006
10000,64,rcfopcitm,10,2,7,14.039999999999997
10000,64,rcfopcitm,10,2,8,14.180000000000003
10000,64,rcfopcitm,10,2,9,14.059999999999995
10000,64,rcfopcitm,10,3,0,14.029999999999998
10000,64,rcfopcitm,10,3,1,14.500000000000002
10000,64,rcfopcitm,10,3,2,14.970000000000006
10000,64,rcfopcitm,10,3,3,14.870000000000005
10000,64,rcfopcitm,10,3,4,14.439999999999998
10000,64,rcfopcitm,10,3,5,14.800000000000002
10000,64,rcfopcitm,10,3,6,14.81
10000,64,rcfopcitm,10,3,7,14.829999999999998
10000,64,rcfopcitm,10,3,8,14.890000000000004
10000,64,rcfopcitm,10,3,9,14.890000000000004
10000,64,rcfopcitm,10,4,0,15.100000000000001
10000,64,rcfopcitm,10,4,1,15.880000000000006
10000,64,rcfopcitm,10,4,2,15.910000000000002
10000,64,rcfopcitm,10,4,3,15.639999999999999
10000,64,rcfopcitm,10,4,4,15.690000000000005
10000,64,rcfopcitm,10,4,5,16.190000000000005
10000,64,rcfopcitm,10,4,6,15.900000000000002
10000,64,rcfopcitm,10,4,7,15.610000000000001
10000,64,rcfopcitm,10,4,8,15.990000000000004
10000,64,rcfopcitm,10,4,9,16.500000000000004
10000,64,rcfopcitm,10,5,0,20.020000000000003
10000,64,rcfopcitm,10,5,1,18.56
10000,64,rcfopcitm,10,5,2,18.53
10000,64,rcfopcitm,10,5,3,18.569999999999997
10000,64,rcfopcitm,10,5,4,19.259999999999998
10000,64,rcfopcitm,10,5,5,19.299999999999994
10000,64,rcfopcitm,10,5,6,18.120000000000005
10000,64,rcfopcitm,10,5,7,18.25
10000,64,rcfopcitm,10,5,8,18.779999999999998
10000,64,rcfopcitm,10,5,9,19.44
10000,64,rcfopcitm,10,6,0,20.220000000000006
10000,64,rcfopcitm,10,6,1,19.199999999999996
10000,64,rcfopcitm,10,6,2,19.27
10000,64,rcfopcitm,10,6,3,19.589999999999996
10000,64,rcfopcitm,10,6,4,18.600000000000005
10000,64,rcfopcitm,10,6,5,18.989999999999995
10000,64,rcfopcitm,10,6,6,19.820000000000004
10000,64,rcfopcitm,10,6,7,18.979999999999997
10000,64,rcfopcitm,10,6,8,19.36
10000,64,rcfopcitm,10,6,9,19.77
10000,64,rcfopcitm,10,7,0,19.410000000000004
10000,64,rcfopcitm,10,7,1,20.199999999999996
10000,64,rcfopcitm,10,7,2,18.989999999999995
10000,64,rcfopcitm,10,7,3,19.699999999999996
10000,64,rcfopcitm,10,7,4,19.179999999999996
10000,64,rcfopcitm,10,7,5,20.35
10000,64,rcfopcitm,10,7,6,19.310000000000006
10000,64,rcfopcitm,10,7,7,19.369999999999997
10000,64,rcfopcitm,10,7,8,19.86
10000,64,rcfopcitm,10,7,9,19.399999999999995
10000,64,rcfopcitm,10,8,0,19.279999999999998
10000,64,rcfopcitm,10,8,1,19.930000000000003
10000,64,rcfopcitm,10,8,2,19.94
10000,64,rcfopcitm,10,8,3,20.220000000000006
10000,64,rcfopcitm,10,8,4,19.369999999999997
10000,64,rcfopcitm,10,8,5,18.389999999999993
10000,64,rcfopcitm,10,8,6,19.15
10000,64,rcfopcitm,10,8,7,19.540000000000003
10000,64,rcfopcitm,10,8,8,18.610000000000003
10000,64,rcfopcitm,10,8,9,18.810000000000006
10000,64,rcfopcitm,10,9,0,19.299999999999994
10000,64,rcfopcitm,10,9,1,19.279999999999998
10000,64,rcfopcitm,10,9,2,19.14
10000,64,rcfopcitm,10,9,3,18.94
10000,64,rcfopcitm,10,9,4,19.810000000000006
10000,64,rcfopcitm,10,9,5,18.84
10000,64,rcfopcitm,10,9,6,18.75
10000,64,rcfopcitm,10,9,7,18.730000000000004
10000,64,rcfopcitm,10,9,8,18.94
10000,64,rcfopcitm,10,9,9,18.910000000000004
10000,64,rcfopcitm,12,1,0,13.62
10000,64,rcfopcitm,12,1,1,13.849999999999996
10000,64,rcfopcitm,12,1,2,13.759999999999994
10000,64,rcfopcitm,12,1,3,14.029999999999998
10000,64,rcfopcitm,12,1,4,14.000000000000002
10000,64,rcfopcitm,12,1,5,13.360000000000005
10000,64,rcfopcitm,12,1,6,13.739999999999997
10000,64,rcfopcitm,12,1,7,13.81
10000,64,rcfopcitm,12,1,8,13.829999999999998
10000,64,rcfopcitm,12,1,9,13.959999999999994
10000,64,rcfopcitm,12,10,0,18.589999999999996
10000,64,rcfopcitm,12,10,1,18.759999999999998
10000,64,rcfopcitm,12,10,2,20.040000000000003
10000,64,rcfopcitm,12,10,3,19.320000000000004
10000,64,rcfopcitm,12,10,4,19.299999999999994
10000,64,rcfopcitm,12,10,5,18.84
10000,64,rcfopcitm,12,10,6,18.379999999999995
10000,64,rcfopcitm,12,10,7,18.95
10000,64,rcfopcitm,12,10,8,18.36
10000,64,rcfopcitm,12,10,9,19.020000000000003
10000,64,rcfopcitm,12,2,0,14.790000000000003
10000,64,rcfopcitm,12,2,1,14.380000000000004
10000,64,rcfopcitm,12,2,2,14.690000000000003
10000,64,rcfopcitm,12,2,3,14.529999999999998
10000,64,rcfopcitm,12,2,4,14.259999999999994
10000,64,rcfopcitm,12,2,5,14.380000000000004
10000,64,rcfopcitm,12,2,6,14.129999999999999
10000,64,rcfopcitm,12,2,7,14.639999999999997
10000,64,rcfopcitm,12,2,8,14.500000000000002
10000,64,rcfopcitm,12,2,9,13.639999999999997
10000,64,rcfopcitm,12,3,0,15.72
10000,64,rcfopcitm,12,3,1,15.939999999999998
10000,64,rcfopcitm,12,3,2,15.629999999999999
10000,64,rcfopcitm,12,3,3,15.849999999999998
10000,64,rcfopcitm,12,3,4,15.780000000000005
10000,64,rcfopcitm,12,3,5,15.739999999999998
10000,64,rcfopcitm,12,3,6,15.82
10000,64,rcfopcitm,12,3,7,15.780000000000005
10000,64,rcfopcitm,12,3,8,15.580000000000005
10000,64,rcfopcitm,12,3,9,15.82
10000,64,rcfopcitm,12,4,0,18.42
10000,64,rcfopcitm,12,4,1,17.92
10000,64,rcfopcitm,12,4,2,18.500000000000007
10000,64,rcfopcitm,12,4,3,17.94
10000,64,rcfopcitm,12,4,4,18.020000000000003
10000,64,rcfopcitm,12,4,5,17.779999999999994
10000,64,rcfopcitm,12,4,6,18.47
10000,64,rcfopcitm,12,4,7,18.179999999999996
10000,64,rcfopcitm,12,4,8,18.379999999999995
10000,64,rcfopcitm,12,4,9,18.430000000000003
10000,64,rcfopcitm,12,5,0,19.020000000000003
10000,64,rcfopcitm,12,5,1,18.610000000000003
10000,64,rcfopcitm,12,5,2,19.369999999999997
10000,64,rcfopcitm,12,5,3,18.330000000000002
10000,64,rcfopcitm,12,5,4,18.799999999999994
10000,64,rcfopcitm,12,5,5,18.510000000000005
10000,64,rcfopcitm,12,5,6,18.759999999999998
10000,64,rcfopcitm,12,5,7,18.269999999999996
10000,64,rcfopcitm,12,5,8,18.710000000000004
10000,64,rcfopcitm,12,5,9,18.47
10000,64,rcfopcitm,12,6,0,18.930000000000003
10000,64,rcfopcitm,12,6,1,18.66
10000,64,rcfopcitm,12,6,2,19.14
10000,64,rcfopcitm,12,6,3,19.220000000000002
10000,64,rcfopcitm,12,6,4,18.769999999999996
10000,64,rcfopcitm,12,6,5,18.510000000000005
10000,64,rcfopcitm,12,6,6,18.769999999999996
10000,64,rcfopcitm,12,6,7,19.47
10000,64,rcfopcitm,12,6,8,18.830000000000002
10000,64,rcfopcitm,12,6,9,18.25
10000,64,rcfopcitm,12,7,0,18.65
10000,64,rcfopcitm,12,7,1,18.35
10000,64,rcfopcitm,12,7,2,18.610000000000003
10000,64,rcfopcitm,12,7,3,18.96
10000,64,rcfopcitm,12,7,4,18.65
10000,64,rcfopcitm,12,7,5,18.04
10000,64,rcfopcitm,12,7,6,18.47
10000,64,rcfopcitm,12,7,7,18.66
10000,64,rcfopcitm,12,7,8,18.710000000000004
10000,64,rcfopcitm,12,7,9,18.100000000000005
10000,64,rcfopcitm,12,8,0,18.879999999999995
10000,64,rcfopcitm,12,8,1,18.630000000000003
10000,64,rcfopcitm,12,8,2,18.589999999999996
10000,64,rcfopcitm,12,8,3,18.899999999999995
10000,64,rcfopcitm,12,8,4,18.55
10000,64,rcfopcitm,12,8,5,18.700000000000006
10000,64,rcfopcitm,12,8,6,18.310000000000002
10000,64,rcfopcitm,12,8,7,18.130000000000003
10000,64,rcfopcitm,12,8,8,19.189999999999998
10000,64,rcfopcitm,12,8,9,18.589999999999996
10000,64,rcfopcitm,12,9,0,18.520000000000003
10000,64,rcfopcitm,12,9,1,18.66
10000,64,rcfopcitm,12,9,2,18.779999999999998
10000,64,rcfopcitm,12,9,3,18.620000000000005
10000,64,rcfopcitm,12,9,4,18.97
10000,64,rcfopcitm,12,9,5,18.289999999999996
10000,64,rcfopcitm,12,9,6,19.620000000000005
10000,64,rcfopcitm,12,9,7,18.789999999999996
10000,64,rcfopcitm,12,9,8,19.340000000000003
10000,64,rcfopcitm,12,9,9,18.710000000000004
10000,64,rcfopcitm,2,1,0,13.560000000000006
10000,64,rcfopcitm,2,1,1,13.819999999999999
10000,64,rcfopcitm,2,1,2,13.859999999999994
10000,64,rcfopcitm,2,1,3,13.970000000000004
10000,64,rcfopcitm,2,1,4,13.449999999999996
10000,64,rcfopcitm,2,1,5,13.51
10000,64,rcfopcitm,2,1,6,13.790000000000003
10000,64,rcfopcitm,2,1,7,13.770000000000005
10000,64,rcfopcitm,2,1,8,13.429999999999998
10000,64,rcfopcitm,2,1,9,13.419999999999998
10000,64,rcfopcitm,2,10,0,14.11
10000,64,rcfopcitm,2,10,1,14.070000000000004
10000,64,rcfopcitm,2,10,2,13.880000000000003
10000,64,rcfopcitm,2,10,3,14.070000000000004
10000,64,rcfopcitm,2,10,4,14.070000000000004
10000,64,rcfopcitm,2,10,5,14.190000000000003
10000,64,rcfopcitm,2,10,6,14.229999999999999
10000,64,rcfopcitm,2,10,7,13.729999999999997
10000,64,rcfopcitm,2,10,8,14.190000000000003
10000,64,rcfopcitm,2,10,9,14.280000000000005
10000,64,rcfopcitm,2,2,0,13.739999999999997
10000,64,rcfopcitm,2,2,1,13.560000000000006
10000,64,rcfopcitm,2,2,2,13.700000000000001
10000,64,rcfopcitm,2,2,3,13.370000000000005
10000,64,rcfopcitm,2,2,4,13.490000000000002
10000,64,rcfopcitm,2,2,5,13.52
10000,64,rcfopcitm,2,2,6,13.790000000000003
10000,64,rcfopcitm,2,2,7,13.819999999999999
10000,64,rcfopcitm,2,2,8,13.870000000000005
10000,64,rcfopcitm,2,2,9,13.61
10000,64,rcfopcitm,2,3,0,13.749999999999996
10000,64,rcfopcitm,2,3,1,13.439999999999996
10000,64,rcfopcitm,2,3,2,13.980000000000004
10000,64,rcfopcitm,2,3,3,13.929999999999998
10000,64,rcfopcitm,2,3,4,13.62
10000,64,rcfopcitm,2,3,5,13.790000000000003
10000,64,rcfopcitm,2,3,6,13.759999999999994
10000,64,rcfopcitm,2,3,7,13.429999999999998
10000,64,rcfopcitm,2,3,8,13.339999999999996
10000,64,rcfopcitm,2,3,9,13.529999999999998
10000,64,rcfopcitm,2,4,0,13.890000000000002
10000,64,rcfopcitm,2,4,1,13.71
10000,64,rcfopcitm,2,4,2,13.700000000000001
10000,64,rcfopcitm,2,4,3,13.419999999999998
10000,64,rcfopcitm,2,4,4,13.680000000000003
10000,64,rcfopcitm,2,4,5,13.309999999999999
10000,64,rcfopcitm,2,4,6,13.939999999999998
10000,64,rcfopcitm,2,4,7,13.319999999999999
10000,64,rcfopcitm,2,4,8,13.780000000000003
10000,64,rcfopcitm,2,4,9,13.870000000000005
10000,64,rcfopcitm,2,5,0,13.91
10000,64,rcfopcitm,2,5,1,13.829999999999998
10000,64,rcfopcitm,2,5,2,13.770000000000005
10000,64,rcfopcitm,2,5,3,14.000000000000002
10000,64,rcfopcitm,2,5,4,14.059999999999995
10000,64,rcfopcitm,2,5,5,13.790000000000003
10000,64,rcfopcitm,2,5,6,13.52
10000,64,rcfopcitm,2,5,7,13.460000000000004
10000,64,rcfopcitm,2,5,8,13.590000000000002
10000,64,rcfopcitm,2,5,9,13.970000000000004
10000,64,rcfopcitm,2,6,0,13.819999999999999
10000,64,rcfopcitm,2,6,1,13.700000000000001
10000,64,rcfopcitm,2,6,2,13.759999999999994
10000,64,rcfopcitm,2,6,3,13.41
10000,64,rcfopcitm,2,6,4,13.670000000000005
10000,64,rcfopcitm,2,6,5,13.749999999999996
10000,64,rcfopcitm,2,6,6,13.759999999999994
10000,64,rcfopcitm,2,6,7,14.149999999999995
10000,64,rcfopcitm,2,6,8,13.939999999999998
10000,64,rcfopcitm,2,6,9,13.61
10000,64,rcfopcitm,2,7,0,14.190000000000003
10000,64,rcfopcitm,2,7,1,13.949999999999996
10000,64,rcfopcitm,2,7,2,13.81
10000,64,rcfopcitm,2,7,3,13.990000000000002
10000,64,rcfopcitm,2,7,4,13.919999999999998
10000,64,rcfopcitm,2,7,5,13.649999999999995
10000,64,rcfopcitm,2,7,6,13.360000000000005
10000,64,rcfopcitm,2,7,7,13.81
10000,64,rcfopcitm,2,7,8,13.729999999999997
10000,64,rcfopcitm,2,7,9,13.770000000000005
10000,64,rcfopcitm,2,8,0,13.91
10000,64,rcfopcitm,2,8,1,14.080000000000004
10000,64,rcfopcitm,2,8,2,14.32
10000,64,rcfopcitm,2,8,3,14.02
10000,64,rcfopcitm,2,8,4,13.870000000000005
10000,64,rcfopcitm,2,8,5,13.759999999999994
10000,64,rcfopcitm,2,8,6,13.859999999999994
10000,64,rcfopcitm,2,8,7,14.080000000000004
10000,64,rcfopcitm,2,8,8,14.100000000000001
10000,64,rcfopcitm,2,8,9,13.919999999999998
10000,64,rcfopcitm,2,9,0,13.949999999999996
10000,64,rcfopcitm,2,9,1,14.070000000000004
10000,64,rcfopcitm,2,9,2,14.349999999999996
10000,64,rcfopcitm,2,9,3,14.029999999999998
10000,64,rcfopcitm,2,9,4,13.990000000000002
10000,64,rcfopcitm,2,9,5,13.890000000000002
10000,64,rcfopcitm,2,9,6,14.080000000000004
10000,64,rcfopcitm,2,9,7,14.070000000000004
10000,64,rcfopcitm,2,9,8,14.070000000000004
10000,64,rcfopcitm,2,9,9,13.429999999999998
10000,64,rcfopcitm,3,1,0,13.639999999999997
10000,64,rcfopcitm,3,1,1,13.829999999999998
10000,64,rcfopcitm,3,1,2,13.329999999999998
10000,64,rcfopcitm,3,1,3,13.849999999999996
10000,64,rcfopcitm,3,1,4,13.429999999999998
10000,64,rcfopcitm,3,1,5,13.660000000000005
10000,64,rcfopcitm,3,1,6,13.590000000000002
10000,64,rcfopcitm,3,1,7,13.670000000000005
10000,64,rcfopcitm,3,1,8,13.759999999999994
10000,64,rcfopcitm,3,1,9,13.360000000000005
10000,64,rcfopcitm,3,10,0,16.13
10000,64,rcfopcitm,3,10,1,14.959999999999996
10000,64,rcfopcitm,3,10,2,15.949999999999998
10000,64,rcfopcitm,3,10,3,14.629999999999999
10000,64,rcfopcitm,3,10,4,15.339999999999998
10000,64,rcfopcitm,3,10,5,15.769999999999996
10000,64,rcfopcitm,3,10,6,15.280000000000005
10000,64,rcfopcitm,3,10,7,15.049999999999997
10000,64,rcfopcitm,3,10,8,15.300000000000002
10000,64,rcfopcitm,3,10,9,15.680000000000005
10000,64,rcfopcitm,3,2,0,13.700000000000001
10000,64,rcfopcitm,3,2,1,13.670000000000005
10000,64,rcfopcitm,3,2,2,14.000000000000002
10000,64,rcfopcitm,3,2,3,13.870000000000005
10000,64,rcfopcitm,3,2,4,13.780000000000003
10000,64,rcfopcitm,3,2,5,13.190000000000001
10000,64,rcfopcitm,3,2,6,13.360000000000005
10000,64,rcfopcitm,3,2,7,13.749999999999996
10000,64,rcfopcitm,3,2,8,13.670000000000005
10000,64,rcfopcitm,3,2,9,13.529999999999998
10000,64,rcfopcitm,3,3,0,13.819999999999999
10000,64,rcfopcitm,3,3,1,13.390000000000002
10000,64,rcfopcitm,3,3,2,13.270000000000003
10000,64,rcfopcitm,3,3,3,13.749999999999996
10000,64,rcfopcitm,3,3,4,13.929999999999998
10000,64,rcfopcitm,3,3,5,13.8
10000,64,rcfopcitm,3,3,6,13.600000000000001
10000,64,rcfopcitm,3,3,7,13.629999999999997
10000,64,rcfopcitm,3,3,8,13.739999999999997
10000,64,rcfopcitm,3,3,9,13.780000000000003
10000,64,rcfopcitm,3,4,0,13.880000000000003
10000,64,rcfopcitm,3,4,1,14.129999999999999
10000,64,rcfopcitm,3,4,2,14.000000000000002
10000,64,rcfopcitm,3,4,3,13.919999999999998
10000,64,rcfopcitm,3,4,4,13.429999999999998
10000,64,rcfopcitm,3,4,5,13.81
10000,64,rcfopcitm,3,4,6,13.680000000000003
10000,64,rcfopcitm,3,4,7,13.570000000000004
10000,64,rcfopcitm,3,4,8,13.900000000000002
10000,64,rcfopcitm,3,4,9,13.91
10000,64,rcfopcitm,3,5,0,13.8
10000,64,rcfopcitm,3,5,1,13.819999999999999
10000,64,rcfopcitm,3,5,2,13.819999999999999
10000,64,rcfopcitm,3,5,3,14.039999999999997
10000,64,rcfopcitm,3,5,4,13.770000000000005
10000,64,rcfopcitm,3,5,5,13.8
10000,64,rcfopcitm,3,5,6,14.11
10000,64,rcfopcitm,3,5,7,13.990000000000002
10000,64,rcfopcitm,3,5,8,14.100000000000001
10000,64,rcfopcitm,3,5,9,14.139999999999997
10000,64,rcfopcitm,3,6,0,14.01
10000,64,rcfopcitm,3,6,1,13.839999999999996
10000,64,rcfopcitm,3,6,2,14.080000000000004
10000,64,rcfopcitm,3,6,3,14.059999999999995
10000,64,rcfopcitm,3,6,4,14.129999999999999
10000,64,rcfopcitm,3,6,5,13.970000000000004
10000,64,rcfopcitm,3,6,6,14.359999999999996
10000,64,rcfopcitm,3,6,7,13.900000000000002
10000,64,rcfopcitm,3,6,8,14.670000000000005
10000,64,rcfopcitm,3,6,9,14.02
10000,64,rcfopcitm,3,7,0,14.21
10000,64,rcfopcitm,3,7,1,14.159999999999995
10000,64,rcfopcitm,3,7,2,14.290000000000003
10000,64,rcfopcitm,3,7,3,14.249999999999996
10000,64,rcfopcitm,3,7,4,14.81
10000,64,rcfopcitm,3,7,5,14.170000000000005
10000,64,rcfopcitm,3,7,6,14.21
10000,64,rcfopcitm,3,7,7,14.31
10000,64,rcfopcitm,3,7,8,14.400000000000002
10000,64,rcfopcitm,3,7,9,14.32
10000,64,rcfopcitm,3,8,0,15.059999999999995
10000,64,rcfopcitm,3,8,1,15.21
10000,64,rcfopcitm,3,8,2,14.149999999999995
10000,64,rcfopcitm,3,8,3,14.480000000000004
10000,64,rcfopcitm,3,8,4,14.200000000000001
10000,64,rcfopcitm,3,8,5,14.529999999999998
10000,64,rcfopcitm,3,8,6,14.290000000000003
10000,64,rcfopcitm,3,8,7,14.439999999999998
10000,64,rcfopcitm,3,8,8,14.42
10000,64,rcfopcitm,3,8,9,14.870000000000005
10000,64,rcfopcitm,3,9,0,15.569999999999995
10000,64,rcfopcitm,3,9,1,14.770000000000005
10000,64,rcfopcitm,3,9,2,15.300000000000002
10000,64,rcfopcitm,3,9,3,15.549999999999997
10000,64,rcfopcitm,3,9,4,15.200000000000003
10000,64,rcfopcitm,3,9,5,14.339999999999996
10000,64,rcfopcitm,3,9,6,14.849999999999996
10000,64,rcfopcitm,3,9,7,15.200000000000003
10000,64,rcfopcitm,3,9,8,14.700000000000003
10000,64,rcfopcitm,3,9,9,14.839999999999998
10000,64,rcfopcitm,5,1,0,13.439999999999996
10000,64,rcfopcitm,5,1,1,13.660000000000005
10000,64,rcfopcitm,5,1,2,13.639999999999997
10000,64,rcfopcitm,5,1,3,13.880000000000003
10000,64,rcfopcitm,5,1,4,13.5
10000,64,rcfopcitm,5,1,5,13.570000000000004
10000,64,rcfopcitm,5,1,6,13.480000000000004
10000,64,rcfopcitm,5,1,7,13.739999999999997
10000,64,rcfopcitm,5,1,8,13.660000000000005
10000,64,rcfopcitm,5,1,9,13.51
10000,64,rcfopcitm,5,10,0,20.75
10000,64,rcfopcitm,5,10,1,20.08
10000,64,rcfopcitm,5,10,2,20.389999999999997
10000,64,rcfopcitm,5,10,3,20.309999999999995
10000,64,rcfopcitm,5,10,4,19.889999999999997
10000,64,rcfopcitm,5,10,5,19.66
10000,64,rcfopcitm,5,10,6,20.189999999999998
10000,64,rcfopcitm,5,10,7,20.320000000000004
10000,64,rcfopcitm,5,10,8,20.16
10000,64,rcfopcitm,5,10,9,20.27
10000,64,rcfopcitm,5,2,0,13.41
10000,64,rcfopcitm,5,2,1,13.719999999999999
10000,64,rcfopcitm,5,2,2,13.870000000000005
10000,64,rcfopcitm,5,2,3,13.990000000000002
10000,64,rcfopcitm,5,2,4,13.309999999999999
10000,64,rcfopcitm,5,2,5,13.670000000000005
10000,64,rcfopcitm,5,2,6,13.319999999999999
10000,64,rcfopcitm,5,2,7,14.000000000000002
10000,64,rcfopcitm,5,2,8,13.449999999999996
10000,64,rcfopcitm,5,2,9,13.770000000000005
10000,64,rcfopcitm,5,3,0,13.670000000000005
10000,64,rcfopcitm,5,3,1,13.949999999999996
10000,64,rcfopcitm,5,3,2,13.870000000000005
10000,64,rcfopcitm,5,3,3,13.729999999999997
10000,64,rcfopcitm,5,3,4,13.959999999999994
10000,64,rcfopcitm,5,3,5,13.780000000000003
10000,64,rcfopcitm,5,3,6,13.990000000000002
10000,64,rcfopcitm,5,3,7,13.919999999999998
10000,64,rcfopcitm,5,3,8,13.859999999999994
10000,64,rcfopcitm,5,3,9,13.52
10000,64,rcfopcitm,5,4,0,14.249999999999996
10000,64,rcfopcitm,5,4,1,14.159999999999995
10000,64,rcfopcitm,5,4,2,14.32
10000,64,rcfopcitm,5,4,3,13.939999999999998
10000,64,rcfopcitm,5,4,4,13.8
10000,64,rcfopcitm,5,4,5,14.139999999999997
10000,64,rcfopcitm,5,4,6,14.200000000000001
10000,64,rcfopcitm,5,4,7,14.12
10000,64,rcfopcitm,5,4,8,13.959999999999994
10000,64,rcfopcitm,5,4,9,13.970000000000004
10000,64,rcfopcitm,5,5,0,14.339999999999996
10000,64,rcfopcitm,5,5,1,14.359999999999996
10000,64,rcfopcitm,5,5,2,14.659999999999995
10000,64,rcfopcitm,5,5,3,14.32
10000,64,rcfopcitm,5,5,4,14.270000000000005
10000,64,rcfopcitm,5,5,5,14.570000000000006
10000,64,rcfopcitm,5,5,6,13.980000000000004
10000,64,rcfopcitm,5,5,7,14.180000000000003
10000,64,rcfopcitm,5,5,8,14.41
10000,64,rcfopcitm,5,5,9,13.900000000000002
10000,64,rcfopcitm,5,6,0,14.580000000000004
10000,64,rcfopcitm,5,6,1,14.470000000000006
10000,64,rcfopcitm,5,6,2,14.92
10000,64,rcfopcitm,5,6,3,14.62
10000,64,rcfopcitm,5,6,4,14.229999999999999
10000,64,rcfopcitm,5,6,5,14.849999999999996
10000,64,rcfopcitm,5,6,6,14.32
10000,64,rcfopcitm,5,6,7,14.839999999999998
10000,64,rcfopcitm,5,6,8,14.429999999999998
10000,64,rcfopcitm,5,6,9,14.510000000000002
10000,64,rcfopcitm,5,7,0,15.159999999999997
10000,64,rcfopcitm,5,7,1,15.039999999999997
10000,64,rcfopcitm,5,7,2,14.93
10000,64,rcfopcitm,5,7,3,14.990000000000004
10000,64,rcfopcitm,5,7,4,15.629999999999999
10000,64,rcfopcitm,5,7,5,14.759999999999994
10000,64,rcfopcitm,5,7,6,15.490000000000004
10000,64,rcfopcitm,5,7,7,15.069999999999995
10000,64,rcfopcitm,5,7,8,15.329999999999998
10000,64,rcfopcitm,5,7,9,14.82
10000,64,rcfopcitm,5,8,0,15.42
10000,64,rcfopcitm,5,8,1,16.62
10000,64,rcfopcitm,5,8,2,16.290000000000006
10000,64,rcfopcitm,5,8,3,15.749999999999996
10000,64,rcfopcitm,5,8,4,16.379999999999995
10000,64,rcfopcitm,5,8,5,16.12
10000,64,rcfopcitm,5,8,6,15.620000000000001
10000,64,rcfopcitm,5,8,7,16.279999999999994
10000,64,rcfopcitm,5,8,8,15.690000000000005
10000,64,rcfopcitm,5,8,9,15.920000000000002
10000,64,rcfopcitm,5,9,0,17.190000000000005
10000,64,rcfopcitm,5,9,1,17.220000000000002
10000,64,rcfopcitm,5,9,2,16.990000000000006
10000,64,rcfopcitm,5,9,3,16.600000000000005
10000,64,rcfopcitm,5,9,4,17.01
10000,64,rcfopcitm,5,9,5,16.64
10000,64,rcfopcitm,5,9,6,17.32
10000,64,rcfopcitm,5,9,7,17.169999999999995
10000,64,rcfopcitm,5,9,8,17.25
10000,64,rcfopcitm,5,9,9,16.95
10000,64,rcfopcitm,7,1,0,13.749999999999996
10000,64,rcfopcitm,7,1,1,13.849999999999996
10000,64,rcfopcitm,7,1,2,13.629999999999997
10000,64,rcfopcitm,7,1,3,13.419999999999998
10000,64,rcfopcitm,7,1,4,13.329999999999998
10000,64,rcfopcitm,7,1,5,13.71
10000,64,rcfopcitm,7,1,6,13.349999999999994
10000,64,rcfopcitm,7,1,7,13.62
10000,64,rcfopcitm,7,1,8,13.900000000000002
10000,64,rcfopcitm,7,1,9,13.62
10000,64,rcfopcitm,7,10,0,20.499999999999996
10000,64,rcfopcitm,7,10,1,21.389999999999997
10000,64,rcfopcitm,7,10,2,20.77
10000,64,rcfopcitm,7,10,3,21.409999999999997
10000,64,rcfopcitm,7,10,4,21.750000000000004
10000,64,rcfopcitm,7,10,5,20.68
10000,64,rcfopcitm,7,10,6,20.320000000000004
10000,64,rcfopcitm,7,10,7,21.07
10000,64,rcfopcitm,7,10,8,20.779999999999998
10000,64,rcfopcitm,7,10,9,21.17
10000,64,rcfopcitm,7,2,0,13.900000000000002
10000,64,rcfopcitm,7,2,1,13.919999999999998
10000,64,rcfopcitm,7,2,2,13.900000000000002
10000,64,rcfopcitm,7,2,3,13.5
10000,64,rcfopcitm,7,2,4,13.880000000000003
10000,64,rcfopcitm,7,2,5,13.91
10000,64,rcfopcitm,7,2,6,13.290000000000003
10000,64,rcfopcitm,7,2,7,13.849999999999996
10000,64,rcfopcitm,7,2,8,13.859999999999994
10000,64,rcfopcitm,7,2,9,13.700000000000001
10000,64,rcfopcitm,7,3,0,14.059999999999995
10000,64,rcfopcitm,7,3,1,13.880000000000003
10000,64,rcfopcitm,7,3,2,13.970000000000004
10000,64,rcfopcitm,7,3,3,13.990000000000002
10000,64,rcfopcitm,7,3,4,14.41
10000,64,rcfopcitm,7,3,5,14.059999999999995
10000,64,rcfopcitm,7,3,6,13.8
10000,64,rcfopcitm,7,3,7,14.349999999999996
10000,64,rcfopcitm,7,3,8,14.170000000000005
10000,64,rcfopcitm,7,3,9,14.12
10000,64,rcfopcitm,7,4,0,14.82
10000,64,rcfopcitm,7,4,1,14.559999999999995
10000,64,rcfopcitm,7,4,2,14.200000000000001
10000,64,rcfopcitm,7,4,3,14.570000000000006
10000,64,rcfopcitm,7,4,4,14.510000000000002
10000,64,rcfopcitm,7,4,5,14.600000000000001
10000,64,rcfopcitm,7,4,6,14.090000000000003
10000,64,rcfopcitm,7,4,7,14.370000000000005
10000,64,rcfopcitm,7,4,8,14.339999999999996
10000,64,rcfopcitm,7,4,9,14.280000000000005
10000,64,rcfopcitm,7,5,0,15.259999999999996
10000,64,rcfopcitm,7,5,1,15.680000000000005
10000,64,rcfopcitm,7,5,2,15.43
10000,64,rcfopcitm,7,5,3,15.449999999999998
10000,64,rcfopcitm,7,5,4,15.139999999999997
10000,64,rcfopcitm,7,5,5,15.280000000000005
10000,64,rcfopcitm,7,5,6,15.039999999999997
10000,64,rcfopcitm,7,5,7,14.859999999999996
10000,64,rcfopcitm,7,5,8,14.759999999999994
10000,64,rcfopcitm,7,5,9,15.22
10000,64,rcfopcitm,7,6,0,16.23
10000,64,rcfopcitm,7,6,1,16.13
10000,64,rcfopcitm,7,6,2,16.090000000000003
10000,64,rcfopcitm,7,6,3,16.02
10000,64,rcfopcitm,7,6,4,16.049999999999997
10000,64,rcfopcitm,7,6,5,16.359999999999996
10000,64,rcfopcitm,7,6,6,16.200000000000003
10000,64,rcfopcitm,7,6,7,16.300000000000004
10000,64,rcfopcitm,7,6,8,16.500000000000004
10000,64,rcfopcitm,7,6,9,16.459999999999997
10000,64,rcfopcitm,7,7,0,17.36
10000,64,rcfopcitm,7,7,1,17.820000000000004
10000,64,rcfopcitm,7,7,2,17.910000000000004
10000,64,rcfopcitm,7,7,3,17.169999999999995
10000,64,rcfopcitm,7,7,4,17.989999999999995
10000,64,rcfopcitm,7,7,5,17.630000000000003
10000,64,rcfopcitm,7,7,6,17.64
10000,64,rcfopcitm,7,7,7,18.279999999999998
10000,64,rcfopcitm,7,7,8,17.789999999999996
10000,64,rcfopcitm,7,7,9,17.459999999999997
10000,64,rcfopcitm,7,8,0,20.640000000000004
10000,64,rcfopcitm,7,8,1,21.17
10000,64,rcfopcitm,7,8,2,21.709999999999997
10000,64,rcfopcitm,7,8,3,20.950000000000003
10000,64,rcfopcitm,7,8,4,21.740000000000002
10000,64,rcfopcitm,7,8,5,21.05
10000,64,rcfopcitm,7,8,6,21.29
10000,64,rcfopcitm,7,8,7,20.740000000000002
10000,64,rcfopcitm,7,8,8,20.920000000000005
10000,64,rcfopcitm,7,8,9,20.68
10000,64,rcfopcitm,7,9,0,20.730000000000004
10000,64,rcfopcitm,7,9,1,21.99
10000,64,rcfopcitm,7,9,2,20.75
10000,64,rcfopcitm,7,9,3,21.120000000000005
10000,64,rcfopcitm,7,9,4,20.699999999999996
10000,64,rcfopcitm,7,9,5,21.099999999999998
10000,64,rcfopcitm,7,9,6,21.409999999999997
10000,64,rcfopcitm,7,9,7,21.48
10000,64,rcfopcitm,7,9,8,21.589999999999996
10000,64,rcfopcitm,7,9,9,21.16
50000,1024,fwd,,,0,12.3
50000,1024,fwd,,,1,13.100000000000001
50000,1024,fwd,,,2,12.729999999999997
50000,1024,fwd,,,3,12.660000000000004
50000,1024,fwd,,,4,12.770000000000003
50000,1024,fwd,,,5,12.790000000000001
50000,1024,fwd,,,6,13.070000000000004
50000,1024,fwd,,,7,12.5
50000,1024,fwd,,,8,12.370000000000003
50000,1024,fwd,,,9,12.709999999999999
50000,1024,rcfopcitm,10,1,0,11.899999999999999
50000,1024,rcfopcitm,10,1,1,11.760000000000003
50000,1024,rcfopcitm,10,1,2,12.050000000000004
50000,1024,rcfopcitm,10,1,3,11.780000000000001
50000,1024,rcfopcitm,10,1,4,11.980000000000002
50000,1024,rcfopcitm,10,1,5,12.280000000000001
50000,1024,rcfopcitm,10,1,6,11.970000000000002
50000,1024,rcfopcitm,10,1,7,12.180000000000001
50000,1024,rcfopcitm,10,1,8,12.2
50000,1024,rcfopcitm,10,1,9,11.880000000000003
50000,1024,rcfopcitm,10,10,0,15.400000000000002
50000,1024,rcfopcitm,10,10,1,15.620000000000001
50000,1024,rcfopcitm,10,10,2,15.790000000000004
50000,1024,rcfopcitm,10,10,3,15.800000000000002
50000,1024,rcfopcitm,10,10,4,15.73
50000,1024,rcfopcitm,10,10,5,15.700000000000003
50000,1024,rcfopcitm,10,10,6,15.310000000000002
50000,1024,rcfopcitm,10,10,7,15.639999999999999
50000,1024,rcfopcitm,10,10,8,15.259999999999996
50000,1024,rcfopcitm,10,10,9,15.369999999999994
50000,1024,rcfopcitm,10,2,0,11.99
50000,1024,rcfopcitm,10,2,1,11.309999999999999
50000,1024,rcfopcitm,10,2,2,11.670000000000002
50000,1024,rcfopcitm,10,2,3,11.339999999999995
50000,1024,rcfopcitm,10,2,4,11.629999999999995
50000,1024,rcfopcitm,10,2,5,11.580000000000002
50000,1024,rcfopcitm,10,2,6,11.670000000000002
50000,1024,rcfopcitm,10,2,7,11.519999999999996
50000,1024,rcfopcitm,10,2,8,11.519999999999996
50000,1024,rcfopcitm,10,2,9,11.509999999999998
50000,1024,rcfopcitm,10,3,0,11.609999999999998
50000,1024,rcfopcitm,10,3,1,11.799999999999999
50000,1024,rcfopcitm,10,3,2,11.419999999999996
50000,1024,rcfopcitm,10,3,3,11.49
50000,1024,rcfopcitm,10,3,4,11.519999999999996
50000,1024,rcfopcitm,10,3,5,11.38
50000,1024,rcfopcitm,10,3,6,11.2
50000,1024,rcfopcitm,10,3,7,11.560000000000004
50000,1024,rcfopcitm,10,3,8,11.350000000000005
50000,1024,rcfopcitm,10,3,9,11.509999999999998
50000,1024,rcfopcitm,10,4,0,10.970000000000002
50000,1024,rcfopcitm,10,4,1,11.38
50000,1024,rcfopcitm,10,4,2,11.160000000000004
50000,1024,rcfopcitm,10,4,3,11.339999999999995
50000,1024,rcfopcitm,10,4,4,11.329999999999995
50000,1024,rcfopcitm,10,4,5,11.350000000000005
50000,1024,rcfopcitm,10,4,6,11.280000000000001
50000,1024,rcfopcitm,10,4,7,11.319999999999997
50000,1024,rcfopcitm,10,4,8,11.550000000000004
50000,1024,rcfopcitm,10,4,9,11.5
50000,1024,rcfopcitm,10,5,0,11.350000000000005
50000,1024,rcfopcitm,10,5,1,11.7
50000,1024,rcfopcitm,10,5,2,11.6
50000,1024,rcfopcitm,10,5,3,11.439999999999994
50000,1024,rcfopcitm,10,5,4,11.140000000000006
50000,1024,rcfopcitm,10,5,5,11.329999999999995
50000,1024,rcfopcitm,10,5,6,11.7
50000,1024,rcfopcitm,10,5,7,11.619999999999997
50000,1024,rcfopcitm,10,5,8,11.39
50000,1024,rcfopcitm,10,5,9,11.180000000000001
50000,1024,rcfopcitm,10,6,0,11.739999999999995
50000,1024,rcfopcitm,10,6,1,11.48
50000,1024,rcfopcitm,10,6,2,11.770000000000003
50000,1024,rcfopcitm,10,6,3,11.6
50000,1024,rcfopcitm,10,6,4,11.7
50000,1024,rcfopcitm,10,6,5,11.670000000000002
50000,1024,rcfopcitm,10,6,6,11.870000000000003
50000,1024,rcfopcitm,10,6,7,11.560000000000004
50000,1024,rcfopcitm,10,6,8,11.799999999999999
50000,1024,rcfopcitm,10,6,9,12.009999999999998
50000,1024,rcfopcitm,10,7,0,11.909999999999998
50000,1024,rcfopcitm,10,7,1,12.439999999999996
50000,1024,rcfopcitm,10,7,2,12.060000000000004
50000,1024,rcfopcitm,10,7,3,12.029999999999996
50000,1024,rcfopcitm,10,7,4,12.219999999999997
50000,1024,rcfopcitm,10,7,5,12.039999999999996
50000,1024,rcfopcitm,10,7,6,12.070000000000004
50000,1024,rcfopcitm,10,7,7,12.229999999999997
50000,1024,rcfopcitm,10,7,8,12.250000000000005
50000,1024,rcfopcitm,10,7,9,12.490000000000002
50000,1024,rcfopcitm,10,8,0,12.560000000000004
50000,1024,rcfopcitm,10,8,1,12.670000000000003
50000,1024,rcfopcitm,10,8,2,12.680000000000003
50000,1024,rcfopcitm,10,8,3,12.880000000000003
50000,1024,rcfopcitm,10,8,4,12.519999999999998
50000,1024,rcfopcitm,10,8,5,12.860000000000005
50000,1024,rcfopcitm,10,8,6,12.619999999999997
50000,1024,rcfopcitm,10,8,7,12.780000000000003
50000,1024,rcfopcitm,10,8,8,13.019999999999998
50000,1024,rcfopcitm,10,8,9,12.770000000000003
50000,1024,rcfopcitm,10,9,0,14.62
50000,1024,rcfopcitm,10,9,1,14.629999999999999
50000,1024,rcfopcitm,10,9,2,14.670000000000005
50000,1024,rcfopcitm,10,9,3,14.790000000000003
50000,1024,rcfopcitm,10,9,4,14.62
50000,1024,rcfopcitm,10,9,5,14.880000000000004
50000,1024,rcfopcitm,10,9,6,14.790000000000003
50000,1024,rcfopcitm,10,9,7,14.749999999999996
50000,1024,rcfopcitm,10,9,8,14.890000000000004
50000,1024,rcfopcitm,10,9,9,14.700000000000003
50000,1024,rcfopcitm,12,1,0,11.899999999999999
50000,1024,rcfopcitm,12,1,1,11.750000000000005
50000,1024,rcfopcitm,12,1,2,11.6
50000,1024,rcfopcitm,12,1,3,12.190000000000001
50000,1024,rcfopcitm,12,1,4,11.939999999999994
50000,1024,rcfopcitm,12,1,5,11.680000000000001
50000,1024,rcfopcitm,12,1,6,11.439999999999994
50000,1024,rcfopcitm,12,1,7,11.799999999999999
50000,1024,rcfopcitm,12,1,8,11.89
50000,1024,rcfopcitm,12,1,9,12.080000000000002
50000,1024,rcfopcitm,12,10,0,15.049999999999997
50000,1024,rcfopcitm,12,10,1,14.870000000000005
50000,1024,rcfopcitm,12,10,2,14.890000000000004
50000,1024,rcfopcitm,12,10,3,15.54
50000,1024,rcfopcitm,12,10,4,14.959999999999996
50000,1024,rcfopcitm,12,10,5,14.870000000000005
50000,1024,rcfopcitm,12,10,6,14.900000000000002
50000,1024,rcfopcitm,12,10,7,14.990000000000004
50000,1024,rcfopcitm,12,10,8,14.81
50000,1024,rcfopcitm,12,10,9,15.280000000000005
50000,1024,rcfopcitm,12,2,0,11.429999999999996
50000,1024,rcfopcitm,12,2,1,11.350000000000005
50000,1024,rcfopcitm,12,2,2,11.750000000000005
50000,1024,rcfopcitm,12,2,3,11.209999999999997
50000,1024,rcfopcitm,12,2,4,11.319999999999997
50000,1024,rcfopcitm,12,2,5,11.570000000000002
50000,1024,rcfopcitm,12,2,6,11.509999999999998
50000,1024,rcfopcitm,12,2,7,11.280000000000001
50000,1024,rcfopcitm,12,2,8,11.580000000000002
50000,1024,rcfopcitm,12,2,9,11.450000000000005
50000,1024,rcfopcitm,12,3,0,11.260000000000003
50000,1024,rcfopcitm,12,3,1,11.39
50000,1024,rcfopcitm,12,3,2,11.2
50000,1024,rcfopcitm,12,3,3,11.5
50000,1024,rcfopcitm,12,3,4,11.060000000000002
50000,1024,rcfopcitm,12,3,5,11.060000000000002
50000,1024,rcfopcitm,12,3,6,11.140000000000006
50000,1024,rcfopcitm,12,3,7,11.209999999999997
50000,1024,rcfopcitm,12,3,8,11.580000000000002
50000,1024,rcfopcitm,12,3,9,11.219999999999997
50000,1024,rcfopcitm,12,4,0,11.48
50000,1024,rcfopcitm,12,4,1,11.48
50000,1024,rcfopcitm,12,4,2,11.519999999999996
50000,1024,rcfopcitm,12,4,3,11.48
50000,1024,rcfopcitm,12,4,4,11.270000000000003
50000,1024,rcfopcitm,12,4,5,11.099999999999998
50000,1024,rcfopcitm,12,4,6,11.280000000000001
50000,1024,rcfopcitm,12,4,7,11.470000000000002
50000,1024,rcfopcitm,12,4,8,11.240000000000006
50000,1024,rcfopcitm,12,4,9,11.450000000000005
50000,1024,rcfopcitm,12,5,0,11.560000000000004
50000,1024,rcfopcitm,12,5,1,11.770000000000003
50000,1024,rcfopcitm,12,5,2,11.750000000000005
50000,1024,rcfopcitm,12,5,3,11.739999999999995
50000,1024,rcfopcitm,12,5,4,11.529999999999996
50000,1024,rcfopcitm,12,5,5,11.690000000000001
50000,1024,rcfopcitm,12,5,6,11.719999999999997
50000,1024,rcfopcitm,12,5,7,11.729999999999997
50000,1024,rcfopcitm,12,5,8,11.260000000000003
50000,1024,rcfopcitm,12,5,9,11.560000000000004
50000,1024,rcfopcitm,12,6,0,11.909999999999998
50000,1024,rcfopcitm,12,6,1,12.129999999999995
50000,1024,rcfopcitm,12,6,2,11.929999999999996
50000,1024,rcfopcitm,12,6,3,12.329999999999997
50000,1024,rcfopcitm,12,6,4,12.050000000000004
50000,1024,rcfopcitm,12,6,5,12.250000000000005
50000,1024,rcfopcitm,12,6,6,12.150000000000006
50000,1024,rcfopcitm,12,6,7,12.250000000000005
50000,1024,rcfopcitm,12,6,8,12.319999999999997
50000,1024,rcfopcitm,12,6,9,12.150000000000006
50000,1024,rcfopcitm,12,7,0,13.190000000000001
50000,1024,rcfopcitm,12,7,1,13.390000000000002
50000,1024,rcfopcitm,12,7,2,12.849999999999994
50000,1024,rcfopcitm,12,7,3,13.090000000000002
50000,1024,rcfopcitm,12,7,4,13.119999999999997
50000,1024,rcfopcitm,12,7,5,13.370000000000005
50000,1024,rcfopcitm,12,7,6,13.029999999999998
50000,1024,rcfopcitm,12,7,7,13.639999999999997
50000,1024,rcfopcitm,12,7,8,13.209999999999999
50000,1024,rcfopcitm,12,7,9,13.41
50000,1024,rcfopcitm,12,8,0,16.059999999999995
50000,1024,rcfopcitm,12,8,1,16.169999999999995
50000,1024,rcfopcitm,12,8,2,15.810000000000002
50000,1024,rcfopcitm,12,8,3,15.590000000000003
50000,1024,rcfopcitm,12,8,4,15.990000000000004
50000,1024,rcfopcitm,12,8,5,15.680000000000005
50000,1024,rcfopcitm,12,8,6,15.54
50000,1024,rcfopcitm,12,8,7,16.000000000000004
50000,1024,rcfopcitm,12,8,8,15.900000000000002
50000,1024,rcfopcitm,12,8,9,15.949999999999998
50000,1024,rcfopcitm,12,9,0,15.120000000000001
50000,1024,rcfopcitm,12,9,1,15.010000000000002
50000,1024,rcfopcitm,12,9,2,14.559999999999995
50000,1024,rcfopcitm,12,9,3,14.649999999999997
50000,1024,rcfopcitm,12,9,4,14.52
50000,1024,rcfopcitm,12,9,5,14.759999999999994
50000,1024,rcfopcitm,12,9,6,14.780000000000005
50000,1024,rcfopcitm,12,9,7,14.849999999999996
50000,1024,rcfopcitm,12,9,8,14.970000000000006
50000,1024,rcfopcitm,12,9,9,15.059999999999995
50000,1024,rcfopcitm,2,1,0,12.639999999999995
50000,1024,rcfopcitm,2,1,1,12.660000000000004
50000,1024,rcfopcitm,2,1,2,12.919999999999998
50000,1024,rcfopcitm,2,1,3,12.809999999999999
50000,1024,rcfopcitm,2,1,4,12.590000000000002
50000,1024,rcfopcitm,2,1,5,12.290000000000001
50000,1024,rcfopcitm,2,1,6,12.529999999999998
50000,1024,rcfopcitm,2,1,7,12.070000000000004
50000,1024,rcfopcitm,2,1,8,12.980000000000002
50000,1024,rcfopcitm,2,1,9,12.649999999999995
50000,1024,rcfopcitm,2,10,0,13.129999999999997
50000,1024,rcfopcitm,2,10,1,13.129999999999997
50000,1024,rcfopcitm,2,10,2,13.070000000000004
50000,1024,rcfopcitm,2,10,3,13.249999999999995
50000,1024,rcfopcitm,2,10,4,13.170000000000003
50000,1024,rcfopcitm,2,10,5,12.880000000000003
50000,1024,rcfopcitm,2,10,6,12.790000000000001
50000,1024,rcfopcitm,2,10,7,13.01
50000,1024,rcfopcitm,2,10,8,13.11
50000,1024,rcfopcitm,2,10,9,13.190000000000001
50000,1024,rcfopcitm,2,2,0,12.360000000000005
50000,1024,rcfopcitm,2,2,1,12.709999999999999
50000,1024,rcfopcitm,2,2,2,12.549999999999994
50000,1024,rcfopcitm,2,2,3,12.929999999999996
50000,1024,rcfopcitm,2,2,4,12.480000000000002
50000,1024,rcfopcitm,2,2,5,12.770000000000003
50000,1024,rcfopcitm,2,2,6,12.61
50000,1024,rcfopcitm,2,2,7,12.029999999999996
50000,1024,rcfopcitm,2,2,8,12.719999999999999
50000,1024,rcfopcitm,2,2,9,12.509999999999998
50000,1024,rcfopcitm,2,3,0,12.519999999999998
50000,1024,rcfopcitm,2,3,1,12.6
50000,1024,rcfopcitm,2,3,2,12.829999999999997
50000,1024,rcfopcitm,2,3,3,12.419999999999998
50000,1024,rcfopcitm,2,3,4,12.470000000000002
50000,1024,rcfopcitm,2,3,5,12.060000000000004
50000,1024,rcfopcitm,2,3,6,12.429999999999996
50000,1024,rcfopcitm,2,3,7,12.670000000000003
50000,1024,rcfopcitm,2,3,8,12.429999999999996
50000,1024,rcfopcitm,2,3,9,12.649999999999995
50000,1024,rcfopcitm,2,4,0,12.4
50000,1024,rcfopcitm,2,4,1,12.580000000000002
50000,1024,rcfopcitm,2,4,2,12.829999999999997
50000,1024,rcfopcitm,2,4,3,12.670000000000003
50000,1024,rcfopcitm,2,4,4,12.649999999999995
50000,1024,rcfopcitm,2,4,5,12.139999999999995
50000,1024,rcfopcitm,2,4,6,12.549999999999994
50000,1024,rcfopcitm,2,4,7,12.3
50000,1024,rcfopcitm,2,4,8,12.549999999999994
50000,1024,rcfopcitm,2,4,9,12.619999999999997
50000,1024,rcfopcitm,2,5,0,12.490000000000002
50000,1024,rcfopcitm,2,5,1,12.619999999999997
50000,1024,rcfopcitm,2,5,2,12.570000000000004
50000,1024,rcfopcitm,2,5,3,12.529999999999998
50000,1024,rcfopcitm,2,5,4,12.61
50000,1024,rcfopcitm,2,5,5,12.629999999999997
50000,1024,rcfopcitm,2,5,6,12.760000000000005
50000,1024,rcfopcitm,2,5,7,12.329999999999997
50000,1024,rcfopcitm,2,5,8,12.709999999999999
50000,1024,rcfopcitm,2,5,9,12.8
50000,1024,rcfopcitm,2,6,0,12.529999999999998
50000,1024,rcfopcitm,2,6,1,12.470000000000002
50000,1024,rcfopcitm,2,6,2,12.829999999999997
50000,1024,rcfopcitm,2,6,3,12.729999999999997
50000,1024,rcfopcitm,2,6,4,12.660000000000004
50000,1024,rcfopcitm,2,6,5,12.660000000000004
50000,1024,rcfopcitm,2,6,6,12.829999999999997
50000,1024,rcfopcitm,2,6,7,12.670000000000003
50000,1024,rcfopcitm,2,6,8,12.729999999999997
50000,1024,rcfopcitm,2,6,9,12.7
50000,1024,rcfopcitm,2,7,0,12.829999999999997
50000,1024,rcfopcitm,2,7,1,12.6
50000,1024,rcfopcitm,2,7,2,12.360000000000005
50000,1024,rcfopcitm,2,7,3,12.780000000000003
50000,1024,rcfopcitm,2,7,4,12.929999999999996
50000,1024,rcfopcitm,2,7,5,12.819999999999999
50000,1024,rcfopcitm,2,7,6,12.729999999999997
50000,1024,rcfopcitm,2,7,7,12.739999999999995
50000,1024,rcfopcitm,2,7,8,12.9
50000,1024,rcfopcitm,2,7,9,12.89
50000,1024,rcfopcitm,2,8,0,12.870000000000005
50000,1024,rcfopcitm,2,8,1,12.929999999999996
50000,1024,rcfopcitm,2,8,2,13.039999999999996
50000,1024,rcfopcitm,2,8,3,13.01
50000,1024,rcfopcitm,2,8,4,12.780000000000003
50000,1024,rcfopcitm,2,8,5,12.870000000000005
50000,1024,rcfopcitm,2,8,6,12.639999999999995
50000,1024,rcfopcitm,2,8,7,12.770000000000003
50000,1024,rcfopcitm,2,8,8,12.760000000000005
50000,1024,rcfopcitm,2,8,9,12.660000000000004
50000,1024,rcfopcitm,2,9,0,12.990000000000002
50000,1024,rcfopcitm,2,9,1,12.91
50000,1024,rcfopcitm,2,9,2,12.8
50000,1024,rcfopcitm,2,9,3,12.749999999999995
50000,1024,rcfopcitm,2,9,4,12.849999999999994
50000,1024,rcfopcitm,2,9,5,13.149999999999995
50000,1024,rcfopcitm,2,9,6,12.980000000000002
50000,1024,rcfopcitm,2,9,7,13.229999999999997
50000,1024,rcfopcitm,2,9,8,12.719999999999999
50000,1024,rcfopcitm,2,9,9,12.829999999999997
50000,1024,rcfopcitm,3,1,0,11.929999999999996
50000,1024,rcfopcitm,3,1,1,12.670000000000003
50000,1024,rcfopcitm,3,1,2,12.309999999999999
50000,1024,rcfopcitm,3,1,3,12.39
50000,1024,rcfopcitm,3,1,4,12.409999999999998
50000,1024,rcfopcitm,3,1,5,12.350000000000005
50000,1024,rcfopcitm,3,1,6,12.509999999999998
50000,1024,rcfopcitm,3,1,7,12.760000000000005
50000,1024,rcfopcitm,3,1,8,12.660000000000004
50000,1024,rcfopcitm,3,1,9,12.260000000000005
50000,1024,rcfopcitm,3,10,0,12.580000000000002
50000,1024,rcfopcitm,3,10,1,12.4
50000,1024,rcfopcitm,3,10,2,12.360000000000005
50000,1024,rcfopcitm,3,10,3,12.490000000000002
50000,1024,rcfopcitm,3,10,4,12.339999999999996
50000,1024,rcfopcitm,3,10,5,12.719999999999999
50000,1024,rcfopcitm,3,10,6,12.61
50000,1024,rcfopcitm,3,10,7,12.660000000000004
50000,1024,rcfopcitm,3,10,8,12.660000000000004
50000,1024,rcfopcitm,3,10,9,12.760000000000005
50000,1024,rcfopcitm,3,2,0,12.1
50000,1024,rcfopcitm,3,2,1,12.680000000000003
50000,1024,rcfopcitm,3,2,2,12.419999999999998
50000,1024,rcfopcitm,3,2,3,11.870000000000003
50000,1024,rcfopcitm,3,2,4,12.309999999999999
50000,1024,rcfopcitm,3,2,5,12.509999999999998
50000,1024,rcfopcitm,3,2,6,12.450000000000006
50000,1024,rcfopcitm,3,2,7,12.380000000000003
50000,1024,rcfopcitm,3,2,8,12.450000000000006
50000,1024,rcfopcitm,3,2,9,12.509999999999998
50000,1024,rcfopcitm,3,3,0,12.280000000000001
50000,1024,rcfopcitm,3,3,1,11.950000000000005
50000,1024,rcfopcitm,3,3,2,12.329999999999997
50000,1024,rcfopcitm,3,3,3,12.170000000000003
50000,1024,rcfopcitm,3,3,4,12.350000000000005
50000,1024,rcfopcitm,3,3,5,12.549999999999994
50000,1024,rcfopcitm,3,3,6,12.350000000000005
50000,1024,rcfopcitm,3,3,7,12.480000000000002
50000,1024,rcfopcitm,3,3,8,11.960000000000004
50000,1024,rcfopcitm,3,3,9,12.229999999999997
50000,1024,rcfopcitm,3,4,0,12.250000000000005
50000,1024,rcfopcitm,3,4,1,12.250000000000005
50000,1024,rcfopcitm,3,4,2,12.370000000000003
50000,1024,rcfopcitm,3,4,3,12.570000000000004
50000,1024,rcfopcitm,3,4,4,12.209999999999999
50000,1024,rcfopcitm,3,4,5,12.319999999999997
50000,1024,rcfopcitm,3,4,6,12.480000000000002
50000,1024,rcfopcitm,3,4,7,12.4
50000,1024,rcfopcitm,3,4,8,12.329999999999997
50000,1024,rcfopcitm,3,4,9,12.660000000000004
50000,1024,rcfopcitm,3,5,0,12.39
50000,1024,rcfopcitm,3,5,1,11.980000000000002
50000,1024,rcfopcitm,3,5,2,12.519999999999998
50000,1024,rcfopcitm,3,5,3,12.339999999999996
50000,1024,rcfopcitm,3,5,4,12.350000000000005
50000,1024,rcfopcitm,3,5,5,12.319999999999997
50000,1024,rcfopcitm,3,5,6,12.709999999999999
50000,1024,rcfopcitm,3,5,7,12.370000000000003
50000,1024,rcfopcitm,3,5,8,12.529999999999998
50000,1024,rcfopcitm,3,5,9,12.290000000000001
50000,1024,rcfopcitm,3,6,0,12.450000000000006
50000,1024,rcfopcitm,3,6,1,12.680000000000003
50000,1024,rcfopcitm,3,6,2,12.5
50000,1024,rcfopcitm,3,6,3,12.180000000000001
50000,1024,rcfopcitm,3,6,4,12.519999999999998
50000,1024,rcfopcitm,3,6,5,12.409999999999998
50000,1024,rcfopcitm,3,6,6,12.539999999999996
50000,1024,rcfopcitm,3,6,7,12.309999999999999
50000,1024,rcfopcitm,3,6,8,12.319999999999997
50000,1024,rcfopcitm,3,6,9,12.539999999999996
50000,1024,rcfopcitm,3,7,0,12.61
50000,1024,rcfopcitm,3,7,1,12.380000000000003
50000,1024,rcfopcitm,3,7,2,12.380000000000003
50000,1024,rcfopcitm,3,7,3,12.61
50000,1024,rcfopcitm,3,7,4,12.509999999999998
50000,1024,rcfopcitm,3,7,5,12.519999999999998
50000,1024,rcfopcitm,3,7,6,12.61
50000,1024,rcfopcitm,3,7,7,12.2
50000,1024,rcfopcitm,3,7,8,12.419999999999998
50000,1024,rcfopcitm,3,7,9,12.350000000000005
50000,1024,rcfopcitm,3,8,0,12.780000000000003
50000,1024,rcfopcitm,3,8,1,12.39
50000,1024,rcfopcitm,3,8,2,12.470000000000002
50000,1024,rcfopcitm,3,8,3,12.329999999999997
50000,1024,rcfopcitm,3,8,4,12.639999999999995
50000,1024,rcfopcitm,3,8,5,12.419999999999998
50000,1024,rcfopcitm,3,8,6,12.770000000000003
50000,1024,rcfopcitm,3,8,7,12.690000000000001
50000,1024,rcfopcitm,3,8,8,12.639999999999995
50000,1024,rcfopcitm,3,8,9,12.749999999999995
50000,1024,rcfopcitm,3,9,0,12.6
50000,1024,rcfopcitm,3,9,1,12.539999999999996
50000,1024,rcfopcitm,3,9,2,12.660000000000004
50000,1024,rcfopcitm,3,9,3,12.529999999999998
50000,1024,rcfopcitm,3,9,4,12.680000000000003
50000,1024,rcfopcitm,3,9,5,12.649999999999995
50000,1024,rcfopcitm,3,9,6,12.360000000000005
50000,1024,rcfopcitm,3,9,7,12.529999999999998
50000,1024,rcfopcitm,3,9,8,12.670000000000003
50000,1024,rcfopcitm,3,9,9,12.829999999999997
50000,1024,rcfopcitm,5,1,0,12.409999999999998
50000,1024,rcfopcitm,5,1,1,12.560000000000004
50000,1024,rcfopcitm,5,1,2,12.119999999999997
50000,1024,rcfopcitm,5,1,3,12.619999999999997
50000,1024,rcfopcitm,5,1,4,11.829999999999997
50000,1024,rcfopcitm,5,1,5,12.290000000000001
50000,1024,rcfopcitm,5,1,6,12.290000000000001
50000,1024,rcfopcitm,5,1,7,12.3
50000,1024,rcfopcitm,5,1,8,12.219999999999997
50000,1024,rcfopcitm,5,1,9,12.219999999999997
50000,1024,rcfopcitm,5,10,0,11.809999999999999
50000,1024,rcfopcitm,5,10,1,12.229999999999997
50000,1024,rcfopcitm,5,10,2,12.009999999999998
50000,1024,rcfopcitm,5,10,3,11.909999999999998
50000,1024,rcfopcitm,5,10,4,11.970000000000002
50000,1024,rcfopcitm,5,10,5,12.029999999999996
50000,1024,rcfopcitm,5,10,6,11.939999999999994
50000,1024,rcfopcitm,5,10,7,12.009999999999998
50000,1024,rcfopcitm,5,10,8,11.850000000000005
50000,1024,rcfopcitm,5,10,9,12.060000000000004
50000,1024,rcfopcitm,5,2,0,11.839999999999995
50000,1024,rcfopcitm,5,2,1,12.270000000000003
50000,1024,rcfopcitm,5,2,2,12.270000000000003
50000,1024,rcfopcitm,5,2,3,12.139999999999995
50000,1024,rcfopcitm,5,2,4,11.99
50000,1024,rcfopcitm,5,2,5,11.909999999999998
50000,1024,rcfopcitm,5,2,6,12.439999999999996
50000,1024,rcfopcitm,5,2,7,12.490000000000002
50000,1024,rcfopcitm,5,2,8,11.960000000000004
50000,1024,rcfopcitm,5,2,9,12.160000000000004
50000,1024,rcfopcitm,5,3,0,11.880000000000003
50000,1024,rcfopcitm,5,3,1,12.070000000000004
50000,1024,rcfopcitm,5,3,2,12.3
50000,1024,rcfopcitm,5,3,3,12.09
50000,1024,rcfopcitm,5,3,4,11.99
50000,1024,rcfopcitm,5,3,5,11.839999999999995
50000,1024,rcfopcitm,5,3,6,12.070000000000004
50000,1024,rcfopcitm,5,3,7,11.919999999999998
50000,1024,rcfopcitm,5,3,8,11.639999999999995
50000,1024,rcfopcitm,5,3,9,11.719999999999997
50000,1024,rcfopcitm,5,4,0,11.819999999999997
50000,1024,rcfopcitm,5,4,1,12.11
50000,1024,rcfopcitm,5,4,2,12.139999999999995
50000,1024,rcfopcitm,5,4,3,12.170000000000003
50000,1024,rcfopcitm,5,4,4,11.729999999999997
50000,1024,rcfopcitm,5,4,5,11.950000000000005
50000,1024,rcfopcitm,5,4,6,11.839999999999995
50000,1024,rcfopcitm,5,4,7,12.150000000000006
50000,1024,rcfopcitm,5,4,8,11.929999999999996
50000,1024,rcfopcitm,5,4,9,11.719999999999997
50000,1024,rcfopcitm,5,5,0,12.050000000000004
50000,1024,rcfopcitm,5,5,1,11.799999999999999
50000,1024,rcfopcitm,5,5,2,12.039999999999996
50000,1024,rcfopcitm,5,5,3,12.229999999999997
50000,1024,rcfopcitm,5,5,4,11.909999999999998
50000,1024,rcfopcitm,5,5,5,11.960000000000004
50000,1024,rcfopcitm,5,5,6,12.009999999999998
50000,1024,rcfopcitm,5,5,7,11.739999999999995
50000,1024,rcfopcitm,5,5,8,12.290000000000001
50000,1024,rcfopcitm,5,5,9,12.119999999999997
50000,1024,rcfopcitm,5,6,0,11.950000000000005
50000,1024,rcfopcitm,5,6,1,11.970000000000002
50000,1024,rcfopcitm,5,6,2,12.119999999999997
50000,1024,rcfopcitm,5,6,3,12.170000000000003
50000,1024,rcfopcitm,5,6,4,11.929999999999996
50000,1024,rcfopcitm,5,6,5,11.690000000000001
50000,1024,rcfopcitm,5,6,6,11.929999999999996
50000,1024,rcfopcitm,5,6,7,11.919999999999998
50000,1024,rcfopcitm,5,6,8,12.080000000000002
50000,1024,rcfopcitm,5,6,9,11.970000000000002
50000,1024,rcfopcitm,5,7,0,12.190000000000001
50000,1024,rcfopcitm,5,7,1,12.039999999999996
50000,1024,rcfopcitm,5,7,2,11.960000000000004
50000,1024,rcfopcitm,5,7,3,11.719999999999997
50000,1024,rcfopcitm,5,7,4,11.99
50000,1024,rcfopcitm,5,7,5,11.860000000000003
50000,1024,rcfopcitm,5,7,6,11.790000000000001
50000,1024,rcfopcitm,5,7,7,11.829999999999997
50000,1024,rcfopcitm,5,7,8,12.019999999999998
50000,1024,rcfopcitm,5,7,9,11.719999999999997
50000,1024,rcfopcitm,5,8,0,12.080000000000002
50000,1024,rcfopcitm,5,8,1,11.829999999999997
50000,1024,rcfopcitm,5,8,2,11.690000000000001
50000,1024,rcfopcitm,5,8,3,12.009999999999998
50000,1024,rcfopcitm,5,8,4,11.670000000000002
50000,1024,rcfopcitm,5,8,5,12.0
50000,1024,rcfopcitm,5,8,6,11.650000000000006
50000,1024,rcfopcitm,5,8,7,11.619999999999997
50000,1024,rcfopcitm,5,8,8,12.039999999999996
50000,1024,rcfopcitm,5,8,9,12.0
50000,1024,rcfopcitm,5,9,0,11.719999999999997
50000,1024,rcfopcitm,5,9,1,11.919999999999998
50000,1024,rcfopcitm,5,9,2,11.829999999999997
50000,1024,rcfopcitm,5,9,3,11.880000000000003
50000,1024,rcfopcitm,5,9,4,11.819999999999997
50000,1024,rcfopcitm,5,9,5,11.919999999999998
50000,1024,rcfopcitm,5,9,6,11.839999999999995
50000,1024,rcfopcitm,5,9,7,12.219999999999997
50000,1024,rcfopcitm,5,9,8,11.6
50000,1024,rcfopcitm,5,9,9,11.799999999999999
50000,1024,rcfopcitm,7,1,0,11.739999999999995
50000,1024,rcfopcitm,7,1,1,12.039999999999996
50000,1024,rcfopcitm,7,1,2,11.729999999999997
50000,1024,rcfopcitm,7,1,3,12.080000000000002
50000,1024,rcfopcitm,7,1,4,12.260000000000005
50000,1024,rcfopcitm,7,1,5,12.329999999999997
50000,1024,rcfopcitm,7,1,6,12.180000000000001
50000,1024,rcfopcitm,7,1,7,12.180000000000001
50000,1024,rcfopcitm,7,1,8,12.490000000000002
50000,1024,rcfopcitm,7,1,9,12.380000000000003
50000,1024,rcfopcitm,7,10,0,12.480000000000002
50000,1024,rcfopcitm,7,10,1,12.429999999999996
50000,1024,rcfopcitm,7,10,2,12.560000000000004
50000,1024,rcfopcitm,7,10,3,12.549999999999994
50000,1024,rcfopcitm,7,10,4,12.660000000000004
50000,1024,rcfopcitm,7,10,5,12.690000000000001
50000,1024,rcfopcitm,7,10,6,12.470000000000002
50000,1024,rcfopcitm,7,10,7,12.490000000000002
50000,1024,rcfopcitm,7,10,8,12.329999999999997
50000,1024,rcfopcitm,7,10,9,12.660000000000004
50000,1024,rcfopcitm,7,2,0,11.550000000000004
50000,1024,rcfopcitm,7,2,1,11.680000000000001
50000,1024,rcfopcitm,7,2,2,11.899999999999999
50000,1024,rcfopcitm,7,2,3,11.719999999999997
50000,1024,rcfopcitm,7,2,4,11.950000000000005
50000,1024,rcfopcitm,7,2,5,11.760000000000003
50000,1024,rcfopcitm,7,2,6,12.250000000000005
50000,1024,rcfopcitm,7,2,7,11.819999999999997
50000,1024,rcfopcitm,7,2,8,11.690000000000001
50000,1024,rcfopcitm,7,2,9,12.139999999999995
50000,1024,rcfopcitm,7,3,0,11.429999999999996
50000,1024,rcfopcitm,7,3,1,11.550000000000004
50000,1024,rcfopcitm,7,3,2,11.799999999999999
50000,1024,rcfopcitm,7,3,3,11.7
50000,1024,rcfopcitm,7,3,4,11.850000000000005
50000,1024,rcfopcitm,7,3,5,11.660000000000004
50000,1024,rcfopcitm,7,3,6,11.760000000000003
50000,1024,rcfopcitm,7,3,7,11.89
50000,1024,rcfopcitm,7,3,8,11.650000000000006
50000,1024,rcfopcitm,7,3,9,11.7
50000,1024,rcfopcitm,7,4,0,11.309999999999999
50000,1024,rcfopcitm,7,4,1,11.650000000000006
50000,1024,rcfopcitm,7,4,2,11.690000000000001
50000,1024,rcfopcitm,7,4,3,11.360000000000003
50000,1024,rcfopcitm,7,4,4,11.560000000000004
50000,1024,rcfopcitm,7,4,5,11.650000000000006
50000,1024,rcfopcitm,7,4,6,11.819999999999997
50000,1024,rcfopcitm,7,4,7,11.470000000000002
50000,1024,rcfopcitm,7,4,8,11.760000000000003
50000,1024,rcfopcitm,7,4,9,11.739999999999995
50000,1024,rcfopcitm,7,5,0,11.639999999999995
50000,1024,rcfopcitm,7,5,1,11.59
50000,1024,rcfopcitm,7,5,2,11.660000000000004
50000,1024,rcfopcitm,7,5,3,11.629999999999995
50000,1024,rcfopcitm,7,5,4,11.750000000000005
50000,1024,rcfopcitm,7,5,5,11.6
50000,1024,rcfopcitm,7,5,6,11.609999999999998
50000,1024,rcfopcitm,7,5,7,11.860000000000003
50000,1024,rcfopcitm,7,5,8,11.570000000000002
50000,1024,rcfopcitm,7,5,9,11.419999999999996
50000,1024,rcfopcitm,7,6,0,11.7
50000,1024,rcfopcitm,7,6,1,11.750000000000005
50000,1024,rcfopcitm,7,6,2,11.829999999999997
50000,1024,rcfopcitm,7,6,3,11.460000000000004
50000,1024,rcfopcitm,7,6,4,11.59
50000,1024,rcfopcitm,7,6,5,11.329999999999995
50000,1024,rcfopcitm,7,6,6,11.739999999999995
50000,1024,rcfopcitm,7,6,7,11.619999999999997
50000,1024,rcfopcitm,7,6,8,11.570000000000002
50000,1024,rcfopcitm,7,6,9,11.5
50000,1024,rcfopcitm,7,7,0,11.790000000000001
50000,1024,rcfopcitm,7,7,1,11.709999999999997
50000,1024,rcfopcitm,7,7,2,11.609999999999998
50000,1024,rcfopcitm,7,7,3,11.790000000000001
50000,1024,rcfopcitm,7,7,4,11.860000000000003
50000,1024,rcfopcitm,7,7,5,11.899999999999999
50000,1024,rcfopcitm,7,7,6,11.570000000000002
50000,1024,rcfopcitm,7,7,7,11.650000000000006
50000,1024,rcfopcitm,7,7,8,11.5
50000,1024,rcfopcitm,7,7,9,11.560000000000004
50000,1024,rcfopcitm,7,8,0,11.819999999999997
50000,1024,rcfopcitm,7,8,1,11.680000000000001
50000,1024,rcfopcitm,7,8,2,11.770000000000003
50000,1024,rcfopcitm,7,8,3,11.660000000000004
50000,1024,rcfopcitm,7,8,4,11.89
50000,1024,rcfopcitm,7,8,5,11.809999999999999
50000,1024,rcfopcitm,7,8,6,11.860000000000003
50000,1024,rcfopcitm,7,8,7,11.839999999999995
50000,1024,rcfopcitm,7,8,8,11.909999999999998
50000,1024,rcfopcitm,7,8,9,12.050000000000004
50000,1024,rcfopcitm,7,9,0,12.239999999999995
50000,1024,rcfopcitm,7,9,1,12.360000000000005
50000,1024,rcfopcitm,7,9,2,12.060000000000004
50000,1024,rcfopcitm,7,9,3,12.160000000000004
50000,1024,rcfopcitm,7,9,4,12.409999999999998
50000,1024,rcfopcitm,7,9,5,11.960000000000004
50000,1024,rcfopcitm,7,9,6,12.4
50000,1024,rcfopcitm,7,9,7,12.329999999999997
50000,1024,rcfopcitm,7,9,8,12.2
50000,1024,rcfopcitm,7,9,9,12.150000000000006
50000,128,fwd,,,0,12.439999999999996
50000,128,fwd,,,1,12.329999999999997
50000,128,fwd,,,2,12.350000000000005
50000,128,fwd,,,3,12.270000000000003
50000,128,fwd,,,4,12.380000000000003
50000,128,fwd,,,5,12.319999999999997
50000,128,fwd,,,6,12.009999999999998
50000,128,fwd,,,7,12.339999999999996
50000,128,fwd,,,8,12.11
50000,128,fwd,,,9,12.290000000000001
50000,128,rcfopcitm,10,1,0,12.380000000000003
50000,128,rcfopcitm,10,1,1,11.870000000000003
50000,128,rcfopcitm,10,1,2,12.739999999999995
50000,128,rcfopcitm,10,1,3,12.680000000000003
50000,128,rcfopcitm,10,1,4,12.39
50000,128,rcfopcitm,10,1,5,12.209999999999999
50000,128,rcfopcitm,10,1,6,12.460000000000004
50000,128,rcfopcitm,10,1,7,12.370000000000003
50000,128,rcfopcitm,10,1,8,12.250000000000005
50000,128,rcfopcitm,10,1,9,12.4
50000,128,rcfopcitm,10,10,0,17.510000000000005
50000,128,rcfopcitm,10,10,1,17.12
50000,128,rcfopcitm,10,10,2,17.34
50000,128,rcfopcitm,10,10,3,17.869999999999997
50000,128,rcfopcitm,10,10,4,17.349999999999998
50000,128,rcfopcitm,10,10,5,17.42
50000,128,rcfopcitm,10,10,6,17.34
50000,128,rcfopcitm,10,10,7,17.310000000000002
50000,128,rcfopcitm,10,10,8,17.24
50000,128,rcfopcitm,10,10,9,17.349999999999998
50000,128,rcfopcitm,10,2,0,12.6
50000,128,rcfopcitm,10,2,1,12.729999999999997
50000,128,rcfopcitm,10,2,2,12.290000000000001
50000,128,rcfopcitm,10,2,3,12.870000000000005
50000,128,rcfopcitm,10,2,4,12.239999999999995
50000,128,rcfopcitm,10,2,5,12.580000000000002
50000,128,rcfopcitm,10,2,6,12.580000000000002
50000,128,rcfopcitm,10,2,7,12.439999999999996
50000,128,rcfopcitm,10,2,8,12.880000000000003
50000,128,rcfopcitm,10,2,9,12.939999999999996
50000,128,rcfopcitm,10,3,0,13.049999999999995
50000,128,rcfopcitm,10,3,1,12.839999999999996
50000,128,rcfopcitm,10,3,2,13.070000000000004
50000,128,rcfopcitm,10,3,3,13.039999999999996
50000,128,rcfopcitm,10,3,4,12.560000000000004
50000,128,rcfopcitm,10,3,5,12.8
50000,128,rcfopcitm,10,3,6,12.570000000000004
50000,128,rcfopcitm,10,3,7,12.919999999999998
50000,128,rcfopcitm,10,3,8,12.809999999999999
50000,128,rcfopcitm,10,3,9,12.819999999999999
50000,128,rcfopcitm,10,4,0,13.460000000000004
50000,128,rcfopcitm,10,4,1,13.590000000000002
50000,128,rcfopcitm,10,4,2,13.729999999999997
50000,128,rcfopcitm,10,4,3,13.490000000000002
50000,128,rcfopcitm,10,4,4,13.339999999999996
50000,128,rcfopcitm,10,4,5,13.390000000000002
50000,128,rcfopcitm,10,4,6,13.449999999999996
50000,128,rcfopcitm,10,4,7,13.390000000000002
50000,128,rcfopcitm,10,4,8,13.980000000000004
50000,128,rcfopcitm,10,4,9,13.970000000000004
50000,128,rcfopcitm,10,5,0,16.23
50000,128,rcfopcitm,10,5,1,16.03
50000,128,rcfopcitm,10,5,2,16.479999999999993
50000,128,rcfopcitm,10,5,3,16.400000000000002
50000,128,rcfopcitm,10,5,4,15.959999999999997
50000,128,rcfopcitm,10,5,5,16.32
50000,128,rcfopcitm,10,5,6,15.73
50000,128,rcfopcitm,10,5,7,15.800000000000002
50000,128,rcfopcitm,10,5,8,16.01
50000,128,rcfopcitm,10,5,9,15.790000000000004
50000,128,rcfopcitm,10,6,0,16.75
50000,128,rcfopcitm,10,6,1,16.410000000000004
50000,128,rcfopcitm,10,6,2,16.359999999999996
50000,128,rcfopcitm,10,6,3,16.33
50000,128,rcfopcitm,10,6,4,16.559999999999995
50000,128,rcfopcitm,10,6,5,16.439999999999998
50000,128,rcfopcitm,10,6,6,16.53
50000,128,rcfopcitm,10,6,7,16.33
50000,128,rcfopcitm,10,6,8,16.390000000000004
50000,128,rcfopcitm,10,6,9,16.579999999999995
50000,128,rcfopcitm,10,7,0,17.110000000000003
50000,128,rcfopcitm,10,7,1,16.95
50000,128,rcfopcitm,10,7,2,16.769999999999996
50000,128,rcfopcitm,10,7,3,17.310000000000002
50000,128,rcfopcitm,10,7,4,16.82
50000,128,rcfopcitm,10,7,5,16.51
50000,128,rcfopcitm,10,7,6,16.959999999999997
50000,128,rcfopcitm,10,7,7,17.15
50000,128,rcfopcitm,10,7,8,17.24
50000,128,rcfopcitm,10,7,9,17.259999999999998
50000,128,rcfopcitm,10,8,0,17.110000000000003
50000,128,rcfopcitm,10,8,1,17.779999999999994
50000,128,rcfopcitm,10,8,2,17.45
50000,128,rcfopcitm,10,8,3,17.269999999999996
50000,128,rcfopcitm,10,8,4,17.269999999999996
50000,128,rcfopcitm,10,8,5,17.310000000000002
50000,128,rcfopcitm,10,8,6,17.45
50000,128,rcfopcitm,10,8,7,17.23
50000,128,rcfopcitm,10,8,8,17.75
50000,128,rcfopcitm,10,8,9,17.36
50000,128,rcfopcitm,10,9,0,17.24
50000,128,rcfopcitm,10,9,1,16.759999999999998
50000,128,rcfopcitm,10,9,2,17.390000000000004
50000,128,rcfopcitm,10,9,3,16.800000000000004
50000,128,rcfopcitm,10,9,4,16.810000000000002
50000,128,rcfopcitm,10,9,5,16.939999999999998
50000,128,rcfopcitm,10,9,6,17.379999999999995
50000,128,rcfopcitm,10,9,7,17.610000000000003
50000,128,rcfopcitm,10,9,8,17.14
50000,128,rcfopcitm,10,9,9,17.500000000000004
50000,128,rcfopcitm,12,1,0,12.6
50000,128,rcfopcitm,12,1,1,12.5
50000,128,rcfopcitm,12,1,2,12.080000000000002
50000,128,rcfopcitm,12,1,3,12.370000000000003
50000,128,rcfopcitm,12,1,4,12.570000000000004
50000,128,rcfopcitm,12,1,5,12.339999999999996
50000,128,rcfopcitm,12,1,6,12.39
50000,128,rcfopcitm,12,1,7,12.519999999999998
50000,128,rcfopcitm,12,1,8,12.339999999999996
50000,128,rcfopcitm,12,1,9,12.480000000000002
50000,128,rcfopcitm,12,10,0,16.73
50000,128,rcfopcitm,12,10,1,17.220000000000002
50000,128,rcfopcitm,12,10,2,17.330000000000002
50000,128,rcfopcitm,12,10,3,17.000000000000004
50000,128,rcfopcitm,12,10,4,17.410000000000004
50000,128,rcfopcitm,12,10,5,17.349999999999998
50000,128,rcfopcitm,12,10,6,17.56
50000,128,rcfopcitm,12,10,7,17.44
50000,128,rcfopcitm,12,10,8,17.25
50000,128,rcfopcitm,12,10,9,17.04
50000,128,rcfopcitm,12,2,0,12.790000000000001
50000,128,rcfopcitm,12,2,1,12.580000000000002
50000,128,rcfopcitm,12,2,2,12.580000000000002
50000,128,rcfopcitm,12,2,3,12.480000000000002
50000,128,rcfopcitm,12,2,4,12.560000000000004
50000,128,rcfopcitm,12,2,5,12.239999999999995
50000,128,rcfopcitm,12,2,6,12.790000000000001
50000,128,rcfopcitm,12,2,7,12.509999999999998
50000,128,rcfopcitm,12,2,8,12.8
50000,128,rcfopcitm,12,2,9,12.280000000000001
50000,128,rcfopcitm,12,3,0,12.89
50000,128,rcfopcitm,12,3,1,12.819999999999999
50000,128,rcfopcitm,12,3,2,12.7
50000,128,rcfopcitm,12,3,3,13.060000000000006
50000,128,rcfopcitm,12,3,4,12.780000000000003
50000,128,rcfopcitm,12,3,5,12.839999999999996
50000,128,rcfopcitm,12,3,6,12.870000000000005
50000,128,rcfopcitm,12,3,7,12.970000000000004
50000,128,rcfopcitm,12,3,8,12.729999999999997
50000,128,rcfopcitm,12,3,9,12.9
50000,128,rcfopcitm,12,4,0,15.069999999999995
50000,128,rcfopcitm,12,4,1,15.359999999999996
50000,128,rcfopcitm,12,4,2,15.080000000000005
50000,128,rcfopcitm,12,4,3,15.180000000000005
50000,128,rcfopcitm,12,4,4,15.069999999999995
50000,128,rcfopcitm,12,4,5,15.110000000000001
50000,128,rcfopcitm,12,4,6,15.010000000000002
50000,128,rcfopcitm,12,4,7,14.959999999999996
50000,128,rcfopcitm,12,4,8,15.120000000000001
50000,128,rcfopcitm,12,4,9,14.949999999999996
50000,128,rcfopcitm,12,5,0,16.24
50000,128,rcfopcitm,12,5,1,16.090000000000003
50000,128,rcfopcitm,12,5,2,16.14
50000,128,rcfopcitm,12,5,3,15.900000000000002
50000,128,rcfopcitm,12,5,4,15.669999999999995
50000,128,rcfopcitm,12,5,5,16.110000000000003
50000,128,rcfopcitm,12,5,6,15.410000000000002
50000,128,rcfopcitm,12,5,7,15.859999999999996
50000,128,rcfopcitm,12,5,8,15.920000000000002
50000,128,rcfopcitm,12,5,9,15.629999999999999
50000,128,rcfopcitm,12,6,0,16.659999999999997
50000,128,rcfopcitm,12,6,1,16.04
50000,128,rcfopcitm,12,6,2,16.14
50000,128,rcfopcitm,12,6,3,16.879999999999995
50000,128,rcfopcitm,12,6,4,16.379999999999995
50000,128,rcfopcitm,12,6,5,16.459999999999997
50000,128,rcfopcitm,12,6,6,16.54
50000,128,rcfopcitm,12,6,7,16.000000000000004
50000,128,rcfopcitm,12,6,8,16.490000000000006
50000,128,rcfopcitm,12,6,9,16.33
50000,128,rcfopcitm,12,7,0,17.100000000000005
50000,128,rcfopcitm,12,7,1,17.14
50000,128,rcfopcitm,12,7,2,16.579999999999995
50000,128,rcfopcitm,12,7,3,16.669999999999995
50000,128,rcfopcitm,12,7,4,16.700000000000003
50000,128,rcfopcitm,12,7,5,16.779999999999994
50000,128,rcfopcitm,12,7,6,16.54
50000,128,rcfopcitm,12,7,7,16.93
50000,128,rcfopcitm,12,7,8,16.990000000000006
50000,128,rcfopcitm,12,7,9,17.290000000000006
50000,128,rcfopcitm,12,8,0,16.769999999999996
50000,128,rcfopcitm,12,8,1,16.82
50000,128,rcfopcitm,12,8,2,16.95
50000,128,rcfopcitm,12,8,3,16.900000000000006
50000,128,rcfopcitm,12,8,4,16.890000000000004
50000,128,rcfopcitm,12,8,5,17.25
50000,128,rcfopcitm,12,8,6,16.569999999999997
50000,128,rcfopcitm,12,8,7,16.74
50000,128,rcfopcitm,12,8,8,16.700000000000003
50000,128,rcfopcitm,12,8,9,16.73
50000,128,rcfopcitm,12,9,0,16.879999999999995
50000,128,rcfopcitm,12,9,1,17.179999999999996
50000,128,rcfopcitm,12,9,2,17.130000000000003
50000,128,rcfopcitm,12,9,3,17.259999999999998
50000,128,rcfopcitm,12,9,4,17.079999999999995
50000,128,rcfopcitm,12,9,5,16.64
50000,128,rcfopcitm,12,9,6,17.210000000000004
50000,128,rcfopcitm,12,9,7,17.020000000000003
50000,128,rcfopcitm,12,9,8,17.12
50000,128,rcfopcitm,12,9,9,17.330000000000002
50000,128,rcfopcitm,2,1,0,12.350000000000005
50000,128,rcfopcitm,2,1,1,12.409999999999998
50000,128,rcfopcitm,2,1,2,12.549999999999994
50000,128,rcfopcitm,2,1,3,12.329999999999997
50000,128,rcfopcitm,2,1,4,12.11
50000,128,rcfopcitm,2,1,5,12.509999999999998
50000,128,rcfopcitm,2,1,6,12.229999999999997
50000,128,rcfopcitm,2,1,7,12.270000000000003
50000,128,rcfopcitm,2,1,8,12.5
50000,128,rcfopcitm,2,1,9,12.339999999999996
50000,128,rcfopcitm,2,10,0,13.01
50000,128,rcfopcitm,2,10,1,12.809999999999999
50000,128,rcfopcitm,2,10,2,12.619999999999997
50000,128,rcfopcitm,2,10,3,12.649999999999995
50000,128,rcfopcitm,2,10,4,12.709999999999999
50000,128,rcfopcitm,2,10,5,12.849999999999994
50000,128,rcfopcitm,2,10,6,12.6
50000,128,rcfopcitm,2,10,7,12.929999999999996
50000,128,rcfopcitm,2,10,8,12.89
50000,128,rcfopcitm,2,10,9,12.9
50000,128,rcfopcitm,2,2,0,12.460000000000004
50000,128,rcfopcitm,2,2,1,12.360000000000005
50000,128,rcfopcitm,2,2,2,12.480000000000002
50000,128,rcfopcitm,2,2,3,12.250000000000005
50000,128,rcfopcitm,2,2,4,12.350000000000005
50000,128,rcfopcitm,2,2,5,12.619999999999997
50000,128,rcfopcitm,2,2,6,12.350000000000005
50000,128,rcfopcitm,2,2,7,12.050000000000004
50000,128,rcfopcitm,2,2,8,12.380000000000003
50000,128,rcfopcitm,2,2,9,12.450000000000006
50000,128,rcfopcitm,2,3,0,12.670000000000003
50000,128,rcfopcitm,2,3,1,12.450000000000006
50000,128,rcfopcitm,2,3,2,12.239999999999995
50000,128,rcfopcitm,2,3,3,12.319999999999997
50000,128,rcfopcitm,2,3,4,11.99
50000,128,rcfopcitm,2,3,5,12.450000000000006
50000,128,rcfopcitm,2,3,6,12.270000000000003
50000,128,rcfopcitm,2,3,7,12.4
50000,128,rcfopcitm,2,3,8,12.309999999999999
50000,128,rcfopcitm,2,3,9,12.370000000000003
50000,128,rcfopcitm,2,4,0,12.490000000000002
50000,128,rcfopcitm,2,4,1,12.309999999999999
50000,128,rcfopcitm,2,4,2,12.309999999999999
50000,128,rcfopcitm,2,4,3,12.139999999999995
50000,128,rcfopcitm,2,4,4,12.3
50000,128,rcfopcitm,2,4,5,12.3
50000,128,rcfopcitm,2,4,6,12.470000000000002
50000,128,rcfopcitm,2,4,7,12.839999999999996
50000,128,rcfopcitm,2,4,8,12.450000000000006
50000,128,rcfopcitm,2,4,9,12.350000000000005
50000,128,rcfopcitm,2,5,0,12.770000000000003
50000,128,rcfopcitm,2,5,1,12.070000000000004
50000,128,rcfopcitm,2,5,2,12.580000000000002
50000,128,rcfopcitm,2,5,3,12.360000000000005
50000,128,rcfopcitm,2,5,4,12.429999999999996
50000,128,rcfopcitm,2,5,5,12.450000000000006
50000,128,rcfopcitm,2,5,6,12.270000000000003
50000,128,rcfopcitm,2,5,7,12.409999999999998
50000,128,rcfopcitm,2,5,8,12.729999999999997
50000,128,rcfopcitm,2,5,9,12.450000000000006
50000,128,rcfopcitm,2,6,0,12.419999999999998
50000,128,rcfopcitm,2,6,1,12.350000000000005
50000,128,rcfopcitm,2,6,2,12.760000000000005
50000,128,rcfopcitm,2,6,3,12.570000000000004
50000,128,rcfopcitm,2,6,4,12.89
50000,128,rcfopcitm,2,6,5,12.560000000000004
50000,128,rcfopcitm,2,6,6,12.119999999999997
50000,128,rcfopcitm,2,6,7,12.709999999999999
50000,128,rcfopcitm,2,6,8,11.980000000000002
50000,128,rcfopcitm,2,6,9,12.419999999999998
50000,128,rcfopcitm,2,7,0,12.329999999999997
50000,128,rcfopcitm,2,7,1,12.290000000000001
50000,128,rcfopcitm,2,7,2,12.619999999999997
50000,128,rcfopcitm,2,7,3,12.470000000000002
50000,128,rcfopcitm,2,7,4,12.629999999999997
50000,128,rcfopcitm,2,7,5,12.519999999999998
50000,128,rcfopcitm,2,7,6,12.7
50000,128,rcfopcitm,2,7,7,13.0
50000,128,rcfopcitm,2,7,8,12.280000000000001
50000,128,rcfopcitm,2,7,9,12.490000000000002
50000,128,rcfopcitm,2,8,0,12.549999999999994
50000,128,rcfopcitm,2,8,1,12.450000000000006
50000,128,rcfopcitm,2,8,2,12.190000000000001
50000,128,rcfopcitm,2,8,3,12.590000000000002
50000,128,rcfopcitm,2,8,4,12.880000000000003
50000,128,rcfopcitm,2,8,5,12.5
50000,128,rcfopcitm,2,8,6,12.319999999999997
50000,128,rcfopcitm,2,8,7,12.490000000000002
50000,128,rcfopcitm,2,8,8,12.849999999999994
50000,128,rcfopcitm,2,8,9,12.960000000000004
50000,128,rcfopcitm,2,9,0,12.670000000000003
50000,128,rcfopcitm,2,9,1,12.939999999999996
50000,128,rcfopcitm,2,9,2,12.470000000000002
50000,128,rcfopcitm,2,9,3,12.649999999999995
50000,128,rcfopcitm,2,9,4,12.839999999999996
50000,128,rcfopcitm,2,9,5,12.709999999999999
50000,128,rcfopcitm,2,9,6,12.860000000000005
50000,128,rcfopcitm,2,9,7,12.439999999999996
50000,128,rcfopcitm,2,9,8,12.7
50000,128,rcfopcitm,2,9,9,12.849999999999994
50000,128,rcfopcitm,3,1,0,12.339999999999996
50000,128,rcfopcitm,3,1,1,12.529999999999998
50000,128,rcfopcitm,3,1,2,12.309999999999999
50000,128,rcfopcitm,3,1,3,12.2
50000,128,rcfopcitm,3,1,4,11.939999999999994
50000,128,rcfopcitm,3,1,5,12.460000000000004
50000,128,rcfopcitm,3,1,6,12.250000000000005
50000,128,rcfopcitm,3,1,7,12.250000000000005
50000,128,rcfopcitm,3,1,8,12.470000000000002
50000,128,rcfopcitm,3,1,9,12.319999999999997
50000,128,rcfopcitm,3,10,0,13.280000000000003
50000,128,rcfopcitm,3,10,1,13.160000000000005
50000,128,rcfopcitm,3,10,2,13.460000000000004
50000,128,rcfopcitm,3,10,3,13.149999999999995
50000,128,rcfopcitm,3,10,4,13.049999999999995
50000,128,rcfopcitm,3,10,5,13.429999999999998
50000,128,rcfopcitm,3,10,6,12.570000000000004
50000,128,rcfopcitm,3,10,7,13.470000000000004
50000,128,rcfopcitm,3,10,8,13.859999999999994
50000,128,rcfopcitm,3,10,9,13.270000000000003
50000,128,rcfopcitm,3,2,0,12.409999999999998
50000,128,rcfopcitm,3,2,1,12.39
50000,128,rcfopcitm,3,2,2,12.480000000000002
50000,128,rcfopcitm,3,2,3,12.029999999999996
50000,128,rcfopcitm,3,2,4,12.439999999999996
50000,128,rcfopcitm,3,2,5,12.409999999999998
50000,128,rcfopcitm,3,2,6,12.290000000000001
50000,128,rcfopcitm,3,2,7,12.250000000000005
50000,128,rcfopcitm,3,2,8,12.329999999999997
50000,128,rcfopcitm,3,2,9,12.360000000000005
50000,128,rcfopcitm,3,3,0,12.270000000000003
50000,128,rcfopcitm,3,3,1,12.780000000000003
50000,128,rcfopcitm,3,3,2,12.039999999999996
50000,128,rcfopcitm,3,3,3,12.670000000000003
50000,128,rcfopcitm,3,3,4,11.839999999999995
50000,128,rcfopcitm,3,3,5,12.439999999999996
50000,128,rcfopcitm,3,3,6,12.309999999999999
50000,128,rcfopcitm,3,3,7,12.429999999999996
50000,128,rcfopcitm,3,3,8,12.429999999999996
50000,128,rcfopcitm,3,3,9,12.549999999999994
50000,128,rcfopcitm,3,4,0,12.870000000000005
50000,128,rcfopcitm,3,4,1,12.529999999999998
50000,128,rcfopcitm,3,4,2,12.6
50000,128,rcfopcitm,3,4,3,12.070000000000004
50000,128,rcfopcitm,3,4,4,12.380000000000003
50000,128,rcfopcitm,3,4,5,12.339999999999996
50000,128,rcfopcitm,3,4,6,12.380000000000003
50000,128,rcfopcitm,3,4,7,12.660000000000004
50000,128,rcfopcitm,3,4,8,12.170000000000003
50000,128,rcfopcitm,3,4,9,12.89
50000,128,rcfopcitm,3,5,0,12.849999999999994
50000,128,rcfopcitm,3,5,1,12.91
50000,128,rcfopcitm,3,5,2,12.9
50000,128,rcfopcitm,3,5,3,12.0
50000,128,rcfopcitm,3,5,4,12.519999999999998
50000,128,rcfopcitm,3,5,5,12.470000000000002
50000,128,rcfopcitm,3,5,6,12.549999999999994
50000,128,rcfopcitm,3,5,7,12.450000000000006
50000,128,rcfopcitm,3,5,8,12.439999999999996
50000,128,rcfopcitm,3,5,9,12.490000000000002
50000,128,rcfopcitm,3,6,0,13.139999999999997
50000,128,rcfopcitm,3,6,1,12.549999999999994
50000,128,rcfopcitm,3,6,2,12.8
50000,128,rcfopcitm,3,6,3,12.690000000000001
50000,128,rcfopcitm,3,6,4,12.880000000000003
50000,128,rcfopcitm,3,6,5,12.170000000000003
50000,128,rcfopcitm,3,6,6,12.5
50000,128,rcfopcitm,3,6,7,12.9
50000,128,rcfopcitm,3,6,8,12.719999999999999
50000,128,rcfopcitm,3,6,9,12.450000000000006
50000,128,rcfopcitm,3,7,0,12.860000000000005
50000,128,rcfopcitm,3,7,1,13.260000000000005
50000,128,rcfopcitm,3,7,2,12.580000000000002
50000,128,rcfopcitm,3,7,3,12.529999999999998
50000,128,rcfopcitm,3,7,4,13.090000000000002
50000,128,rcfopcitm,3,7,5,12.580000000000002
50000,128,rcfopcitm,3,7,6,12.849999999999994
50000,128,rcfopcitm,3,7,7,12.870000000000005
50000,128,rcfopcitm,3,7,8,12.760000000000005
50000,128,rcfopcitm,3,7,9,12.790000000000001
50000,128,rcfopcitm,3,8,0,12.929999999999996
50000,128,rcfopcitm,3,8,1,13.170000000000003
50000,128,rcfopcitm,3,8,2,12.719999999999999
50000,128,rcfopcitm,3,8,3,13.160000000000005
50000,128,rcfopcitm,3,8,4,12.89
50000,128,rcfopcitm,3,8,5,13.190000000000001
50000,128,rcfopcitm,3,8,6,13.3
50000,128,rcfopcitm,3,8,7,12.760000000000005
50000,128,rcfopcitm,3,8,8,13.129999999999997
50000,128,rcfopcitm,3,8,9,13.070000000000004
50000,128,rcfopcitm,3,9,0,13.100000000000001
50000,128,rcfopcitm,3,9,1,13.3
50000,128,rcfopcitm,3,9,2,12.9
50000,128,rcfopcitm,3,9,3,13.139999999999997
50000,128,rcfopcitm,3,9,4,13.4
50000,128,rcfopcitm,3,9,5,13.170000000000003
50000,128,rcfopcitm,3,9,6,12.949999999999996
50000,128,rcfopcitm,3,9,7,13.060000000000006
50000,128,rcfopcitm,3,9,8,12.9
50000,128,rcfopcitm,3,9,9,13.029999999999998
50000,128,rcfopcitm,5,1,0,12.1
50000,128,rcfopcitm,5,1,1,12.319999999999997
50000,128,rcfopcitm,5,1,2,12.61
50000,128,rcfopcitm,5,1,3,12.229999999999997
50000,128,rcfopcitm,5,1,4,12.129999999999995
50000,128,rcfopcitm,5,1,5,12.270000000000003
50000,128,rcfopcitm,5,1,6,12.360000000000005
50000,128,rcfopcitm,5,1,7,12.419999999999998
50000,128,rcfopcitm,5,1,8,12.429999999999996
50000,128,rcfopcitm,5,1,9,12.190000000000001
50000,128,rcfopcitm,5,10,0,16.669999999999995
50000,128,rcfopcitm,5,10,1,15.410000000000002
50000,128,rcfopcitm,5,10,2,16.790000000000006
50000,128,rcfopcitm,5,10,3,16.479999999999993
50000,128,rcfopcitm,5,10,4,16.84
50000,128,rcfopcitm,5,10,5,16.800000000000004
50000,128,rcfopcitm,5,10,6,16.549999999999997
50000,128,rcfopcitm,5,10,7,17.390000000000004
50000,128,rcfopcitm,5,10,8,16.090000000000003
50000,128,rcfopcitm,5,10,9,16.74
50000,128,rcfopcitm,5,2,0,12.670000000000003
50000,128,rcfopcitm,5,2,1,12.450000000000006
50000,128,rcfopcitm,5,2,2,12.250000000000005
50000,128,rcfopcitm,5,2,3,12.660000000000004
50000,128,rcfopcitm,5,2,4,12.370000000000003
50000,128,rcfopcitm,5,2,5,12.61
50000,128,rcfopcitm,5,2,6,12.329999999999997
50000,128,rcfopcitm,5,2,7,12.460000000000004
50000,128,rcfopcitm,5,2,8,12.529999999999998
50000,128,rcfopcitm,5,2,9,12.060000000000004
50000,128,rcfopcitm,5,3,0,12.429999999999996
50000,128,rcfopcitm,5,3,1,12.6
50000,128,rcfopcitm,5,3,2,12.339999999999996
50000,128,rcfopcitm,5,3,3,12.350000000000005
50000,128,rcfopcitm,5,3,4,12.880000000000003
50000,128,rcfopcitm,5,3,5,12.649999999999995
50000,128,rcfopcitm,5,3,6,12.560000000000004
50000,128,rcfopcitm,5,3,7,12.519999999999998
50000,128,rcfopcitm,5,3,8,12.409999999999998
50000,128,rcfopcitm,5,3,9,12.990000000000002
50000,128,rcfopcitm,5,4,0,12.470000000000002
50000,128,rcfopcitm,5,4,1,12.480000000000002
50000,128,rcfopcitm,5,4,2,12.560000000000004
50000,128,rcfopcitm,5,4,3,12.7
50000,128,rcfopcitm,5,4,4,12.729999999999997
50000,128,rcfopcitm,5,4,5,12.450000000000006
50000,128,rcfopcitm,5,4,6,12.760000000000005
50000,128,rcfopcitm,5,4,7,12.990000000000002
50000,128,rcfopcitm,5,4,8,12.809999999999999
50000,128,rcfopcitm,5,4,9,12.780000000000003
50000,128,rcfopcitm,5,5,0,12.880000000000003
50000,128,rcfopcitm,5,5,1,13.160000000000005
50000,128,rcfopcitm,5,5,2,12.739999999999995
50000,128,rcfopcitm,5,5,3,12.770000000000003
50000,128,rcfopcitm,5,5,4,12.939999999999996
50000,128,rcfopcitm,5,5,5,12.709999999999999
50000,128,rcfopcitm,5,5,6,12.949999999999996
50000,128,rcfopcitm,5,5,7,12.790000000000001
50000,128,rcfopcitm,5,5,8,13.01
50000,128,rcfopcitm,5,5,9,12.949999999999996
50000,128,rcfopcitm,5,6,0,12.790000000000001
50000,128,rcfopcitm,5,6,1,12.870000000000005
50000,128,rcfopcitm,5,6,2,13.070000000000004
50000,128,rcfopcitm,5,6,3,12.839999999999996
50000,128,rcfopcitm,5,6,4,13.139999999999997
50000,128,rcfopcitm,5,6,5,13.319999999999999
50000,128,rcfopcitm,5,6,6,13.129999999999997
50000,128,rcfopcitm,5,6,7,12.980000000000002
50000,128,rcfopcitm,5,6,8,13.129999999999997
50000,128,rcfopcitm,5,6,9,13.119999999999997
50000,128,rcfopcitm,5,7,0,13.019999999999998
50000,128,rcfopcitm,5,7,1,13.170000000000003
50000,128,rcfopcitm,5,7,2,13.380000000000003
50000,128,rcfopcitm,5,7,3,13.170000000000003
50000,128,rcfopcitm,5,7,4,13.01
50000,128,rcfopcitm,5,7,5,13.209999999999999
50000,128,rcfopcitm,5,7,6,13.329999999999998
50000,128,rcfopcitm,5,7,7,13.090000000000002
50000,128,rcfopcitm,5,7,8,13.260000000000005
50000,128,rcfopcitm,5,7,9,12.670000000000003
50000,128,rcfopcitm,5,8,0,13.739999999999997
50000,128,rcfopcitm,5,8,1,13.71
50000,128,rcfopcitm,5,8,2,13.980000000000004
50000,128,rcfopcitm,5,8,3,13.529999999999998
50000,128,rcfopcitm,5,8,4,13.62
50000,128,rcfopcitm,5,8,5,13.549999999999995
50000,128,rcfopcitm,5,8,6,13.490000000000002
50000,128,rcfopcitm,5,8,7,13.649999999999995
50000,128,rcfopcitm,5,8,8,13.51
50000,128,rcfopcitm,5,8,9,13.190000000000001
50000,128,rcfopcitm,5,9,0,14.849999999999996
50000,128,rcfopcitm,5,9,1,14.849999999999996
50000,128,rcfopcitm,5,9,2,14.719999999999999
50000,128,rcfopcitm,5,9,3,14.680000000000003
50000,128,rcfopcitm,5,9,4,14.570000000000006
50000,128,rcfopcitm,5,9,5,14.649999999999997
50000,128,rcfopcitm,5,9,6,14.059999999999995
50000,128,rcfopcitm,5,9,7,14.729999999999999
50000,128,rcfopcitm,5,9,8,14.939999999999998
50000,128,rcfopcitm,5,9,9,14.41
50000,128,rcfopcitm,7,1,0,12.319999999999997
50000,128,rcfopcitm,7,1,1,12.490000000000002
50000,128,rcfopcitm,7,1,2,12.409999999999998
50000,128,rcfopcitm,7,1,3,12.260000000000005
50000,128,rcfopcitm,7,1,4,12.570000000000004
50000,128,rcfopcitm,7,1,5,12.480000000000002
50000,128,rcfopcitm,7,1,6,12.5
50000,128,rcfopcitm,7,1,7,12.070000000000004
50000,128,rcfopcitm,7,1,8,12.380000000000003
50000,128,rcfopcitm,7,1,9,12.439999999999996
50000,128,rcfopcitm,7,10,0,17.84
50000,128,rcfopcitm,7,10,1,17.679999999999996
50000,128,rcfopcitm,7,10,2,17.579999999999995
50000,128,rcfopcitm,7,10,3,17.630000000000003
50000,128,rcfopcitm,7,10,4,17.720000000000002
50000,128,rcfopcitm,7,10,5,17.879999999999995
50000,128,rcfopcitm,7,10,6,17.64
50000,128,rcfopcitm,7,10,7,17.54
50000,128,rcfopcitm,7,10,8,17.600000000000005
50000,128,rcfopcitm,7,10,9,17.220000000000002
50000,128,rcfopcitm,7,2,0,12.549999999999994
50000,128,rcfopcitm,7,2,1,12.670000000000003
50000,128,rcfopcitm,7,2,2,12.580000000000002
50000,128,rcfopcitm,7,2,3,12.280000000000001
50000,128,rcfopcitm,7,2,4,12.229999999999997
50000,128,rcfopcitm,7,2,5,12.280000000000001
50000,128,rcfopcitm,7,2,6,12.819999999999999
50000,128,rcfopcitm,7,2,7,12.8
50000,128,rcfopcitm,7,2,8,12.6
50000,128,rcfopcitm,7,2,9,12.809999999999999
50000,128,rcfopcitm,7,3,0,13.090000000000002
50000,128,rcfopcitm,7,3,1,13.080000000000002
50000,128,rcfopcitm,7,3,2,13.180000000000003
50000,128,rcfopcitm,7,3,3,12.91
50000,128,rcfopcitm,7,3,4,12.590000000000002
50000,128,rcfopcitm,7,3,5,12.61
50000,128,rcfopcitm,7,3,6,12.919999999999998
50000,128,rcfopcitm,7,3,7,12.439999999999996
50000,128,rcfopcitm,7,3,8,12.8
50000,128,rcfopcitm,7,3,9,12.860000000000005
50000,128,rcfopcitm,7,4,0,13.360000000000005
50000,128,rcfopcitm,7,4,1,12.760000000000005
50000,128,rcfopcitm,7,4,2,12.870000000000005
50000,128,rcfopcitm,7,4,3,12.860000000000005
50000,128,rcfopcitm,7,4,4,13.029999999999998
50000,128,rcfopcitm,7,4,5,13.100000000000001
50000,128,rcfopcitm,7,4,6,13.119999999999997
50000,128,rcfopcitm,7,4,7,12.780000000000003
50000,128,rcfopcitm,7,4,8,13.209999999999999
50000,128,rcfopcitm,7,4,9,12.749999999999995
50000,128,rcfopcitm,7,5,0,13.139999999999997
50000,128,rcfopcitm,7,5,1,13.0
50000,128,rcfopcitm,7,5,2,12.980000000000002
50000,128,rcfopcitm,7,5,3,13.0
50000,128,rcfopcitm,7,5,4,12.849999999999994
50000,128,rcfopcitm,7,5,5,13.329999999999998
50000,128,rcfopcitm,7,5,6,13.4
50000,128,rcfopcitm,7,5,7,12.960000000000004
50000,128,rcfopcitm,7,5,8,13.160000000000005
50000,128,rcfopcitm,7,5,9,13.029999999999998
50000,128,rcfopcitm,7,6,0,13.839999999999996
50000,128,rcfopcitm,7,6,1,14.129999999999999
50000,128,rcfopcitm,7,6,2,14.339999999999996
50000,128,rcfopcitm,7,6,3,14.349999999999996
50000,128,rcfopcitm,7,6,4,14.529999999999998
50000,128,rcfopcitm,7,6,5,14.21
50000,128,rcfopcitm,7,6,6,14.539999999999997
50000,128,rcfopcitm,7,6,7,14.139999999999997
50000,128,rcfopcitm,7,6,8,14.090000000000003
50000,128,rcfopcitm,7,6,9,14.219999999999999
50000,128,rcfopcitm,7,7,0,16.659999999999997
50000,128,rcfopcitm,7,7,1,16.979999999999997
50000,128,rcfopcitm,7,7,2,16.869999999999997
50000,128,rcfopcitm,7,7,3,16.569999999999997
50000,128,rcfopcitm,7,7,4,16.42
50000,128,rcfopcitm,7,7,5,17.06
50000,128,rcfopcitm,7,7,6,17.01
50000,128,rcfopcitm,7,7,7,16.84
50000,128,rcfopcitm,7,7,8,16.45
50000,128,rcfopcitm,7,7,9,17.12
50000,128,rcfopcitm,7,8,0,16.74
50000,128,rcfopcitm,7,8,1,16.939999999999998
50000,128,rcfopcitm,7,8,2,16.95
50000,128,rcfopcitm,7,8,3,16.810000000000002
50000,128,rcfopcitm,7,8,4,17.369999999999997
50000,128,rcfopcitm,7,8,5,16.810000000000002
50000,128,rcfopcitm,7,8,6,16.879999999999995
50000,128,rcfopcitm,7,8,7,16.759999999999998
50000,128,rcfopcitm,7,8,8,17.069999999999997
50000,128,rcfopcitm,7,8,9,16.830000000000002
50000,128,rcfopcitm,7,9,0,16.95
50000,128,rcfopcitm,7,9,1,17.069999999999997
50000,128,rcfopcitm,7,9,2,16.84
50000,128,rcfopcitm,7,9,3,17.53
50000,128,rcfopcitm,7,9,4,17.279999999999994
50000,128,rcfopcitm,7,9,5,17.390000000000004
50000,128,rcfopcitm,7,9,6,16.800000000000004
50000,128,rcfopcitm,7,9,7,17.369999999999997
50000,128,rcfopcitm,7,9,8,16.82
50000,128,rcfopcitm,7,9,9,17.220000000000002
50000,2048,fwd,,,0,13.339999999999996
50000,2048,fwd,,,1,13.260000000000005
50000,2048,fwd,,,2,13.549999999999995
50000,2048,fwd,,,3,13.160000000000005
50000,2048,fwd,,,4,13.419999999999998
50000,2048,fwd,,,5,13.019999999999998
50000,2048,fwd,,,6,13.070000000000004
50000,2048,fwd,,,7,13.100000000000001
50000,2048,fwd,,,8,13.580000000000004
50000,2048,fwd,,,9,12.839999999999996
50000,2048,rcfopcitm,10,1,0,12.180000000000001
50000,2048,rcfopcitm,10,1,1,12.360000000000005
50000,2048,rcfopcitm,10,1,2,12.680000000000003
50000,2048,rcfopcitm,10,1,3,12.139999999999995
50000,2048,rcfopcitm,10,1,4,12.409999999999998
50000,2048,rcfopcitm,10,1,5,12.580000000000002
50000,2048,rcfopcitm,10,1,6,12.119999999999997
50000,2048,rcfopcitm,10,1,7,12.119999999999997
50000,2048,rcfopcitm,10,1,8,12.209999999999999
50000,2048,rcfopcitm,10,1,9,12.6
50000,2048,rcfopcitm,10,10,0,15.869999999999996
50000,2048,rcfopcitm,10,10,1,16.13
50000,2048,rcfopcitm,10,10,2,15.969999999999995
50000,2048,rcfopcitm,10,10,3,15.329999999999998
50000,2048,rcfopcitm,10,10,4,15.739999999999998
50000,2048,rcfopcitm,10,10,5,15.880000000000006
50000,2048,rcfopcitm,10,10,6,16.32
50000,2048,rcfopcitm,10,10,7,15.849999999999998
50000,2048,rcfopcitm,10,10,8,15.200000000000003
50000,2048,rcfopcitm,10,10,9,15.82
50000,2048,rcfopcitm,10,2,0,11.680000000000001
50000,2048,rcfopcitm,10,2,1,11.790000000000001
50000,2048,rcfopcitm,10,2,2,11.729999999999997
50000,2048,rcfopcitm,10,2,3,11.739999999999995
50000,2048,rcfopcitm,10,2,4,11.429999999999996
50000,2048,rcfopcitm,10,2,5,11.829999999999997
50000,2048,rcfopcitm,10,2,6,11.760000000000003
50000,2048,rcfopcitm,10,2,7,11.49
50000,2048,rcfopcitm,10,2,8,11.419999999999996
50000,2048,rcfopcitm,10,2,9,11.439999999999994
50000,2048,rcfopcitm,10,3,0,11.009999999999998
50000,2048,rcfopcitm,10,3,1,11.650000000000006
50000,2048,rcfopcitm,10,3,2,11.660000000000004
50000,2048,rcfopcitm,10,3,3,11.209999999999997
50000,2048,rcfopcitm,10,3,4,11.240000000000006
50000,2048,rcfopcitm,10,3,5,11.29
50000,2048,rcfopcitm,10,3,6,11.609999999999998
50000,2048,rcfopcitm,10,3,7,11.580000000000002
50000,2048,rcfopcitm,10,3,8,11.350000000000005
50000,2048,rcfopcitm,10,3,9,11.270000000000003
50000,2048,rcfopcitm,10,4,0,11.129999999999995
50000,2048,rcfopcitm,10,4,1,11.080000000000002
50000,2048,rcfopcitm,10,4,2,10.89
50000,2048,rcfopcitm,10,4,3,11.19
50000,2048,rcfopcitm,10,4,4,11.319999999999997
50000,2048,rcfopcitm,10,4,5,11.160000000000004
50000,2048,rcfopcitm,10,4,6,11.040000000000006
50000,2048,rcfopcitm,10,4,7,11.19
50000,2048,rcfopcitm,10,4,8,10.89
50000,2048,rcfopcitm,10,4,9,11.509999999999998
50000,2048,rcfopcitm,10,5,0,10.799999999999999
50000,2048,rcfopcitm,10,5,1,10.940000000000005
50000,2048,rcfopcitm,10,5,2,11.280000000000001
50000,2048,rcfopcitm,10,5,3,11.250000000000004
50000,2048,rcfopcitm,10,5,4,11.240000000000006
50000,2048,rcfopcitm,10,5,5,11.19
50000,2048,rcfopcitm,10,5,6,11.029999999999996
50000,2048,rcfopcitm,10,5,7,11.38
50000,2048,rcfopcitm,10,5,8,10.850000000000005
50000,2048,rcfopcitm,10,5,9,11.29
50000,2048,rcfopcitm,10,6,0,11.429999999999996
50000,2048,rcfopcitm,10,6,1,11.450000000000005
50000,2048,rcfopcitm,10,6,2,11.209999999999997
50000,2048,rcfopcitm,10,6,3,11.309999999999999
50000,2048,rcfopcitm,10,6,4,11.240000000000006
50000,2048,rcfopcitm,10,6,5,11.509999999999998
50000,2048,rcfopcitm,10,6,6,11.270000000000003
50000,2048,rcfopcitm,10,6,7,11.370000000000003
50000,2048,rcfopcitm,10,6,8,11.170000000000002
50000,2048,rcfopcitm,10,6,9,11.260000000000003
50000,2048,rcfopcitm,10,7,0,11.680000000000001
50000,2048,rcfopcitm,10,7,1,11.470000000000002
50000,2048,rcfopcitm,10,7,2,11.780000000000001
50000,2048,rcfopcitm,10,7,3,11.309999999999999
50000,2048,rcfopcitm,10,7,4,11.48
50000,2048,rcfopcitm,10,7,5,11.680000000000001
50000,2048,rcfopcitm,10,7,6,11.770000000000003
50000,2048,rcfopcitm,10,7,7,11.319999999999997
50000,2048,rcfopcitm,10,7,8,11.460000000000004
50000,2048,rcfopcitm,10,7,9,11.470000000000002
50000,2048,rcfopcitm,10,8,0,12.190000000000001
50000,2048,rcfopcitm,10,8,1,12.0
50000,2048,rcfopcitm,10,8,2,12.0
50000,2048,rcfopcitm,10,8,3,11.939999999999994
50000,2048,rcfopcitm,10,8,4,11.729999999999997
50000,2048,rcfopcitm,10,8,5,12.070000000000004
50000,2048,rcfopcitm,10,8,6,11.929999999999996
50000,2048,rcfopcitm,10,8,7,11.750000000000005
50000,2048,rcfopcitm,10,8,8,12.060000000000004
50000,2048,rcfopcitm,10,8,9,11.909999999999998
50000,2048,rcfopcitm,10,9,0,13.749999999999996
50000,2048,rcfopcitm,10,9,1,13.829999999999998
50000,2048,rcfopcitm,10,9,2,13.680000000000003
50000,2048,rcfopcitm,10,9,3,13.62
50000,2048,rcfopcitm,10,9,4,13.019999999999998
50000,2048,rcfopcitm,10,9,5,13.639999999999997
50000,2048,rcfopcitm,10,9,6,13.41
50000,2048,rcfopcitm,10,9,7,13.5
50000,2048,rcfopcitm,10,9,8,13.81
50000,2048,rcfopcitm,10,9,9,13.270000000000003
50000,2048,rcfopcitm,12,1,0,12.129999999999995
50000,2048,rcfopcitm,12,1,1,11.919999999999998
50000,2048,rcfopcitm,12,1,2,12.690000000000001
50000,2048,rcfopcitm,12,1,3,12.1
50000,2048,rcfopcitm,12,1,4,12.460000000000004
50000,2048,rcfopcitm,12,1,5,12.270000000000003
50000,2048,rcfopcitm,12,1,6,12.150000000000006
50000,2048,rcfopcitm,12,1,7,12.129999999999995
50000,2048,rcfopcitm,12,1,8,12.2
50000,2048,rcfopcitm,12,1,9,11.99
50000,2048,rcfopcitm,12,10,0,14.790000000000003
50000,2048,rcfopcitm,12,10,1,14.629999999999999
50000,2048,rcfopcitm,12,10,2,14.759999999999994
50000,2048,rcfopcitm,12,10,3,15.200000000000003
50000,2048,rcfopcitm,12,10,4,14.980000000000004
50000,2048,rcfopcitm,12,10,5,15.090000000000003
50000,2048,rcfopcitm,12,10,6,14.959999999999996
50000,2048,rcfopcitm,12,10,7,14.859999999999996
50000,2048,rcfopcitm,12,10,8,14.570000000000006
50000,2048,rcfopcitm,12,10,9,15.069999999999995
50000,2048,rcfopcitm,12,2,0,11.580000000000002
50000,2048,rcfopcitm,12,2,1,11.619999999999997
50000,2048,rcfopcitm,12,2,2,11.49
50000,2048,rcfopcitm,12,2,3,11.829999999999997
50000,2048,rcfopcitm,12,2,4,11.919999999999998
50000,2048,rcfopcitm,12,2,5,11.550000000000004
50000,2048,rcfopcitm,12,2,6,11.6
50000,2048,rcfopcitm,12,2,7,11.350000000000005
50000,2048,rcfopcitm,12,2,8,11.850000000000005
50000,2048,rcfopcitm,12,2,9,11.680000000000001
50000,2048,rcfopcitm,12,3,0,11.070000000000002
50000,2048,rcfopcitm,12,3,1,11.229999999999995
50000,2048,rcfopcitm,12,3,2,11.119999999999997
50000,2048,rcfopcitm,12,3,3,11.119999999999997
50000,2048,rcfopcitm,12,3,4,10.970000000000002
50000,2048,rcfopcitm,12,3,5,11.029999999999996
50000,2048,rcfopcitm,12,3,6,11.140000000000006
50000,2048,rcfopcitm,12,3,7,11.339999999999995
50000,2048,rcfopcitm,12,3,8,11.339999999999995
50000,2048,rcfopcitm,12,3,9,11.260000000000003
50000,2048,rcfopcitm,12,4,0,11.160000000000004
50000,2048,rcfopcitm,12,4,1,11.099999999999998
50000,2048,rcfopcitm,12,4,2,10.999999999999998
50000,2048,rcfopcitm,12,4,3,10.929999999999996
50000,2048,rcfopcitm,12,4,4,11.019999999999996
50000,2048,rcfopcitm,12,4,5,10.970000000000002
50000,2048,rcfopcitm,12,4,6,11.209999999999997
50000,2048,rcfopcitm,12,4,7,11.229999999999995
50000,2048,rcfopcitm,12,4,8,10.960000000000003
50000,2048,rcfopcitm,12,4,9,10.89
50000,2048,rcfopcitm,12,5,0,11.250000000000004
50000,2048,rcfopcitm,12,5,1,11.19
50000,2048,rcfopcitm,12,5,2,11.429999999999996
50000,2048,rcfopcitm,12,5,3,10.999999999999998
50000,2048,rcfopcitm,12,5,4,11.250000000000004
50000,2048,rcfopcitm,12,5,5,11.019999999999996
50000,2048,rcfopcitm,12,5,6,11.419999999999996
50000,2048,rcfopcitm,12,5,7,11.270000000000003
50000,2048,rcfopcitm,12,5,8,11.170000000000002
50000,2048,rcfopcitm,12,5,9,11.399999999999999
50000,2048,rcfopcitm,12,6,0,11.680000000000001
50000,2048,rcfopcitm,12,6,1,11.470000000000002
50000,2048,rcfopcitm,12,6,2,11.419999999999996
50000,2048,rcfopcitm,12,6,3,11.690000000000001
50000,2048,rcfopcitm,12,6,4,11.350000000000005
50000,2048,rcfopcitm,12,6,5,11.619999999999997
50000,2048,rcfopcitm,12,6,6,11.750000000000005
50000,2048,rcfopcitm,12,6,7,11.409999999999998
50000,2048,rcfopcitm,12,6,8,11.709999999999997
50000,2048,rcfopcitm,12,6,9,11.450000000000005
50000,2048,rcfopcitm,12,7,0,12.509999999999998
50000,2048,rcfopcitm,12,7,1,12.250000000000005
50000,2048,rcfopcitm,12,7,2,12.180000000000001
50000,2048,rcfopcitm,12,7,3,12.350000000000005
50000,2048,rcfopcitm,12,7,4,12.150000000000006
50000,2048,rcfopcitm,12,7,5,11.870000000000003
50000,2048,rcfopcitm,12,7,6,12.350000000000005
50000,2048,rcfopcitm,12,7,7,12.3
50000,2048,rcfopcitm,12,7,8,12.119999999999997
50000,2048,rcfopcitm,12,7,9,12.39
50000,2048,rcfopcitm,12,8,0,15.359999999999996
50000,2048,rcfopcitm,12,8,1,15.620000000000001
50000,2048,rcfopcitm,12,8,2,15.910000000000002
50000,2048,rcfopcitm,12,8,3,15.549999999999997
50000,2048,rcfopcitm,12,8,4,15.600000000000003
50000,2048,rcfopcitm,12,8,5,15.490000000000004
50000,2048,rcfopcitm,12,8,6,15.680000000000005
50000,2048,rcfopcitm,12,8,7,15.82
50000,2048,rcfopcitm,12,8,8,15.52
50000,2048,rcfopcitm,12,8,9,15.329999999999998
50000,2048,rcfopcitm,12,9,0,14.839999999999998
50000,2048,rcfopcitm,12,9,1,14.570000000000006
50000,2048,rcfopcitm,12,9,2,14.729999999999999
50000,2048,rcfopcitm,12,9,3,15.21
50000,2048,rcfopcitm,12,9,4,15.069999999999995
50000,2048,rcfopcitm,12,9,5,14.870000000000005
50000,2048,rcfopcitm,12,9,6,14.870000000000005
50000,2048,rcfopcitm,12,9,7,14.52
50000,2048,rcfopcitm,12,9,8,14.449999999999996
50000,2048,rcfopcitm,12,9,9,14.739999999999998
50000,2048,rcfopcitm,2,1,0,12.709999999999999
50000,2048,rcfopcitm,2,1,1,12.819999999999999
50000,2048,rcfopcitm,2,1,2,13.139999999999997
50000,2048,rcfopcitm,2,1,3,12.7
50000,2048,rcfopcitm,2,1,4,12.91
50000,2048,rcfopcitm,2,1,5,12.629999999999997
50000,2048,rcfopcitm,2,1,6,12.809999999999999
50000,2048,rcfopcitm,2,1,7,13.309999999999999
50000,2048,rcfopcitm,2,1,8,13.309999999999999
50000,2048,rcfopcitm,2,1,9,12.6
50000,2048,rcfopcitm,2,10,0,12.0
50000,2048,rcfopcitm,2,10,1,12.439999999999996
50000,2048,rcfopcitm,2,10,2,12.5
50000,2048,rcfopcitm,2,10,3,12.580000000000002
50000,2048,rcfopcitm,2,10,4,12.080000000000002
50000,2048,rcfopcitm,2,10,5,12.580000000000002
50000,2048,rcfopcitm,2,10,6,12.490000000000002
50000,2048,rcfopcitm,2,10,7,12.419999999999998
50000,2048,rcfopcitm,2,10,8,12.490000000000002
50000,2048,rcfopcitm,2,10,9,12.409999999999998
50000,2048,rcfopcitm,2,2,0,12.960000000000004
50000,2048,rcfopcitm,2,2,1,12.460000000000004
50000,2048,rcfopcitm,2,2,2,13.139999999999997
50000,2048,rcfopcitm,2,2,3,12.470000000000002
50000,2048,rcfopcitm,2,2,4,13.01
50000,2048,rcfopcitm,2,2,5,12.509999999999998
50000,2048,rcfopcitm,2,2,6,12.590000000000002
50000,2048,rcfopcitm,2,2,7,12.380000000000003
50000,2048,rcfopcitm,2,2,8,12.280000000000001
50000,2048,rcfopcitm,2,2,9,12.880000000000003
50000,2048,rcfopcitm,2,3,0,12.880000000000003
50000,2048,rcfopcitm,2,3,1,12.419999999999998
50000,2048,rcfopcitm,2,3,2,12.470000000000002
50000,2048,rcfopcitm,2,3,3,12.929999999999996
50000,2048,rcfopcitm,2,3,4,13.019999999999998
50000,2048,rcfopcitm,2,3,5,12.419999999999998
50000,2048,rcfopcitm,2,3,6,12.190000000000001
50000,2048,rcfopcitm,2,3,7,12.439999999999996
50000,2048,rcfopcitm,2,3,8,12.419999999999998
50000,2048,rcfopcitm,2,3,9,12.639999999999995
50000,2048,rcfopcitm,2,4,0,12.439999999999996
50000,2048,rcfopcitm,2,4,1,12.580000000000002
50000,2048,rcfopcitm,2,4,2,12.39
50000,2048,rcfopcitm,2,4,3,12.080000000000002
50000,2048,rcfopcitm,2,4,4,12.460000000000004
50000,2048,rcfopcitm,2,4,5,12.309999999999999
50000,2048,rcfopcitm,2,4,6,12.439999999999996
50000,2048,rcfopcitm,2,4,7,12.739999999999995
50000,2048,rcfopcitm,2,4,8,12.790000000000001
50000,2048,rcfopcitm,2,4,9,12.309999999999999
50000,2048,rcfopcitm,2,5,0,12.260000000000005
50000,2048,rcfopcitm,2,5,1,12.629999999999997
50000,2048,rcfopcitm,2,5,2,12.129999999999995
50000,2048,rcfopcitm,2,5,3,12.329999999999997
50000,2048,rcfopcitm,2,5,4,12.480000000000002
50000,2048,rcfopcitm,2,5,5,12.590000000000002
50000,2048,rcfopcitm,2,5,6,12.319999999999997
50000,2048,rcfopcitm,2,5,7,12.439999999999996
50000,2048,rcfopcitm,2,5,8,12.329999999999997
50000,2048,rcfopcitm,2,5,9,12.360000000000005
50000,2048,rcfopcitm,2,6,0,12.570000000000004
50000,2048,rcfopcitm,2,6,1,12.329999999999997
50000,2048,rcfopcitm,2,6,2,12.280000000000001
50000,2048,rcfopcitm,2,6,3,12.509999999999998
50000,2048,rcfopcitm,2,6,4,12.429999999999996
50000,2048,rcfopcitm,2,6,5,12.3
50000,2048,rcfopcitm,2,6,6,12.380000000000003
50000,2048,rcfopcitm,2,6,7,12.409999999999998
50000,2048,rcfopcitm,2,6,8,12.370000000000003
50000,2048,rcfopcitm,2,6,9,12.180000000000001
50000,2048,rcfopcitm,2,7,0,12.309999999999999
50000,2048,rcfopcitm,2,7,1,12.360000000000005
50000,2048,rcfopcitm,2,7,2,12.460000000000004
50000,2048,rcfopcitm,2,7,3,12.239999999999995
50000,2048,rcfopcitm,2,7,4,12.250000000000005
50000,2048,rcfopcitm,2,7,5,12.160000000000004
50000,2048,rcfopcitm,2,7,6,12.560000000000004
50000,2048,rcfopcitm,2,7,7,12.3
50000,2048,rcfopcitm,2,7,8,12.209999999999999
50000,2048,rcfopcitm,2,7,9,12.050000000000004
50000,2048,rcfopcitm,2,8,0,12.280000000000001
50000,2048,rcfopcitm,2,8,1,12.61
50000,2048,rcfopcitm,2,8,2,12.11
50000,2048,rcfopcitm,2,8,3,12.670000000000003
50000,2048,rcfopcitm,2,8,4,12.560000000000004
50000,2048,rcfopcitm,2,8,5,12.460000000000004
50000,2048,rcfopcitm,2,8,6,12.39
50000,2048,rcfopcitm,2,8,7,12.219999999999997
50000,2048,rcfopcitm,2,8,8,12.329999999999997
50000,2048,rcfopcitm,2,8,9,11.99
50000,2048,rcfopcitm,2,9,0,12.070000000000004
50000,2048,rcfopcitm,2,9,1,12.480000000000002
50000,2048,rcfopcitm,2,9,2,12.409999999999998
50000,2048,rcfopcitm,2,9,3,12.480000000000002
50000,2048,rcfopcitm,2,9,4,12.549999999999994
50000,2048,rcfopcitm,2,9,5,12.490000000000002
50000,2048,rcfopcitm,2,9,6,12.570000000000004
50000,2048,rcfopcitm,2,9,7,12.070000000000004
50000,2048,rcfopcitm,2,9,8,12.539999999999996
50000,2048,rcfopcitm,2,9,9,12.380000000000003
50000,2048,rcfopcitm,3,1,0,12.590000000000002
50000,2048,rcfopcitm,3,1,1,12.380000000000003
50000,2048,rcfopcitm,3,1,2,13.090000000000002
50000,2048,rcfopcitm,3,1,3,12.660000000000004
50000,2048,rcfopcitm,3,1,4,13.029999999999998
50000,2048,rcfopcitm,3,1,5,13.039999999999996
50000,2048,rcfopcitm,3,1,6,12.809999999999999
50000,2048,rcfopcitm,3,1,7,12.680000000000003
50000,2048,rcfopcitm,3,1,8,12.529999999999998
50000,2048,rcfopcitm,3,1,9,12.919999999999998
50000,2048,rcfopcitm,3,10,0,12.309999999999999
50000,2048,rcfopcitm,3,10,1,12.309999999999999
50000,2048,rcfopcitm,3,10,2,11.919999999999998
50000,2048,rcfopcitm,3,10,3,12.229999999999997
50000,2048,rcfopcitm,3,10,4,12.050000000000004
50000,2048,rcfopcitm,3,10,5,11.780000000000001
50000,2048,rcfopcitm,3,10,6,12.2
50000,2048,rcfopcitm,3,10,7,12.339999999999996
50000,2048,rcfopcitm,3,10,8,12.1
50000,2048,rcfopcitm,3,10,9,11.690000000000001
50000,2048,rcfopcitm,3,2,0,12.309999999999999
50000,2048,rcfopcitm,3,2,1,12.460000000000004
50000,2048,rcfopcitm,3,2,2,12.629999999999997
50000,2048,rcfopcitm,3,2,3,12.350000000000005
50000,2048,rcfopcitm,3,2,4,12.880000000000003
50000,2048,rcfopcitm,3,2,5,12.439999999999996
50000,2048,rcfopcitm,3,2,6,12.450000000000006
50000,2048,rcfopcitm,3,2,7,12.309999999999999
50000,2048,rcfopcitm,3,2,8,12.580000000000002
50000,2048,rcfopcitm,3,2,9,12.619999999999997
50000,2048,rcfopcitm,3,3,0,12.009999999999998
50000,2048,rcfopcitm,3,3,1,12.309999999999999
50000,2048,rcfopcitm,3,3,2,12.280000000000001
50000,2048,rcfopcitm,3,3,3,12.729999999999997
50000,2048,rcfopcitm,3,3,4,12.309999999999999
50000,2048,rcfopcitm,3,3,5,12.360000000000005
50000,2048,rcfopcitm,3,3,6,12.080000000000002
50000,2048,rcfopcitm,3,3,7,12.350000000000005
50000,2048,rcfopcitm,3,3,8,12.480000000000002
50000,2048,rcfopcitm,3,3,9,12.0
50000,2048,rcfopcitm,3,4,0,11.99
50000,2048,rcfopcitm,3,4,1,11.99
50000,2048,rcfopcitm,3,4,2,12.549999999999994
50000,2048,rcfopcitm,3,4,3,11.780000000000001
50000,2048,rcfopcitm,3,4,4,12.280000000000001
50000,2048,rcfopcitm,3,4,5,12.3
50000,2048,rcfopcitm,3,4,6,12.080000000000002
50000,2048,rcfopcitm,3,4,7,12.190000000000001
50000,2048,rcfopcitm,3,4,8,11.880000000000003
50000,2048,rcfopcitm,3,4,9,11.860000000000003
50000,2048,rcfopcitm,3,5,0,11.939999999999994
50000,2048,rcfopcitm,3,5,1,12.039999999999996
50000,2048,rcfopcitm,3,5,2,11.870000000000003
50000,2048,rcfopcitm,3,5,3,11.980000000000002
50000,2048,rcfopcitm,3,5,4,12.180000000000001
50000,2048,rcfopcitm,3,5,5,12.3
50000,2048,rcfopcitm,3,5,6,11.980000000000002
50000,2048,rcfopcitm,3,5,7,11.899999999999999
50000,2048,rcfopcitm,3,5,8,12.290000000000001
50000,2048,rcfopcitm,3,5,9,12.139999999999995
50000,2048,rcfopcitm,3,6,0,11.819999999999997
50000,2048,rcfopcitm,3,6,1,12.290000000000001
50000,2048,rcfopcitm,3,6,2,11.770000000000003
50000,2048,rcfopcitm,3,6,3,12.190000000000001
50000,2048,rcfopcitm,3,6,4,12.080000000000002
50000,2048,rcfopcitm,3,6,5,11.909999999999998
50000,2048,rcfopcitm,3,6,6,12.209999999999999
50000,2048,rcfopcitm,3,6,7,12.09
50000,2048,rcfopcitm,3,6,8,11.839999999999995
50000,2048,rcfopcitm,3,6,9,12.050000000000004
50000,2048,rcfopcitm,3,7,0,11.939999999999994
50000,2048,rcfopcitm,3,7,1,12.029999999999996
50000,2048,rcfopcitm,3,7,2,11.970000000000002
50000,2048,rcfopcitm,3,7,3,12.060000000000004
50000,2048,rcfopcitm,3,7,4,12.060000000000004
50000,2048,rcfopcitm,3,7,5,12.219999999999997
50000,2048,rcfopcitm,3,7,6,12.160000000000004
50000,2048,rcfopcitm,3,7,7,11.639999999999995
50000,2048,rcfopcitm,3,7,8,11.799999999999999
50000,2048,rcfopcitm,3,7,9,11.719999999999997
50000,2048,rcfopcitm,3,8,0,12.139999999999995
50000,2048,rcfopcitm,3,8,1,11.960000000000004
50000,2048,rcfopcitm,3,8,2,12.119999999999997
50000,2048,rcfopcitm,3,8,3,11.89
50000,2048,rcfopcitm,3,8,4,11.709999999999997
50000,2048,rcfopcitm,3,8,5,12.11
50000,2048,rcfopcitm,3,8,6,11.639999999999995
50000,2048,rcfopcitm,3,8,7,12.209999999999999
50000,2048,rcfopcitm,3,8,8,11.790000000000001
50000,2048,rcfopcitm,3,8,9,11.919999999999998
50000,2048,rcfopcitm,3,9,0,11.960000000000004
50000,2048,rcfopcitm,3,9,1,12.160000000000004
50000,2048,rcfopcitm,3,9,2,12.139999999999995
50000,2048,rcfopcitm,3,9,3,11.870000000000003
50000,2048,rcfopcitm,3,9,4,11.939999999999994
50000,2048,rcfopcitm,3,9,5,11.880000000000003
50000,2048,rcfopcitm,3,9,6,12.250000000000005
50000,2048,rcfopcitm,3,9,7,12.239999999999995
50000,2048,rcfopcitm,3,9,8,12.080000000000002
50000,2048,rcfopcitm,3,9,9,12.39
50000,2048,rcfopcitm,5,1,0,12.529999999999998
50000,2048,rcfopcitm,5,1,1,12.560000000000004
50000,2048,rcfopcitm,5,1,2,12.849999999999994
50000,2048,rcfopcitm,5,1,3,12.539999999999996
50000,2048,rcfopcitm,5,1,4,12.460000000000004
50000,2048,rcfopcitm,5,1,5,12.409999999999998
50000,2048,rcfopcitm,5,1,6,12.860000000000005
50000,2048,rcfopcitm,5,1,7,12.539999999999996
50000,2048,rcfopcitm,5,1,8,12.849999999999994
50000,2048,rcfopcitm,5,1,9,12.819999999999999
50000,2048,rcfopcitm,5,10,0,11.38
50000,2048,rcfopcitm,5,10,1,11.360000000000003
50000,2048,rcfopcitm,5,10,2,11.319999999999997
50000,2048,rcfopcitm,5,10,3,11.570000000000002
50000,2048,rcfopcitm,5,10,4,11.119999999999997
50000,2048,rcfopcitm,5,10,5,11.49
50000,2048,rcfopcitm,5,10,6,11.59
50000,2048,rcfopcitm,5,10,7,11.49
50000,2048,rcfopcitm,5,10,8,11.550000000000004
50000,2048,rcfopcitm,5,10,9,11.670000000000002
50000,2048,rcfopcitm,5,2,0,12.250000000000005
50000,2048,rcfopcitm,5,2,1,12.170000000000003
50000,2048,rcfopcitm,5,2,2,12.549999999999994
50000,2048,rcfopcitm,5,2,3,12.0
50000,2048,rcfopcitm,5,2,4,12.1
50000,2048,rcfopcitm,5,2,5,12.280000000000001
50000,2048,rcfopcitm,5,2,6,12.319999999999997
50000,2048,rcfopcitm,5,2,7,12.180000000000001
50000,2048,rcfopcitm,5,2,8,11.950000000000005
50000,2048,rcfopcitm,5,2,9,11.899999999999999
50000,2048,rcfopcitm,5,3,0,11.619999999999997
50000,2048,rcfopcitm,5,3,1,11.670000000000002
50000,2048,rcfopcitm,5,3,2,12.050000000000004
50000,2048,rcfopcitm,5,3,3,11.819999999999997
50000,2048,rcfopcitm,5,3,4,11.650000000000006
50000,2048,rcfopcitm,5,3,5,11.960000000000004
50000,2048,rcfopcitm,5,3,6,11.809999999999999
50000,2048,rcfopcitm,5,3,7,11.799999999999999
50000,2048,rcfopcitm,5,3,8,11.909999999999998
50000,2048,rcfopcitm,5,3,9,12.329999999999997
50000,2048,rcfopcitm,5,4,0,11.829999999999997
50000,2048,rcfopcitm,5,4,1,11.719999999999997
50000,2048,rcfopcitm,5,4,2,11.560000000000004
50000,2048,rcfopcitm,5,4,3,11.980000000000002
50000,2048,rcfopcitm,5,4,4,11.329999999999995
50000,2048,rcfopcitm,5,4,5,11.660000000000004
50000,2048,rcfopcitm,5,4,6,12.029999999999996
50000,2048,rcfopcitm,5,4,7,11.660000000000004
50000,2048,rcfopcitm,5,4,8,11.850000000000005
50000,2048,rcfopcitm,5,4,9,11.6
50000,2048,rcfopcitm,5,5,0,11.880000000000003
50000,2048,rcfopcitm,5,5,1,11.570000000000002
50000,2048,rcfopcitm,5,5,2,11.519999999999996
50000,2048,rcfopcitm,5,5,3,11.6
50000,2048,rcfopcitm,5,5,4,11.509999999999998
50000,2048,rcfopcitm,5,5,5,11.360000000000003
50000,2048,rcfopcitm,5,5,6,11.650000000000006
50000,2048,rcfopcitm,5,5,7,11.650000000000006
50000,2048,rcfopcitm,5,5,8,12.070000000000004
50000,2048,rcfopcitm,5,5,9,11.729999999999997
50000,2048,rcfopcitm,5,6,0,11.509999999999998
50000,2048,rcfopcitm,5,6,1,11.519999999999996
50000,2048,rcfopcitm,5,6,2,11.48
50000,2048,rcfopcitm,5,6,3,11.539999999999996
50000,2048,rcfopcitm,5,6,4,11.739999999999995
50000,2048,rcfopcitm,5,6,5,11.719999999999997
50000,2048,rcfopcitm,5,6,6,11.609999999999998
50000,2048,rcfopcitm,5,6,7,11.419999999999996
50000,2048,rcfopcitm,5,6,8,11.739999999999995
50000,2048,rcfopcitm,5,6,9,11.460000000000004
50000,2048,rcfopcitm,5,7,0,11.38
50000,2048,rcfopcitm,5,7,1,11.609999999999998
50000,2048,rcfopcitm,5,7,2,11.450000000000005
50000,2048,rcfopcitm,5,7,3,11.429999999999996
50000,2048,rcfopcitm,5,7,4,11.409999999999998
50000,2048,rcfopcitm,5,7,5,11.629999999999995
50000,2048,rcfopcitm,5,7,6,11.950000000000005
50000,2048,rcfopcitm,5,7,7,11.360000000000003
50000,2048,rcfopcitm,5,7,8,11.59
50000,2048,rcfopcitm,5,7,9,11.48
50000,2048,rcfopcitm,5,8,0,11.250000000000004
50000,2048,rcfopcitm,5,8,1,11.529999999999996
50000,2048,rcfopcitm,5,8,2,11.6
50000,2048,rcfopcitm,5,8,3,11.560000000000004
50000,2048,rcfopcitm,5,8,4,11.409999999999998
50000,2048,rcfopcitm,5,8,5,11.470000000000002
50000,2048,rcfopcitm,5,8,6,11.350000000000005
50000,2048,rcfopcitm,5,8,7,11.38
50000,2048,rcfopcitm,5,8,8,11.550000000000004
50000,2048,rcfopcitm,5,8,9,11.49
50000,2048,rcfopcitm,5,9,0,11.38
50000,2048,rcfopcitm,5,9,1,11.350000000000005
50000,2048,rcfopcitm,5,9,2,11.399999999999999
50000,2048,rcfopcitm,5,9,3,11.539999999999996
50000,2048,rcfopcitm,5,9,4,11.39
50000,2048,rcfopcitm,5,9,5,11.299999999999999
50000,2048,rcfopcitm,5,9,6,11.170000000000002
50000,2048,rcfopcitm,5,9,7,11.6
50000,2048,rcfopcitm,5,9,8,11.429999999999996
50000,2048,rcfopcitm,5,9,9,11.339999999999995
50000,2048,rcfopcitm,7,1,0,12.150000000000006
50000,2048,rcfopcitm,7,1,1,12.290000000000001
50000,2048,rcfopcitm,7,1,2,12.480000000000002
50000,2048,rcfopcitm,7,1,3,12.209999999999999
50000,2048,rcfopcitm,7,1,4,12.460000000000004
50000,2048,rcfopcitm,7,1,5,12.319999999999997
50000,2048,rcfopcitm,7,1,6,12.729999999999997
50000,2048,rcfopcitm,7,1,7,12.7
50000,2048,rcfopcitm,7,1,8,12.639999999999995
50000,2048,rcfopcitm,7,1,9,12.8
50000,2048,rcfopcitm,7,10,0,11.939999999999994
50000,2048,rcfopcitm,7,10,1,11.780000000000001
50000,2048,rcfopcitm,7,10,2,11.5
50000,2048,rcfopcitm,7,10,3,11.670000000000002
50000,2048,rcfopcitm,7,10,4,11.880000000000003
50000,2048,rcfopcitm,7,10,5,11.790000000000001
50000,2048,rcfopcitm,7,10,6,11.839999999999995
50000,2048,rcfopcitm,7,10,7,11.38
50000,2048,rcfopcitm,7,10,8,11.719999999999997
50000,2048,rcfopcitm,7,10,9,11.750000000000005
50000,2048,rcfopcitm,7,2,0,11.99
50000,2048,rcfopcitm,7,2,1,12.229999999999997
50000,2048,rcfopcitm,7,2,2,11.929999999999996
50000,2048,rcfopcitm,7,2,3,11.89
50000,2048,rcfopcitm,7,2,4,12.0
50000,2048,rcfopcitm,7,2,5,11.860000000000003
50000,2048,rcfopcitm,7,2,6,11.719999999999997
50000,2048,rcfopcitm,7,2,7,11.619999999999997
50000,2048,rcfopcitm,7,2,8,12.180000000000001
50000,2048,rcfopcitm,7,2,9,11.950000000000005
50000,2048,rcfopcitm,7,3,0,11.7
50000,2048,rcfopcitm,7,3,1,11.799999999999999
50000,2048,rcfopcitm,7,3,2,11.639999999999995
50000,2048,rcfopcitm,7,3,3,11.580000000000002
50000,2048,rcfopcitm,7,3,4,11.89
50000,2048,rcfopcitm,7,3,5,11.29
50000,2048,rcfopcitm,7,3,6,11.660000000000004
50000,2048,rcfopcitm,7,3,7,11.539999999999996
50000,2048,rcfopcitm,7,3,8,11.460000000000004
50000,2048,rcfopcitm,7,3,9,11.319999999999997
50000,2048,rcfopcitm,7,4,0,11.539999999999996
50000,2048,rcfopcitm,7,4,1,11.5
50000,2048,rcfopcitm,7,4,2,11.650000000000006
50000,2048,rcfopcitm,7,4,3,11.419999999999996
50000,2048,rcfopcitm,7,4,4,11.250000000000004
50000,2048,rcfopcitm,7,4,5,11.650000000000006
50000,2048,rcfopcitm,7,4,6,11.280000000000001
50000,2048,rcfopcitm,7,4,7,11.48
50000,2048,rcfopcitm,7,4,8,11.429999999999996
50000,2048,rcfopcitm,7,4,9,11.39
50000,2048,rcfopcitm,7,5,0,11.750000000000005
50000,2048,rcfopcitm,7,5,1,11.119999999999997
50000,2048,rcfopcitm,7,5,2,11.129999999999995
50000,2048,rcfopcitm,7,5,3,11.360000000000003
50000,2048,rcfopcitm,7,5,4,11.19
50000,2048,rcfopcitm,7,5,5,11.39
50000,2048,rcfopcitm,7,5,6,11.350000000000005
50000,2048,rcfopcitm,7,5,7,11.350000000000005
50000,2048,rcfopcitm,7,5,8,11.29
50000,2048,rcfopcitm,7,5,9,11.5
50000,2048,rcfopcitm,7,6,0,11.2
50000,2048,rcfopcitm,7,6,1,11.419999999999996
50000,2048,rcfopcitm,7,6,2,11.319999999999997
50000,2048,rcfopcitm,7,6,3,11.399999999999999
50000,2048,rcfopcitm,7,6,4,11.319999999999997
50000,2048,rcfopcitm,7,6,5,11.280000000000001
50000,2048,rcfopcitm,7,6,6,11.339999999999995
50000,2048,rcfopcitm,7,6,7,10.970000000000002
50000,2048,rcfopcitm,7,6,8,10.999999999999998
50000,2048,rcfopcitm,7,6,9,11.439999999999994
50000,2048,rcfopcitm,7,7,0,11.09
50000,2048,rcfopcitm,7,7,1,11.429999999999996
50000,2048,rcfopcitm,7,7,2,11.19
50000,2048,rcfopcitm,7,7,3,11.099999999999998
50000,2048,rcfopcitm,7,7,4,11.080000000000002
50000,2048,rcfopcitm,7,7,5,11.439999999999994
50000,2048,rcfopcitm,7,7,6,11.080000000000002
50000,2048,rcfopcitm,7,7,7,11.029999999999996
50000,2048,rcfopcitm,7,7,8,11.219999999999997
50000,2048,rcfopcitm,7,7,9,11.419999999999996
50000,2048,rcfopcitm,7,8,0,11.160000000000004
50000,2048,rcfopcitm,7,8,1,11.450000000000005
50000,2048,rcfopcitm,7,8,2,11.09
50000,2048,rcfopcitm,7,8,3,10.960000000000003
50000,2048,rcfopcitm,7,8,4,11.429999999999996
50000,2048,rcfopcitm,7,8,5,11.38
50000,2048,rcfopcitm,7,8,6,11.339999999999995
50000,2048,rcfopcitm,7,8,7,11.329999999999995
50000,2048,rcfopcitm,7,8,8,11.309999999999999
50000,2048,rcfopcitm,7,8,9,11.360000000000003
50000,2048,rcfopcitm,7,9,0,11.399999999999999
50000,2048,rcfopcitm,7,9,1,11.39
50000,2048,rcfopcitm,7,9,2,11.509999999999998
50000,2048,rcfopcitm,7,9,3,11.2
50000,2048,rcfopcitm,7,9,4,11.350000000000005
50000,2048,rcfopcitm,7,9,5,11.429999999999996
50000,2048,rcfopcitm,7,9,6,11.280000000000001
50000,2048,rcfopcitm,7,9,7,11.219999999999997
50000,2048,rcfopcitm,7,9,8,11.38
50000,2048,rcfopcitm,7,9,9,11.560000000000004
50000,256,fwd,,,0,12.760000000000005
50000,256,fwd,,,1,12.190000000000001
50000,256,fwd,,,2,12.480000000000002
50000,256,fwd,,,3,12.519999999999998
50000,256,fwd,,,4,12.139999999999995
50000,256,fwd,,,5,12.570000000000004
50000,256,fwd,,,6,12.419999999999998
50000,256,fwd,,,7,12.239999999999995
50000,256,fwd,,,8,12.290000000000001
50000,256,fwd,,,9,12.350000000000005
50000,256,rcfopcitm,10,1,0,12.3
50000,256,rcfopcitm,10,1,1,12.009999999999998
50000,256,rcfopcitm,10,1,2,12.370000000000003
50000,256,rcfopcitm,10,1,3,12.360000000000005
50000,256,rcfopcitm,10,1,4,12.1
50000,256,rcfopcitm,10,1,5,12.39
50000,256,rcfopcitm,10,1,6,12.309999999999999
50000,256,rcfopcitm,10,1,7,12.350000000000005
50000,256,rcfopcitm,10,1,8,12.3
50000,256,rcfopcitm,10,1,9,12.139999999999995
50000,256,rcfopcitm,10,10,0,15.849999999999998
50000,256,rcfopcitm,10,10,1,15.82
50000,256,rcfopcitm,10,10,2,16.04
50000,256,rcfopcitm,10,10,3,15.859999999999996
50000,256,rcfopcitm,10,10,4,15.969999999999995
50000,256,rcfopcitm,10,10,5,15.969999999999995
50000,256,rcfopcitm,10,10,6,16.200000000000003
50000,256,rcfopcitm,10,10,7,16.159999999999997
50000,256,rcfopcitm,10,10,8,15.810000000000002
50000,256,rcfopcitm,10,10,9,15.690000000000005
50000,256,rcfopcitm,10,2,0,12.409999999999998
50000,256,rcfopcitm,10,2,1,12.590000000000002
50000,256,rcfopcitm,10,2,2,12.61
50000,256,rcfopcitm,10,2,3,12.539999999999996
50000,256,rcfopcitm,10,2,4,12.339999999999996
50000,256,rcfopcitm,10,2,5,12.4
50000,256,rcfopcitm,10,2,6,12.490000000000002
50000,256,rcfopcitm,10,2,7,12.270000000000003
50000,256,rcfopcitm,10,2,8,12.170000000000003
50000,256,rcfopcitm,10,2,9,12.439999999999996
50000,256,rcfopcitm,10,3,0,12.570000000000004
50000,256,rcfopcitm,10,3,1,12.329999999999997
50000,256,rcfopcitm,10,3,2,12.529999999999998
50000,256,rcfopcitm,10,3,3,12.309999999999999
50000,256,rcfopcitm,10,3,4,12.439999999999996
50000,256,rcfopcitm,10,3,5,12.3
50000,256,rcfopcitm,10,3,6,12.529999999999998
50000,256,rcfopcitm,10,3,7,12.629999999999997
50000,256,rcfopcitm,10,3,8,12.5
50000,256,rcfopcitm,10,3,9,12.439999999999996
50000,256,rcfopcitm,10,4,0,12.7
50000,256,rcfopcitm,10,4,1,12.619999999999997
50000,256,rcfopcitm,10,4,2,12.680000000000003
50000,256,rcfopcitm,10,4,3,12.319999999999997
50000,256,rcfopcitm,10,4,4,12.860000000000005
50000,256,rcfopcitm,10,4,5,12.460000000000004
50000,256,rcfopcitm,10,4,6,12.560000000000004
50000,256,rcfopcitm,10,4,7,12.539999999999996
50000,256,rcfopcitm,10,4,8,12.450000000000006
50000,256,rcfopcitm,10,4,9,12.539999999999996
50000,256,rcfopcitm,10,5,0,14.080000000000004
50000,256,rcfopcitm,10,5,1,13.61
50000,256,rcfopcitm,10,5,2,13.749999999999996
50000,256,rcfopcitm,10,5,3,13.639999999999997
50000,256,rcfopcitm,10,5,4,14.070000000000004
50000,256,rcfopcitm,10,5,5,13.649999999999995
50000,256,rcfopcitm,10,5,6,13.549999999999995
50000,256,rcfopcitm,10,5,7,13.700000000000001
50000,256,rcfopcitm,10,5,8,13.870000000000005
50000,256,rcfopcitm,10,5,9,14.02
50000,256,rcfopcitm,10,6,0,14.229999999999999
50000,256,rcfopcitm,10,6,1,14.980000000000004
50000,256,rcfopcitm,10,6,2,14.449999999999996
50000,256,rcfopcitm,10,6,3,14.349999999999996
50000,256,rcfopcitm,10,6,4,14.71
50000,256,rcfopcitm,10,6,5,14.3
50000,256,rcfopcitm,10,6,6,14.82
50000,256,rcfopcitm,10,6,7,14.339999999999996
50000,256,rcfopcitm,10,6,8,14.41
50000,256,rcfopcitm,10,6,9,14.700000000000003
50000,256,rcfopcitm,10,7,0,15.369999999999994
50000,256,rcfopcitm,10,7,1,15.249999999999996
50000,256,rcfopcitm,10,7,2,15.359999999999996
50000,256,rcfopcitm,10,7,3,14.93
50000,256,rcfopcitm,10,7,4,15.059999999999995
50000,256,rcfopcitm,10,7,5,15.290000000000003
50000,256,rcfopcitm,10,7,6,15.54
50000,256,rcfopcitm,10,7,7,15.290000000000003
50000,256,rcfopcitm,10,7,8,15.239999999999998
50000,256,rcfopcitm,10,7,9,15.349999999999998
50000,256,rcfopcitm,10,8,0,15.849999999999998
50000,256,rcfopcitm,10,8,1,15.82
50000,256,rcfopcitm,10,8,2,15.980000000000006
50000,256,rcfopcitm,10,8,3,16.479999999999993
50000,256,rcfopcitm,10,8,4,16.04
50000,256,rcfopcitm,10,8,5,16.059999999999995
50000,256,rcfopcitm,10,8,6,15.980000000000006
50000,256,rcfopcitm,10,8,7,15.759999999999996
50000,256,rcfopcitm,10,8,8,15.769999999999996
50000,256,rcfopcitm,10,8,9,16.059999999999995
50000,256,rcfopcitm,10,9,0,16.669999999999995
50000,256,rcfopcitm,10,9,1,16.490000000000006
50000,256,rcfopcitm,10,9,2,15.939999999999998
50000,256,rcfopcitm,10,9,3,16.279999999999994
50000,256,rcfopcitm,10,9,4,15.869999999999996
50000,256,rcfopcitm,10,9,5,16.93
50000,256,rcfopcitm,10,9,6,16.04
50000,256,rcfopcitm,10,9,7,16.049999999999997
50000,256,rcfopcitm,10,9,8,16.159999999999997
50000,256,rcfopcitm,10,9,9,16.310000000000002
50000,256,rcfopcitm,12,1,0,12.380000000000003
50000,256,rcfopcitm,12,1,1,11.980000000000002
50000,256,rcfopcitm,12,1,2,12.439999999999996
50000,256,rcfopcitm,12,1,3,12.09
50000,256,rcfopcitm,12,1,4,12.4
50000,256,rcfopcitm,12,1,5,12.139999999999995
50000,256,rcfopcitm,12,1,6,12.270000000000003
50000,256,rcfopcitm,12,1,7,12.039999999999996
50000,256,rcfopcitm,12,1,8,12.019999999999998
50000,256,rcfopcitm,12,1,9,12.219999999999997
50000,256,rcfopcitm,12,10,0,15.859999999999996
50000,256,rcfopcitm,12,10,1,15.700000000000003
50000,256,rcfopcitm,12,10,2,15.939999999999998
50000,256,rcfopcitm,12,10,3,15.52
50000,256,rcfopcitm,12,10,4,16.33
50000,256,rcfopcitm,12,10,5,16.1
50000,256,rcfopcitm,12,10,6,15.759999999999996
50000,256,rcfopcitm,12,10,7,16.01
50000,256,rcfopcitm,12,10,8,16.12
50000,256,rcfopcitm,12,10,9,15.72
50000,256,rcfopcitm,12,2,0,12.319999999999997
50000,256,rcfopcitm,12,2,1,12.329999999999997
50000,256,rcfopcitm,12,2,2,12.380000000000003
50000,256,rcfopcitm,12,2,3,12.519999999999998
50000,256,rcfopcitm,12,2,4,12.309999999999999
50000,256,rcfopcitm,12,2,5,12.329999999999997
50000,256,rcfopcitm,12,2,6,12.239999999999995
50000,256,rcfopcitm,12,2,7,12.290000000000001
50000,256,rcfopcitm,12,2,8,12.150000000000006
50000,256,rcfopcitm,12,2,9,12.070000000000004
50000,256,rcfopcitm,12,3,0,12.1
50000,256,rcfopcitm,12,3,1,12.309999999999999
50000,256,rcfopcitm,12,3,2,12.329999999999997
50000,256,rcfopcitm,12,3,3,12.190000000000001
50000,256,rcfopcitm,12,3,4,12.050000000000004
50000,256,rcfopcitm,12,3,5,12.490000000000002
50000,256,rcfopcitm,12,3,6,12.39
50000,256,rcfopcitm,12,3,7,12.450000000000006
50000,256,rcfopcitm,12,3,8,12.129999999999995
50000,256,rcfopcitm,12,3,9,12.580000000000002
50000,256,rcfopcitm,12,4,0,12.709999999999999
50000,256,rcfopcitm,12,4,1,12.460000000000004
50000,256,rcfopcitm,12,4,2,12.749999999999995
50000,256,rcfopcitm,12,4,3,12.919999999999998
50000,256,rcfopcitm,12,4,4,12.729999999999997
50000,256,rcfopcitm,12,4,5,13.049999999999995
50000,256,rcfopcitm,12,4,6,12.960000000000004
50000,256,rcfopcitm,12,4,7,12.339999999999996
50000,256,rcfopcitm,12,4,8,13.119999999999997
50000,256,rcfopcitm,12,4,9,13.149999999999995
50000,256,rcfopcitm,12,5,0,14.090000000000003
50000,256,rcfopcitm,12,5,1,13.990000000000002
50000,256,rcfopcitm,12,5,2,14.339999999999996
50000,256,rcfopcitm,12,5,3,14.349999999999996
50000,256,rcfopcitm,12,5,4,14.439999999999998
50000,256,rcfopcitm,12,5,5,14.52
50000,256,rcfopcitm,12,5,6,13.900000000000002
50000,256,rcfopcitm,12,5,7,14.219999999999999
50000,256,rcfopcitm,12,5,8,14.100000000000001
50000,256,rcfopcitm,12,5,9,13.880000000000003
50000,256,rcfopcitm,12,6,0,14.800000000000002
50000,256,rcfopcitm,12,6,1,15.03
50000,256,rcfopcitm,12,6,2,14.890000000000004
50000,256,rcfopcitm,12,6,3,14.859999999999996
50000,256,rcfopcitm,12,6,4,14.600000000000001
50000,256,rcfopcitm,12,6,5,14.93
50000,256,rcfopcitm,12,6,6,14.870000000000005
50000,256,rcfopcitm,12,6,7,14.939999999999998
50000,256,rcfopcitm,12,6,8,15.339999999999998
50000,256,rcfopcitm,12,6,9,14.91
50000,256,rcfopcitm,12,7,0,16.51
50000,256,rcfopcitm,12,7,1,16.159999999999997
50000,256,rcfopcitm,12,7,2,15.910000000000002
50000,256,rcfopcitm,12,7,3,15.690000000000005
50000,256,rcfopcitm,12,7,4,15.600000000000003
50000,256,rcfopcitm,12,7,5,16.24
50000,256,rcfopcitm,12,7,6,15.580000000000005
50000,256,rcfopcitm,12,7,7,15.880000000000006
50000,256,rcfopcitm,12,7,8,15.990000000000004
50000,256,rcfopcitm,12,7,9,15.749999999999996
50000,256,rcfopcitm,12,8,0,16.059999999999995
50000,256,rcfopcitm,12,8,1,16.04
50000,256,rcfopcitm,12,8,2,15.559999999999995
50000,256,rcfopcitm,12,8,3,15.42
50000,256,rcfopcitm,12,8,4,16.13
50000,256,rcfopcitm,12,8,5,15.290000000000003
50000,256,rcfopcitm,12,8,6,15.839999999999998
50000,256,rcfopcitm,12,8,7,16.000000000000004
50000,256,rcfopcitm,12,8,8,16.180000000000007
50000,256,rcfopcitm,12,8,9,16.12
50000,256,rcfopcitm,12,9,0,16.01
50000,256,rcfopcitm,12,9,1,15.680000000000005
50000,256,rcfopcitm,12,9,2,15.669999999999995
50000,256,rcfopcitm,12,9,3,15.769999999999996
50000,256,rcfopcitm,12,9,4,15.669999999999995
50000,256,rcfopcitm,12,9,5,15.790000000000004
50000,256,rcfopcitm,12,9,6,15.72
50000,256,rcfopcitm,12,9,7,15.390000000000004
50000,256,rcfopcitm,12,9,8,15.43
50000,256,rcfopcitm,12,9,9,15.469999999999995
50000,256,rcfopcitm,2,1,0,12.129999999999995
50000,256,rcfopcitm,2,1,1,12.239999999999995
50000,256,rcfopcitm,2,1,2,12.39
50000,256,rcfopcitm,2,1,3,12.870000000000005
50000,256,rcfopcitm,2,1,4,12.509999999999998
50000,256,rcfopcitm,2,1,5,12.4
50000,256,rcfopcitm,2,1,6,12.580000000000002
50000,256,rcfopcitm,2,1,7,12.480000000000002
50000,256,rcfopcitm,2,1,8,12.290000000000001
50000,256,rcfopcitm,2,1,9,12.170000000000003
50000,256,rcfopcitm,2,10,0,13.01
50000,256,rcfopcitm,2,10,1,13.060000000000006
50000,256,rcfopcitm,2,10,2,13.239999999999997
50000,256,rcfopcitm,2,10,3,12.660000000000004
50000,256,rcfopcitm,2,10,4,12.819999999999999
50000,256,rcfopcitm,2,10,5,12.960000000000004
50000,256,rcfopcitm,2,10,6,12.739999999999995
50000,256,rcfopcitm,2,10,7,13.01
50000,256,rcfopcitm,2,10,8,12.849999999999994
50000,256,rcfopcitm,2,10,9,12.549999999999994
50000,256,rcfopcitm,2,2,0,12.4
50000,256,rcfopcitm,2,2,1,12.380000000000003
50000,256,rcfopcitm,2,2,2,12.490000000000002
50000,256,rcfopcitm,2,2,3,12.219999999999997
50000,256,rcfopcitm,2,2,4,12.480000000000002
50000,256,rcfopcitm,2,2,5,12.029999999999996
50000,256,rcfopcitm,2,2,6,12.4
50000,256,rcfopcitm,2,2,7,12.560000000000004
50000,256,rcfopcitm,2,2,8,12.490000000000002
50000,256,rcfopcitm,2,2,9,12.570000000000004
50000,256,rcfopcitm,2,3,0,12.629999999999997
50000,256,rcfopcitm,2,3,1,12.570000000000004
50000,256,rcfopcitm,2,3,2,12.09
50000,256,rcfopcitm,2,3,3,12.239999999999995
50000,256,rcfopcitm,2,3,4,12.519999999999998
50000,256,rcfopcitm,2,3,5,12.460000000000004
50000,256,rcfopcitm,2,3,6,12.419999999999998
50000,256,rcfopcitm,2,3,7,12.480000000000002
50000,256,rcfopcitm,2,3,8,12.419999999999998
50000,256,rcfopcitm,2,3,9,12.450000000000006
50000,256,rcfopcitm,2,4,0,12.6
50000,256,rcfopcitm,2,4,1,12.529999999999998
50000,256,rcfopcitm,2,4,2,12.4
50000,256,rcfopcitm,2,4,3,12.419999999999998
50000,256,rcfopcitm,2,4,4,12.480000000000002
50000,256,rcfopcitm,2,4,5,12.5
50000,256,rcfopcitm,2,4,6,12.319999999999997
50000,256,rcfopcitm,2,4,7,12.739999999999995
50000,256,rcfopcitm,2,4,8,12.529999999999998
50000,256,rcfopcitm,2,4,9,12.190000000000001
50000,256,rcfopcitm,2,5,0,12.539999999999996
50000,256,rcfopcitm,2,5,1,12.460000000000004
50000,256,rcfopcitm,2,5,2,12.509999999999998
50000,256,rcfopcitm,2,5,3,12.619999999999997
50000,256,rcfopcitm,2,5,4,12.480000000000002
50000,256,rcfopcitm,2,5,5,12.509999999999998
50000,256,rcfopcitm,2,5,6,12.4
50000,256,rcfopcitm,2,5,7,12.129999999999995
50000,256,rcfopcitm,2,5,8,12.180000000000001
50000,256,rcfopcitm,2,5,9,12.749999999999995
50000,256,rcfopcitm,2,6,0,12.970000000000004
50000,256,rcfopcitm,2,6,1,12.690000000000001
50000,256,rcfopcitm,2,6,2,12.480000000000002
50000,256,rcfopcitm,2,6,3,12.649999999999995
50000,256,rcfopcitm,2,6,4,12.470000000000002
50000,256,rcfopcitm,2,6,5,12.219999999999997
50000,256,rcfopcitm,2,6,6,12.670000000000003
50000,256,rcfopcitm,2,6,7,12.480000000000002
50000,256,rcfopcitm,2,6,8,12.450000000000006
50000,256,rcfopcitm,2,6,9,12.350000000000005
50000,256,rcfopcitm,2,7,0,12.570000000000004
50000,256,rcfopcitm,2,7,1,13.0
50000,256,rcfopcitm,2,7,2,12.770000000000003
50000,256,rcfopcitm,2,7,3,12.309999999999999
50000,256,rcfopcitm,2,7,4,12.509999999999998
50000,256,rcfopcitm,2,7,5,12.519999999999998
50000,256,rcfopcitm,2,7,6,12.739999999999995
50000,256,rcfopcitm,2,7,7,12.660000000000004
50000,256,rcfopcitm,2,7,8,12.880000000000003
50000,256,rcfopcitm,2,7,9,12.360000000000005
50000,256,rcfopcitm,2,8,0,12.690000000000001
50000,256,rcfopcitm,2,8,1,12.570000000000004
50000,256,rcfopcitm,2,8,2,12.749999999999995
50000,256,rcfopcitm,2,8,3,12.970000000000004
50000,256,rcfopcitm,2,8,4,12.780000000000003
50000,256,rcfopcitm,2,8,5,12.3
50000,256,rcfopcitm,2,8,6,12.590000000000002
50000,256,rcfopcitm,2,8,7,12.809999999999999
50000,256,rcfopcitm,2,8,8,12.709999999999999
50000,256,rcfopcitm,2,8,9,12.809999999999999
50000,256,rcfopcitm,2,9,0,12.89
50000,256,rcfopcitm,2,9,1,12.770000000000003
50000,256,rcfopcitm,2,9,2,12.8
50000,256,rcfopcitm,2,9,3,12.639999999999995
50000,256,rcfopcitm,2,9,4,12.919999999999998
50000,256,rcfopcitm,2,9,5,12.880000000000003
50000,256,rcfopcitm,2,9,6,12.8
50000,256,rcfopcitm,2,9,7,12.439999999999996
50000,256,rcfopcitm,2,9,8,12.939999999999996
50000,256,rcfopcitm,2,9,9,12.549999999999994
50000,256,rcfopcitm,3,1,0,12.360000000000005
50000,256,rcfopcitm,3,1,1,12.660000000000004
50000,256,rcfopcitm,3,1,2,12.3
50000,256,rcfopcitm,3,1,3,12.450000000000006
50000,256,rcfopcitm,3,1,4,12.549999999999994
50000,256,rcfopcitm,3,1,5,12.260000000000005
50000,256,rcfopcitm,3,1,6,12.5
50000,256,rcfopcitm,3,1,7,12.219999999999997
50000,256,rcfopcitm,3,1,8,12.680000000000003
50000,256,rcfopcitm,3,1,9,12.5
50000,256,rcfopcitm,3,10,0,13.329999999999998
50000,256,rcfopcitm,3,10,1,13.170000000000003
50000,256,rcfopcitm,3,10,2,13.370000000000005
50000,256,rcfopcitm,3,10,3,13.060000000000006
50000,256,rcfopcitm,3,10,4,13.339999999999996
50000,256,rcfopcitm,3,10,5,13.480000000000004
50000,256,rcfopcitm,3,10,6,12.990000000000002
50000,256,rcfopcitm,3,10,7,13.090000000000002
50000,256,rcfopcitm,3,10,8,13.52
50000,256,rcfopcitm,3,10,9,13.190000000000001
50000,256,rcfopcitm,3,2,0,12.490000000000002
50000,256,rcfopcitm,3,2,1,12.350000000000005
50000,256,rcfopcitm,3,2,2,12.539999999999996
50000,256,rcfopcitm,3,2,3,12.519999999999998
50000,256,rcfopcitm,3,2,4,12.409999999999998
50000,256,rcfopcitm,3,2,5,12.350000000000005
50000,256,rcfopcitm,3,2,6,12.380000000000003
50000,256,rcfopcitm,3,2,7,12.760000000000005
50000,256,rcfopcitm,3,2,8,12.439999999999996
50000,256,rcfopcitm,3,2,9,12.180000000000001
50000,256,rcfopcitm,3,3,0,12.480000000000002
50000,256,rcfopcitm,3,3,1,12.719999999999999
50000,256,rcfopcitm,3,3,2,12.190000000000001
50000,256,rcfopcitm,3,3,3,12.370000000000003
50000,256,rcfopcitm,3,3,4,12.480000000000002
50000,256,rcfopcitm,3,3,5,12.5
50000,256,rcfopcitm,3,3,6,12.8
50000,256,rcfopcitm,3,3,7,12.029999999999996
50000,256,rcfopcitm,3,3,8,12.370000000000003
50000,256,rcfopcitm,3,3,9,12.480000000000002
50000,256,rcfopcitm,3,4,0,12.809999999999999
50000,256,rcfopcitm,3,4,1,12.560000000000004
50000,256,rcfopcitm,3,4,2,12.139999999999995
50000,256,rcfopcitm,3,4,3,12.6
50000,256,rcfopcitm,3,4,4,12.61
50000,256,rcfopcitm,3,4,5,12.329999999999997
50000,256,rcfopcitm,3,4,6,12.829999999999997
50000,256,rcfopcitm,3,4,7,12.939999999999996
50000,256,rcfopcitm,3,4,8,12.680000000000003
50000,256,rcfopcitm,3,4,9,12.61
50000,256,rcfopcitm,3,5,0,12.329999999999997
50000,256,rcfopcitm,3,5,1,13.119999999999997
50000,256,rcfopcitm,3,5,2,12.690000000000001
50000,256,rcfopcitm,3,5,3,12.870000000000005
50000,256,rcfopcitm,3,5,4,12.709999999999999
50000,256,rcfopcitm,3,5,5,12.839999999999996
50000,256,rcfopcitm,3,5,6,12.839999999999996
50000,256,rcfopcitm,3,5,7,12.860000000000005
50000,256,rcfopcitm,3,5,8,13.070000000000004
50000,256,rcfopcitm,3,5,9,12.739999999999995
50000,256,rcfopcitm,3,6,0,13.080000000000002
50000,256,rcfopcitm,3,6,1,12.529999999999998
50000,256,rcfopcitm,3,6,2,13.200000000000001
50000,256,rcfopcitm,3,6,3,12.539999999999996
50000,256,rcfopcitm,3,6,4,12.960000000000004
50000,256,rcfopcitm,3,6,5,12.949999999999996
50000,256,rcfopcitm,3,6,6,13.070000000000004
50000,256,rcfopcitm,3,6,7,13.360000000000005
50000,256,rcfopcitm,3,6,8,13.260000000000005
50000,256,rcfopcitm,3,6,9,12.990000000000002
50000,256,rcfopcitm,3,7,0,13.219999999999999
50000,256,rcfopcitm,3,7,1,13.200000000000001
50000,256,rcfopcitm,3,7,2,13.039999999999996
50000,256,rcfopcitm,3,7,3,13.249999999999995
50000,256,rcfopcitm,3,7,4,13.090000000000002
50000,256,rcfopcitm,3,7,5,13.019999999999998
50000,256,rcfopcitm,3,7,6,12.949999999999996
50000,256,rcfopcitm,3,7,7,12.939999999999996
50000,256,rcfopcitm,3,7,8,12.790000000000001
50000,256,rcfopcitm,3,7,9,12.939999999999996
50000,256,rcfopcitm,3,8,0,13.349999999999994
50000,256,rcfopcitm,3,8,1,13.349999999999994
50000,256,rcfopcitm,3,8,2,13.439999999999996
50000,256,rcfopcitm,3,8,3,13.070000000000004
50000,256,rcfopcitm,3,8,4,13.209999999999999
50000,256,rcfopcitm,3,8,5,12.849999999999994
50000,256,rcfopcitm,3,8,6,13.139999999999997
50000,256,rcfopcitm,3,8,7,13.280000000000003
50000,256,rcfopcitm,3,8,8,13.049999999999995
50000,256,rcfopcitm,3,8,9,13.3
50000,256,rcfopcitm,3,9,0,13.319999999999999
50000,256,rcfopcitm,3,9,1,13.339999999999996
50000,256,rcfopcitm,3,9,2,13.260000000000005
50000,256,rcfopcitm,3,9,3,13.019999999999998
50000,256,rcfopcitm,3,9,4,13.460000000000004
50000,256,rcfopcitm,3,9,5,13.629999999999997
50000,256,rcfopcitm,3,9,6,13.339999999999996
50000,256,rcfopcitm,3,9,7,13.190000000000001
50000,256,rcfopcitm,3,9,8,13.129999999999997
50000,256,rcfopcitm,3,9,9,13.260000000000005
50000,256,rcfopcitm,5,1,0,12.470000000000002
50000,256,rcfopcitm,5,1,1,12.319999999999997
50000,256,rcfopcitm,5,1,2,12.219999999999997
50000,256,rcfopcitm,5,1,3,12.39
50000,256,rcfopcitm,5,1,4,12.7
50000,256,rcfopcitm,5,1,5,12.460000000000004
50000,256,rcfopcitm,5,1,6,12.070000000000004
50000,256,rcfopcitm,5,1,7,12.280000000000001
50000,256,rcfopcitm,5,1,8,12.690000000000001
50000,256,rcfopcitm,5,1,9,12.639999999999995
50000,256,rcfopcitm,5,10,0,15.280000000000005
50000,256,rcfopcitm,5,10,1,15.339999999999998
50000,256,rcfopcitm,5,10,2,15.52
50000,256,rcfopcitm,5,10,3,15.510000000000002
50000,256,rcfopcitm,5,10,4,15.869999999999996
50000,256,rcfopcitm,5,10,5,15.569999999999995
50000,256,rcfopcitm,5,10,6,15.300000000000002
50000,256,rcfopcitm,5,10,7,15.549999999999997
50000,256,rcfopcitm,5,10,8,15.280000000000005
50000,256,rcfopcitm,5,10,9,15.549999999999997
50000,256,rcfopcitm,5,2,0,12.429999999999996
50000,256,rcfopcitm,5,2,1,12.509999999999998
50000,256,rcfopcitm,5,2,2,12.680000000000003
50000,256,rcfopcitm,5,2,3,12.450000000000006
50000,256,rcfopcitm,5,2,4,12.439999999999996
50000,256,rcfopcitm,5,2,5,12.450000000000006
50000,256,rcfopcitm,5,2,6,12.870000000000005
50000,256,rcfopcitm,5,2,7,12.319999999999997
50000,256,rcfopcitm,5,2,8,12.539999999999996
50000,256,rcfopcitm,5,2,9,12.490000000000002
50000,256,rcfopcitm,5,3,0,12.770000000000003
50000,256,rcfopcitm,5,3,1,12.829999999999997
50000,256,rcfopcitm,5,3,2,12.509999999999998
50000,256,rcfopcitm,5,3,3,12.760000000000005
50000,256,rcfopcitm,5,3,4,12.490000000000002
50000,256,rcfopcitm,5,3,5,12.739999999999995
50000,256,rcfopcitm,5,3,6,12.760000000000005
50000,256,rcfopcitm,5,3,7,12.990000000000002
50000,256,rcfopcitm,5,3,8,12.580000000000002
50000,256,rcfopcitm,5,3,9,12.450000000000006
50000,256,rcfopcitm,5,4,0,12.809999999999999
50000,256,rcfopcitm,5,4,1,13.070000000000004
50000,256,rcfopcitm,5,4,2,13.119999999999997
50000,256,rcfopcitm,5,4,3,12.929999999999996
50000,256,rcfopcitm,5,4,4,12.629999999999997
50000,256,rcfopcitm,5,4,5,13.01
50000,256,rcfopcitm,5,4,6,13.090000000000002
50000,256,rcfopcitm,5,4,7,12.649999999999995
50000,256,rcfopcitm,5,4,8,12.970000000000004
50000,256,rcfopcitm,5,4,9,12.860000000000005
50000,256,rcfopcitm,5,5,0,13.090000000000002
50000,256,rcfopcitm,5,5,1,13.439999999999996
50000,256,rcfopcitm,5,5,2,12.939999999999996
50000,256,rcfopcitm,5,5,3,12.870000000000005
50000,256,rcfopcitm,5,5,4,13.129999999999997
50000,256,rcfopcitm,5,5,5,13.019999999999998
50000,256,rcfopcitm,5,5,6,13.219999999999999
50000,256,rcfopcitm,5,5,7,13.190000000000001
50000,256,rcfopcitm,5,5,8,12.89
50000,256,rcfopcitm,5,5,9,12.9
50000,256,rcfopcitm,5,6,0,13.100000000000001
50000,256,rcfopcitm,5,6,1,13.4
50000,256,rcfopcitm,5,6,2,13.180000000000003
50000,256,rcfopcitm,5,6,3,13.100000000000001
50000,256,rcfopcitm,5,6,4,13.229999999999997
50000,256,rcfopcitm,5,6,5,13.0
50000,256,rcfopcitm,5,6,6,13.200000000000001
50000,256,rcfopcitm,5,6,7,13.260000000000005
50000,256,rcfopcitm,5,6,8,13.290000000000003
50000,256,rcfopcitm,5,6,9,13.149999999999995
50000,256,rcfopcitm,5,7,0,13.180000000000003
50000,256,rcfopcitm,5,7,1,13.060000000000006
50000,256,rcfopcitm,5,7,2,13.270000000000003
50000,256,rcfopcitm,5,7,3,13.11
50000,256,rcfopcitm,5,7,4,13.390000000000002
50000,256,rcfopcitm,5,7,5,13.200000000000001
50000,256,rcfopcitm,5,7,6,12.960000000000004
50000,256,rcfopcitm,5,7,7,13.119999999999997
50000,256,rcfopcitm,5,7,8,12.929999999999996
50000,256,rcfopcitm,5,7,9,12.919999999999998
50000,256,rcfopcitm,5,8,0,13.119999999999997
50000,256,rcfopcitm,5,8,1,13.060000000000006
50000,256,rcfopcitm,5,8,2,12.939999999999996
50000,256,rcfopcitm,5,8,3,12.729999999999997
50000,256,rcfopcitm,5,8,4,13.309999999999999
50000,256,rcfopcitm,5,8,5,13.219999999999999
50000,256,rcfopcitm,5,8,6,13.180000000000003
50000,256,rcfopcitm,5,8,7,12.819999999999999
50000,256,rcfopcitm,5,8,8,12.829999999999997
50000,256,rcfopcitm,5,8,9,13.160000000000005
50000,256,rcfopcitm,5,9,0,13.949999999999996
50000,256,rcfopcitm,5,9,1,13.81
50000,256,rcfopcitm,5,9,2,13.670000000000005
50000,256,rcfopcitm,5,9,3,14.01
50000,256,rcfopcitm,5,9,4,13.8
50000,256,rcfopcitm,5,9,5,13.819999999999999
50000,256,rcfopcitm,5,9,6,13.939999999999998
50000,256,rcfopcitm,5,9,7,13.81
50000,256,rcfopcitm,5,9,8,13.880000000000003
50000,256,rcfopcitm,5,9,9,13.929999999999998
50000,256,rcfopcitm,7,1,0,12.39
50000,256,rcfopcitm,7,1,1,12.350000000000005
50000,256,rcfopcitm,7,1,2,12.339999999999996
50000,256,rcfopcitm,7,1,3,12.11
50000,256,rcfopcitm,7,1,4,12.460000000000004
50000,256,rcfopcitm,7,1,5,12.509999999999998
50000,256,rcfopcitm,7,1,6,12.470000000000002
50000,256,rcfopcitm,7,1,7,12.170000000000003
50000,256,rcfopcitm,7,1,8,12.3
50000,256,rcfopcitm,7,1,9,12.480000000000002
50000,256,rcfopcitm,7,10,0,16.390000000000004
50000,256,rcfopcitm,7,10,1,15.690000000000005
50000,256,rcfopcitm,7,10,2,16.090000000000003
50000,256,rcfopcitm,7,10,3,15.939999999999998
50000,256,rcfopcitm,7,10,4,16.690000000000005
50000,256,rcfopcitm,7,10,5,16.02
50000,256,rcfopcitm,7,10,6,16.12
50000,256,rcfopcitm,7,10,7,16.400000000000002
50000,256,rcfopcitm,7,10,8,16.159999999999997
50000,256,rcfopcitm,7,10,9,16.04
50000,256,rcfopcitm,7,2,0,12.6
50000,256,rcfopcitm,7,2,1,12.409999999999998
50000,256,rcfopcitm,7,2,2,12.549999999999994
50000,256,rcfopcitm,7,2,3,12.529999999999998
50000,256,rcfopcitm,7,2,4,12.7
50000,256,rcfopcitm,7,2,5,12.639999999999995
50000,256,rcfopcitm,7,2,6,12.480000000000002
50000,256,rcfopcitm,7,2,7,12.819999999999999
50000,256,rcfopcitm,7,2,8,12.670000000000003
50000,256,rcfopcitm,7,2,9,12.370000000000003
50000,256,rcfopcitm,7,3,0,12.919999999999998
50000,256,rcfopcitm,7,3,1,12.790000000000001
50000,256,rcfopcitm,7,3,2,12.809999999999999
50000,256,rcfopcitm,7,3,3,12.819999999999999
50000,256,rcfopcitm,7,3,4,12.849999999999994
50000,256,rcfopcitm,7,3,5,12.639999999999995
50000,256,rcfopcitm,7,3,6,13.139999999999997
50000,256,rcfopcitm,7,3,7,12.849999999999994
50000,256,rcfopcitm,7,3,8,12.639999999999995
50000,256,rcfopcitm,7,3,9,12.91
50000,256,rcfopcitm,7,4,0,12.880000000000003
50000,256,rcfopcitm,7,4,1,12.960000000000004
50000,256,rcfopcitm,7,4,2,12.970000000000004
50000,256,rcfopcitm,7,4,3,12.719999999999999
50000,256,rcfopcitm,7,4,4,12.980000000000002
50000,256,rcfopcitm,7,4,5,12.849999999999994
50000,256,rcfopcitm,7,4,6,12.960000000000004
50000,256,rcfopcitm,7,4,7,12.829999999999997
50000,256,rcfopcitm,7,4,8,13.100000000000001
50000,256,rcfopcitm,7,4,9,12.880000000000003
50000,256,rcfopcitm,7,5,0,12.760000000000005
50000,256,rcfopcitm,7,5,1,12.780000000000003
50000,256,rcfopcitm,7,5,2,13.190000000000001
50000,256,rcfopcitm,7,5,3,12.629999999999997
50000,256,rcfopcitm,7,5,4,12.680000000000003
50000,256,rcfopcitm,7,5,5,12.809999999999999
50000,256,rcfopcitm,7,5,6,12.8
50000,256,rcfopcitm,7,5,7,12.990000000000002
50000,256,rcfopcitm,7,5,8,12.719999999999999
50000,256,rcfopcitm,7,5,9,12.880000000000003
50000,256,rcfopcitm,7,6,0,13.019999999999998
50000,256,rcfopcitm,7,6,1,13.209999999999999
50000,256,rcfopcitm,7,6,2,12.970000000000004
50000,256,rcfopcitm,7,6,3,12.690000000000001
50000,256,rcfopcitm,7,6,4,12.8
50000,256,rcfopcitm,7,6,5,13.149999999999995
50000,256,rcfopcitm,7,6,6,13.119999999999997
50000,256,rcfopcitm,7,6,7,13.349999999999994
50000,256,rcfopcitm,7,6,8,13.080000000000002
50000,256,rcfopcitm,7,6,9,13.100000000000001
50000,256,rcfopcitm,7,7,0,14.490000000000002
50000,256,rcfopcitm,7,7,1,14.459999999999996
50000,256,rcfopcitm,7,7,2,14.539999999999997
50000,256,rcfopcitm,7,7,3,14.41
50000,256,rcfopcitm,7,7,4,14.12
50000,256,rcfopcitm,7,7,5,14.639999999999997
50000,256,rcfopcitm,7,7,6,14.580000000000004
50000,256,rcfopcitm,7,7,7,14.480000000000004
50000,256,rcfopcitm,7,7,8,14.249999999999996
50000,256,rcfopcitm,7,7,9,14.439999999999998
50000,256,rcfopcitm,7,8,0,14.92
50000,256,rcfopcitm,7,8,1,14.91
50000,256,rcfopcitm,7,8,2,14.649999999999997
50000,256,rcfopcitm,7,8,3,15.03
50000,256,rcfopcitm,7,8,4,14.93
50000,256,rcfopcitm,7,8,5,14.890000000000004
50000,256,rcfopcitm,7,8,6,15.010000000000002
50000,256,rcfopcitm,7,8,7,14.639999999999997
50000,256,rcfopcitm,7,8,8,14.82
50000,256,rcfopcitm,7,8,9,15.310000000000002
50000,256,rcfopcitm,7,9,0,15.43
50000,256,rcfopcitm,7,9,1,15.569999999999995
50000,256,rcfopcitm,7,9,2,15.400000000000002
50000,256,rcfopcitm,7,9,3,15.620000000000001
50000,256,rcfopcitm,7,9,4,15.629999999999999
50000,256,rcfopcitm,7,9,5,15.53
50000,256,rcfopcitm,7,9,6,16.000000000000004
50000,256,rcfopcitm,7,9,7,15.239999999999998
50000,256,rcfopcitm,7,9,8,15.359999999999996
50000,256,rcfopcitm,7,9,9,15.000000000000002
50000,32,fwd,,,0,13.309999999999999
50000,32,fwd,,,1,13.419999999999998
50000,32,fwd,,,2,13.3
50000,32,fwd,,,3,13.01
50000,32,fwd,,,4,13.3
50000,32,fwd,,,5,13.480000000000004
50000,32,fwd,,,6,13.390000000000002
50000,32,fwd,,,7,13.490000000000002
50000,32,fwd,,,8,13.160000000000005
50000,32,fwd,,,9,13.449999999999996
50000,32,rcfopcitm,10,1,0,13.970000000000004
50000,32,rcfopcitm,10,1,1,13.8
50000,32,rcfopcitm,10,1,2,13.480000000000004
50000,32,rcfopcitm,10,1,3,13.580000000000004
50000,32,rcfopcitm,10,1,4,13.870000000000005
50000,32,rcfopcitm,10,1,5,13.900000000000002
50000,32,rcfopcitm,10,1,6,13.680000000000003
50000,32,rcfopcitm,10,1,7,14.090000000000003
50000,32,rcfopcitm,10,1,8,13.729999999999997
50000,32,rcfopcitm,10,1,9,13.649999999999995
50000,32,rcfopcitm,10,10,0,21.58
50000,32,rcfopcitm,10,10,1,21.699999999999996
50000,32,rcfopcitm,10,10,2,20.930000000000003
50000,32,rcfopcitm,10,10,3,20.75
50000,32,rcfopcitm,10,10,4,20.75
50000,32,rcfopcitm,10,10,5,21.120000000000005
50000,32,rcfopcitm,10,10,6,20.930000000000003
50000,32,rcfopcitm,10,10,7,20.930000000000003
50000,32,rcfopcitm,10,10,8,20.999999999999996
50000,32,rcfopcitm,10,10,9,20.320000000000004
50000,32,rcfopcitm,10,2,0,14.429999999999998
50000,32,rcfopcitm,10,2,1,14.239999999999997
50000,32,rcfopcitm,10,2,2,14.390000000000002
50000,32,rcfopcitm,10,2,3,14.590000000000003
50000,32,rcfopcitm,10,2,4,14.329999999999998
50000,32,rcfopcitm,10,2,5,14.31
50000,32,rcfopcitm,10,2,6,14.439999999999998
50000,32,rcfopcitm,10,2,7,14.500000000000002
50000,32,rcfopcitm,10,2,8,14.649999999999997
50000,32,rcfopcitm,10,2,9,14.670000000000005
50000,32,rcfopcitm,10,3,0,15.43
50000,32,rcfopcitm,10,3,1,15.559999999999995
50000,32,rcfopcitm,10,3,2,15.42
50000,32,rcfopcitm,10,3,3,15.510000000000002
50000,32,rcfopcitm,10,3,4,15.349999999999998
50000,32,rcfopcitm,10,3,5,15.310000000000002
50000,32,rcfopcitm,10,3,6,15.32
50000,32,rcfopcitm,10,3,7,15.580000000000005
50000,32,rcfopcitm,10,3,8,15.659999999999997
50000,32,rcfopcitm,10,3,9,15.380000000000004
50000,32,rcfopcitm,10,4,0,17.159999999999997
50000,32,rcfopcitm,10,4,1,17.15
50000,32,rcfopcitm,10,4,2,17.069999999999997
50000,32,rcfopcitm,10,4,3,17.369999999999997
50000,32,rcfopcitm,10,4,4,16.969999999999995
50000,32,rcfopcitm,10,4,5,16.900000000000006
50000,32,rcfopcitm,10,4,6,17.12
50000,32,rcfopcitm,10,4,7,17.34
50000,32,rcfopcitm,10,4,8,17.159999999999997
50000,32,rcfopcitm,10,4,9,16.969999999999995
50000,32,rcfopcitm,10,5,0,20.479999999999997
50000,32,rcfopcitm,10,5,1,20.640000000000004
50000,32,rcfopcitm,10,5,2,20.450000000000003
50000,32,rcfopcitm,10,5,3,20.799999999999997
50000,32,rcfopcitm,10,5,4,20.799999999999997
50000,32,rcfopcitm,10,5,5,20.169999999999998
50000,32,rcfopcitm,10,5,6,20.730000000000004
50000,32,rcfopcitm,10,5,7,20.279999999999998
50000,32,rcfopcitm,10,5,8,20.509999999999994
50000,32,rcfopcitm,10,5,9,20.730000000000004
50000,32,rcfopcitm,10,6,0,20.26
50000,32,rcfopcitm,10,6,1,20.630000000000003
50000,32,rcfopcitm,10,6,2,20.509999999999994
50000,32,rcfopcitm,10,6,3,19.96
50000,32,rcfopcitm,10,6,4,20.44
50000,32,rcfopcitm,10,6,5,20.479999999999997
50000,32,rcfopcitm,10,6,6,20.240000000000002
50000,32,rcfopcitm,10,6,7,20.520000000000003
50000,32,rcfopcitm,10,6,8,20.669999999999998
50000,32,rcfopcitm,10,6,9,20.309999999999995
50000,32,rcfopcitm,10,7,0,19.310000000000006
50000,32,rcfopcitm,10,7,1,19.710000000000004
50000,32,rcfopcitm,10,7,2,19.96
50000,32,rcfopcitm,10,7,3,19.479999999999997
50000,32,rcfopcitm,10,7,4,19.689999999999998
50000,32,rcfopcitm,10,7,5,19.679999999999996
50000,32,rcfopcitm,10,7,6,19.840000000000003
50000,32,rcfopcitm,10,7,7,19.999999999999996
50000,32,rcfopcitm,10,7,8,19.56
50000,32,rcfopcitm,10,7,9,19.57
50000,32,rcfopcitm,10,8,0,19.03
50000,32,rcfopcitm,10,8,1,19.57
50000,32,rcfopcitm,10,8,2,19.15
50000,32,rcfopcitm,10,8,3,19.520000000000003
50000,32,rcfopcitm,10,8,4,19.379999999999995
50000,32,rcfopcitm,10,8,5,19.869999999999997
50000,32,rcfopcitm,10,8,6,19.05
50000,32,rcfopcitm,10,8,7,19.289999999999996
50000,32,rcfopcitm,10,8,8,19.189999999999998
50000,32,rcfopcitm,10,8,9,18.830000000000002
50000,32,rcfopcitm,10,9,0,19.759999999999998
50000,32,rcfopcitm,10,9,1,20.940000000000005
50000,32,rcfopcitm,10,9,2,20.57
50000,32,rcfopcitm,10,9,3,20.820000000000004
50000,32,rcfopcitm,10,9,4,20.14
50000,32,rcfopcitm,10,9,5,19.94
50000,32,rcfopcitm,10,9,6,20.76
50000,32,rcfopcitm,10,9,7,20.099999999999994
50000,32,rcfopcitm,10,9,8,20.689999999999998
50000,32,rcfopcitm,10,9,9,20.109999999999996
50000,32,rcfopcitm,12,1,0,14.080000000000004
50000,32,rcfopcitm,12,1,1,14.059999999999995
50000,32,rcfopcitm,12,1,2,14.049999999999995
50000,32,rcfopcitm,12,1,3,14.12
50000,32,rcfopcitm,12,1,4,14.249999999999996
50000,32,rcfopcitm,12,1,5,13.949999999999996
50000,32,rcfopcitm,12,1,6,14.390000000000002
50000,32,rcfopcitm,12,1,7,14.080000000000004
50000,32,rcfopcitm,12,1,8,14.029999999999998
50000,32,rcfopcitm,12,1,9,14.249999999999996
50000,32,rcfopcitm,12,10,0,21.47
50000,32,rcfopcitm,12,10,1,21.240000000000002
50000,32,rcfopcitm,12,10,2,22.099999999999998
50000,32,rcfopcitm,12,10,3,21.440000000000005
50000,32,rcfopcitm,12,10,4,21.020000000000007
50000,32,rcfopcitm,12,10,5,21.150000000000002
50000,32,rcfopcitm,12,10,6,21.440000000000005
50000,32,rcfopcitm,12,10,7,21.999999999999996
50000,32,rcfopcitm,12,10,8,21.719999999999995
50000,32,rcfopcitm,12,10,9,21.730000000000004
50000,32,rcfopcitm,12,2,0,15.090000000000003
50000,32,rcfopcitm,12,2,1,15.300000000000002
50000,32,rcfopcitm,12,2,2,14.870000000000005
50000,32,rcfopcitm,12,2,3,15.249999999999996
50000,32,rcfopcitm,12,2,4,15.42
50000,32,rcfopcitm,12,2,5,15.21
50000,32,rcfopcitm,12,2,6,15.259999999999996
50000,32,rcfopcitm,12,2,7,15.32
50000,32,rcfopcitm,12,2,8,14.93
50000,32,rcfopcitm,12,2,9,15.329999999999998
50000,32,rcfopcitm,12,3,0,16.910000000000004
50000,32,rcfopcitm,12,3,1,17.349999999999998
50000,32,rcfopcitm,12,3,2,16.74
50000,32,rcfopcitm,12,3,3,17.25
50000,32,rcfopcitm,12,3,4,16.95
50000,32,rcfopcitm,12,3,5,16.979999999999997
50000,32,rcfopcitm,12,3,6,17.34
50000,32,rcfopcitm,12,3,7,17.300000000000004
50000,32,rcfopcitm,12,3,8,17.589999999999996
50000,32,rcfopcitm,12,3,9,17.349999999999998
50000,32,rcfopcitm,12,4,0,20.199999999999996
50000,32,rcfopcitm,12,4,1,20.920000000000005
50000,32,rcfopcitm,12,4,2,21.009999999999994
50000,32,rcfopcitm,12,4,3,20.47
50000,32,rcfopcitm,12,4,4,20.730000000000004
50000,32,rcfopcitm,12,4,5,21.68
50000,32,rcfopcitm,12,4,6,21.009999999999994
50000,32,rcfopcitm,12,4,7,20.589999999999996
50000,32,rcfopcitm,12,4,8,20.699999999999996
50000,32,rcfopcitm,12,4,9,20.820000000000004
50000,32,rcfopcitm,12,5,0,20.85
50000,32,rcfopcitm,12,5,1,20.689999999999998
50000,32,rcfopcitm,12,5,2,20.399999999999995
50000,32,rcfopcitm,12,5,3,20.620000000000005
50000,32,rcfopcitm,12,5,4,20.369999999999997
50000,32,rcfopcitm,12,5,5,21.220000000000006
50000,32,rcfopcitm,12,5,6,20.399999999999995
50000,32,rcfopcitm,12,5,7,20.499999999999996
50000,32,rcfopcitm,12,5,8,20.420000000000005
50000,32,rcfopcitm,12,5,9,20.520000000000003
50000,32,rcfopcitm,12,6,0,18.95
50000,32,rcfopcitm,12,6,1,19.069999999999997
50000,32,rcfopcitm,12,6,2,18.730000000000004
50000,32,rcfopcitm,12,6,3,20.709999999999994
50000,32,rcfopcitm,12,6,4,19.420000000000005
50000,32,rcfopcitm,12,6,5,19.389999999999997
50000,32,rcfopcitm,12,6,6,19.53
50000,32,rcfopcitm,12,6,7,19.279999999999998
50000,32,rcfopcitm,12,6,8,19.330000000000002
50000,32,rcfopcitm,12,6,9,19.479999999999997
50000,32,rcfopcitm,12,7,0,20.199999999999996
50000,32,rcfopcitm,12,7,1,19.45
50000,32,rcfopcitm,12,7,2,20.25
50000,32,rcfopcitm,12,7,3,19.730000000000004
50000,32,rcfopcitm,12,7,4,20.309999999999995
50000,32,rcfopcitm,12,7,5,19.979999999999997
50000,32,rcfopcitm,12,7,6,20.399999999999995
50000,32,rcfopcitm,12,7,7,19.699999999999996
50000,32,rcfopcitm,12,7,8,19.86
50000,32,rcfopcitm,12,7,9,19.399999999999995
50000,32,rcfopcitm,12,8,0,20.650000000000002
50000,32,rcfopcitm,12,8,1,19.96
50000,32,rcfopcitm,12,8,2,20.089999999999996
50000,32,rcfopcitm,12,8,3,21.389999999999997
50000,32,rcfopcitm,12,8,4,20.279999999999998
50000,32,rcfopcitm,12,8,5,21.419999999999995
50000,32,rcfopcitm,12,8,6,19.950000000000003
50000,32,rcfopcitm,12,8,7,21.060000000000002
50000,32,rcfopcitm,12,8,8,20.020000000000003
50000,32,rcfopcitm,12,8,9,20.230000000000004
50000,32,rcfopcitm,12,9,0,21.58
50000,32,rcfopcitm,12,9,1,21.240000000000002
50000,32,rcfopcitm,12,9,2,21.730000000000004
50000,32,rcfopcitm,12,9,3,21.040000000000003
50000,32,rcfopcitm,12,9,4,21.240000000000002
50000,32,rcfopcitm,12,9,5,21.819999999999993
50000,32,rcfopcitm,12,9,6,20.299999999999997
50000,32,rcfopcitm,12,9,7,21.38
50000,32,rcfopcitm,12,9,8,20.38
50000,32,rcfopcitm,12,9,9,22.299999999999997
50000,32,rcfopcitm,2,1,0,13.439999999999996
50000,32,rcfopcitm,2,1,1,13.570000000000004
50000,32,rcfopcitm,2,1,2,13.5
50000,32,rcfopcitm,2,1,3,13.319999999999999
50000,32,rcfopcitm,2,1,4,13.600000000000001
50000,32,rcfopcitm,2,1,5,13.580000000000004
50000,32,rcfopcitm,2,1,6,13.349999999999994
50000,32,rcfopcitm,2,1,7,13.739999999999997
50000,32,rcfopcitm,2,1,8,13.170000000000003
50000,32,rcfopcitm,2,1,9,13.529999999999998
50000,32,rcfopcitm,2,10,0,16.23
50000,32,rcfopcitm,2,10,1,16.02
50000,32,rcfopcitm,2,10,2,16.369999999999997
50000,32,rcfopcitm,2,10,3,16.200000000000003
50000,32,rcfopcitm,2,10,4,15.959999999999997
50000,32,rcfopcitm,2,10,5,16.03
50000,32,rcfopcitm,2,10,6,15.990000000000004
50000,32,rcfopcitm,2,10,7,16.190000000000005
50000,32,rcfopcitm,2,10,8,16.200000000000003
50000,32,rcfopcitm,2,10,9,16.42
50000,32,rcfopcitm,2,2,0,13.480000000000004
50000,32,rcfopcitm,2,2,1,13.81
50000,32,rcfopcitm,2,2,2,13.629999999999997
50000,32,rcfopcitm,2,2,3,13.91
50000,32,rcfopcitm,2,2,4,13.639999999999997
50000,32,rcfopcitm,2,2,5,14.239999999999997
50000,32,rcfopcitm,2,2,6,13.880000000000003
50000,32,rcfopcitm,2,2,7,13.680000000000003
50000,32,rcfopcitm,2,2,8,13.539999999999996
50000,32,rcfopcitm,2,2,9,13.790000000000003
50000,32,rcfopcitm,2,3,0,13.759999999999994
50000,32,rcfopcitm,2,3,1,13.71
50000,32,rcfopcitm,2,3,2,13.880000000000003
50000,32,rcfopcitm,2,3,3,14.029999999999998
50000,32,rcfopcitm,2,3,4,13.91
50000,32,rcfopcitm,2,3,5,13.690000000000001
50000,32,rcfopcitm,2,3,6,13.770000000000005
50000,32,rcfopcitm,2,3,7,14.390000000000002
50000,32,rcfopcitm,2,3,8,13.990000000000002
50000,32,rcfopcitm,2,3,9,13.890000000000002
50000,32,rcfopcitm,2,4,0,14.21
50000,32,rcfopcitm,2,4,1,14.229999999999999
50000,32,rcfopcitm,2,4,2,14.059999999999995
50000,32,rcfopcitm,2,4,3,14.059999999999995
50000,32,rcfopcitm,2,4,4,13.990000000000002
50000,32,rcfopcitm,2,4,5,14.32
50000,32,rcfopcitm,2,4,6,13.970000000000004
50000,32,rcfopcitm,2,4,7,14.070000000000004
50000,32,rcfopcitm,2,4,8,14.190000000000003
50000,32,rcfopcitm,2,4,9,14.039999999999997
50000,32,rcfopcitm,2,5,0,14.100000000000001
50000,32,rcfopcitm,2,5,1,14.359999999999996
50000,32,rcfopcitm,2,5,2,14.71
50000,32,rcfopcitm,2,5,3,14.029999999999998
50000,32,rcfopcitm,2,5,4,14.259999999999994
50000,32,rcfopcitm,2,5,5,14.290000000000003
50000,32,rcfopcitm,2,5,6,14.259999999999994
50000,32,rcfopcitm,2,5,7,13.990000000000002
50000,32,rcfopcitm,2,5,8,14.349999999999996
50000,32,rcfopcitm,2,5,9,14.129999999999999
50000,32,rcfopcitm,2,6,0,14.649999999999997
50000,32,rcfopcitm,2,6,1,14.659999999999995
50000,32,rcfopcitm,2,6,2,14.670000000000005
50000,32,rcfopcitm,2,6,3,14.570000000000006
50000,32,rcfopcitm,2,6,4,14.639999999999997
50000,32,rcfopcitm,2,6,5,14.510000000000002
50000,32,rcfopcitm,2,6,6,14.390000000000002
50000,32,rcfopcitm,2,6,7,14.81
50000,32,rcfopcitm,2,6,8,14.839999999999998
50000,32,rcfopcitm,2,6,9,14.949999999999996
50000,32,rcfopcitm,2,7,0,14.890000000000004
50000,32,rcfopcitm,2,7,1,14.890000000000004
50000,32,rcfopcitm,2,7,2,14.780000000000005
50000,32,rcfopcitm,2,7,3,14.71
50000,32,rcfopcitm,2,7,4,14.81
50000,32,rcfopcitm,2,7,5,15.169999999999995
50000,32,rcfopcitm,2,7,6,14.680000000000003
50000,32,rcfopcitm,2,7,7,15.000000000000002
50000,32,rcfopcitm,2,7,8,14.959999999999996
50000,32,rcfopcitm,2,7,9,14.790000000000003
50000,32,rcfopcitm,2,8,0,14.949999999999996
50000,32,rcfopcitm,2,8,1,15.159999999999997
50000,32,rcfopcitm,2,8,2,15.139999999999997
50000,32,rcfopcitm,2,8,3,15.52
50000,32,rcfopcitm,2,8,4,15.22
50000,32,rcfopcitm,2,8,5,15.159999999999997
50000,32,rcfopcitm,2,8,6,15.159999999999997
50000,32,rcfopcitm,2,8,7,15.569999999999995
50000,32,rcfopcitm,2,8,8,15.229999999999999
50000,32,rcfopcitm,2,8,9,15.069999999999995
50000,32,rcfopcitm,2,9,0,16.24
50000,32,rcfopcitm,2,9,1,15.749999999999996
50000,32,rcfopcitm,2,9,2,15.93
50000,32,rcfopcitm,2,9,3,15.600000000000003
50000,32,rcfopcitm,2,9,4,15.559999999999995
50000,32,rcfopcitm,2,9,5,15.73
50000,32,rcfopcitm,2,9,6,16.439999999999998
50000,32,rcfopcitm,2,9,7,15.659999999999997
50000,32,rcfopcitm,2,9,8,15.600000000000003
50000,32,rcfopcitm,2,9,9,15.749999999999996
50000,32,rcfopcitm,3,1,0,13.529999999999998
50000,32,rcfopcitm,3,1,1,13.5
50000,32,rcfopcitm,3,1,2,13.349999999999994
50000,32,rcfopcitm,3,1,3,13.739999999999997
50000,32,rcfopcitm,3,1,4,13.600000000000001
50000,32,rcfopcitm,3,1,5,13.439999999999996
50000,32,rcfopcitm,3,1,6,13.570000000000004
50000,32,rcfopcitm,3,1,7,13.170000000000003
50000,32,rcfopcitm,3,1,8,13.580000000000004
50000,32,rcfopcitm,3,1,9,13.319999999999999
50000,32,rcfopcitm,3,10,0,16.03
50000,32,rcfopcitm,3,10,1,16.42
50000,32,rcfopcitm,3,10,2,15.990000000000004
50000,32,rcfopcitm,3,10,3,16.200000000000003
50000,32,rcfopcitm,3,10,4,16.200000000000003
50000,32,rcfopcitm,3,10,5,15.959999999999997
50000,32,rcfopcitm,3,10,6,16.190000000000005
50000,32,rcfopcitm,3,10,7,16.23
50000,32,rcfopcitm,3,10,8,16.02
50000,32,rcfopcitm,3,10,9,16.369999999999997
50000,32,rcfopcitm,3,2,0,13.480000000000004
50000,32,rcfopcitm,3,2,1,14.239999999999997
50000,32,rcfopcitm,3,2,2,13.91
50000,32,rcfopcitm,3,2,3,13.880000000000003
50000,32,rcfopcitm,3,2,4,13.81
50000,32,rcfopcitm,3,2,5,13.639999999999997
50000,32,rcfopcitm,3,2,6,13.680000000000003
50000,32,rcfopcitm,3,2,7,13.790000000000003
50000,32,rcfopcitm,3,2,8,13.629999999999997
50000,32,rcfopcitm,3,2,9,13.539999999999996
50000,32,rcfopcitm,3,3,0,13.890000000000002
50000,32,rcfopcitm,3,3,1,13.990000000000002
50000,32,rcfopcitm,3,3,2,13.880000000000003
50000,32,rcfopcitm,3,3,3,14.390000000000002
50000,32,rcfopcitm,3,3,4,13.91
50000,32,rcfopcitm,3,3,5,13.71
50000,32,rcfopcitm,3,3,6,13.759999999999994
50000,32,rcfopcitm,3,3,7,13.690000000000001
50000,32,rcfopcitm,3,3,8,14.029999999999998
50000,32,rcfopcitm,3,3,9,13.770000000000005
50000,32,rcfopcitm,3,4,0,14.32
50000,32,rcfopcitm,3,4,1,14.190000000000003
50000,32,rcfopcitm,3,4,2,13.990000000000002
50000,32,rcfopcitm,3,4,3,14.070000000000004
50000,32,rcfopcitm,3,4,4,14.229999999999999
50000,32,rcfopcitm,3,4,5,14.059999999999995
50000,32,rcfopcitm,3,4,6,14.039999999999997
50000,32,rcfopcitm,3,4,7,13.970000000000004
50000,32,rcfopcitm,3,4,8,14.059999999999995
50000,32,rcfopcitm,3,4,9,14.21
50000,32,rcfopcitm,3,5,0,14.349999999999996
50000,32,rcfopcitm,3,5,1,14.259999999999994
50000,32,rcfopcitm,3,5,2,14.290000000000003
50000,32,rcfopcitm,3,5,3,14.71
50000,32,rcfopcitm,3,5,4,14.100000000000001
50000,32,rcfopcitm,3,5,5,14.129999999999999
50000,32,rcfopcitm,3,5,6,14.029999999999998
50000,32,rcfopcitm,3,5,7,13.990000000000002
50000,32,rcfopcitm,3,5,8,14.259999999999994
50000,32,rcfopcitm,3,5,9,14.359999999999996
50000,32,rcfopcitm,3,6,0,14.670000000000005
50000,32,rcfopcitm,3,6,1,14.570000000000006
50000,32,rcfopcitm,3,6,2,14.649999999999997
50000,32,rcfopcitm,3,6,3,14.81
50000,32,rcfopcitm,3,6,4,14.390000000000002
50000,32,rcfopcitm,3,6,5,14.639999999999997
50000,32,rcfopcitm,3,6,6,14.839999999999998
50000,32,rcfopcitm,3,6,7,14.510000000000002
50000,32,rcfopcitm,3,6,8,14.659999999999995
50000,32,rcfopcitm,3,6,9,14.949999999999996
50000,32,rcfopcitm,3,7,0,14.81
50000,32,rcfopcitm,3,7,1,14.959999999999996
50000,32,rcfopcitm,3,7,2,14.890000000000004
50000,32,rcfopcitm,3,7,3,14.790000000000003
50000,32,rcfopcitm,3,7,4,15.169999999999995
50000,32,rcfopcitm,3,7,5,14.71
50000,32,rcfopcitm,3,7,6,15.000000000000002
50000,32,rcfopcitm,3,7,7,14.780000000000005
50000,32,rcfopcitm,3,7,8,14.680000000000003
50000,32,rcfopcitm,3,7,9,14.890000000000004
50000,32,rcfopcitm,3,8,0,15.069999999999995
50000,32,rcfopcitm,3,8,1,15.159999999999997
50000,32,rcfopcitm,3,8,2,14.949999999999996
50000,32,rcfopcitm,3,8,3,15.229999999999999
50000,32,rcfopcitm,3,8,4,15.139999999999997
50000,32,rcfopcitm,3,8,5,15.22
50000,32,rcfopcitm,3,8,6,15.52
50000,32,rcfopcitm,3,8,7,15.569999999999995
50000,32,rcfopcitm,3,8,8,15.159999999999997
50000,32,rcfopcitm,3,8,9,15.159999999999997
50000,32,rcfopcitm,3,9,0,15.749999999999996
50000,32,rcfopcitm,3,9,1,15.659999999999997
50000,32,rcfopcitm,3,9,2,15.600000000000003
50000,32,rcfopcitm,3,9,3,15.73
50000,32,rcfopcitm,3,9,4,16.24
50000,32,rcfopcitm,3,9,5,15.749999999999996
50000,32,rcfopcitm,3,9,6,15.93
50000,32,rcfopcitm,3,9,7,15.559999999999995
50000,32,rcfopcitm,3,9,8,16.439999999999998
50000,32,rcfopcitm,3,9,9,15.600000000000003
50000,32,rcfopcitm,5,1,0,13.680000000000003
50000,32,rcfopcitm,5,1,1,13.549999999999995
50000,32,rcfopcitm,5,1,2,13.5
50000,32,rcfopcitm,5,1,3,13.639999999999997
50000,32,rcfopcitm,5,1,4,13.5
50000,32,rcfopcitm,5,1,5,13.460000000000004
50000,32,rcfopcitm,5,1,6,13.62
50000,32,rcfopcitm,5,1,7,13.849999999999996
50000,32,rcfopcitm,5,1,8,13.759999999999994
50000,32,rcfopcitm,5,1,9,13.539999999999996
50000,32,rcfopcitm,5,10,0,20.05
50000,32,rcfopcitm,5,10,1,20.06
50000,32,rcfopcitm,5,10,2,19.759999999999998
50000,32,rcfopcitm,5,10,3,20.089999999999996
50000,32,rcfopcitm,5,10,4,20.05
50000,32,rcfopcitm,5,10,5,19.730000000000004
50000,32,rcfopcitm,5,10,6,19.650000000000002
50000,32,rcfopcitm,5,10,7,20.430000000000003
50000,32,rcfopcitm,5,10,8,19.85
50000,32,rcfopcitm,5,10,9,20.209999999999994
50000,32,rcfopcitm,5,2,0,14.239999999999997
50000,32,rcfopcitm,5,2,1,14.329999999999998
50000,32,rcfopcitm,5,2,2,14.180000000000003
50000,32,rcfopcitm,5,2,3,14.31
50000,32,rcfopcitm,5,2,4,13.949999999999996
50000,32,rcfopcitm,5,2,5,14.149999999999995
50000,32,rcfopcitm,5,2,6,14.149999999999995
50000,32,rcfopcitm,5,2,7,13.919999999999998
50000,32,rcfopcitm,5,2,8,14.059999999999995
50000,32,rcfopcitm,5,2,9,14.270000000000005
50000,32,rcfopcitm,5,3,0,14.280000000000005
50000,32,rcfopcitm,5,3,1,14.42
50000,32,rcfopcitm,5,3,2,14.549999999999997
50000,32,rcfopcitm,5,3,3,14.359999999999996
50000,32,rcfopcitm,5,3,4,14.529999999999998
50000,32,rcfopcitm,5,3,5,14.559999999999995
50000,32,rcfopcitm,5,3,6,14.249999999999996
50000,32,rcfopcitm,5,3,7,14.349999999999996
50000,32,rcfopcitm,5,3,8,14.610000000000001
50000,32,rcfopcitm,5,3,9,14.259999999999994
50000,32,rcfopcitm,5,4,0,15.010000000000002
50000,32,rcfopcitm,5,4,1,15.039999999999997
50000,32,rcfopcitm,5,4,2,15.000000000000002
50000,32,rcfopcitm,5,4,3,15.090000000000003
50000,32,rcfopcitm,5,4,4,14.849999999999996
50000,32,rcfopcitm,5,4,5,14.93
50000,32,rcfopcitm,5,4,6,15.380000000000004
50000,32,rcfopcitm,5,4,7,14.959999999999996
50000,32,rcfopcitm,5,4,8,15.139999999999997
50000,32,rcfopcitm,5,4,9,14.900000000000002
50000,32,rcfopcitm,5,5,0,16.279999999999994
50000,32,rcfopcitm,5,5,1,16.23
50000,32,rcfopcitm,5,5,2,16.110000000000003
50000,32,rcfopcitm,5,5,3,16.310000000000002
50000,32,rcfopcitm,5,5,4,15.959999999999997
50000,32,rcfopcitm,5,5,5,15.72
50000,32,rcfopcitm,5,5,6,16.43
50000,32,rcfopcitm,5,5,7,16.01
50000,32,rcfopcitm,5,5,8,15.690000000000005
50000,32,rcfopcitm,5,5,9,15.920000000000002
50000,32,rcfopcitm,5,6,0,17.01
50000,32,rcfopcitm,5,6,1,16.859999999999996
50000,32,rcfopcitm,5,6,2,17.32
50000,32,rcfopcitm,5,6,3,17.110000000000003
50000,32,rcfopcitm,5,6,4,17.14
50000,32,rcfopcitm,5,6,5,17.130000000000003
50000,32,rcfopcitm,5,6,6,17.390000000000004
50000,32,rcfopcitm,5,6,7,17.130000000000003
50000,32,rcfopcitm,5,6,8,17.469999999999995
50000,32,rcfopcitm,5,6,9,17.849999999999998
50000,32,rcfopcitm,5,7,0,20.509999999999994
50000,32,rcfopcitm,5,7,1,19.94
50000,32,rcfopcitm,5,7,2,19.35
50000,32,rcfopcitm,5,7,3,19.799999999999997
50000,32,rcfopcitm,5,7,4,19.53
50000,32,rcfopcitm,5,7,5,19.899999999999995
50000,32,rcfopcitm,5,7,6,19.710000000000004
50000,32,rcfopcitm,5,7,7,19.730000000000004
50000,32,rcfopcitm,5,7,8,20.669999999999998
50000,32,rcfopcitm,5,7,9,19.46
50000,32,rcfopcitm,5,8,0,20.030000000000005
50000,32,rcfopcitm,5,8,1,19.979999999999997
50000,32,rcfopcitm,5,8,2,19.96
50000,32,rcfopcitm,5,8,3,20.509999999999994
50000,32,rcfopcitm,5,8,4,20.07
50000,32,rcfopcitm,5,8,5,20.130000000000003
50000,32,rcfopcitm,5,8,6,19.379999999999995
50000,32,rcfopcitm,5,8,7,19.930000000000003
50000,32,rcfopcitm,5,8,8,20.689999999999998
50000,32,rcfopcitm,5,8,9,20.099999999999994
50000,32,rcfopcitm,5,9,0,19.869999999999997
50000,32,rcfopcitm,5,9,1,20.150000000000002
50000,32,rcfopcitm,5,9,2,19.47
50000,32,rcfopcitm,5,9,3,20.399999999999995
50000,32,rcfopcitm,5,9,4,20.040000000000003
50000,32,rcfopcitm,5,9,5,19.950000000000003
50000,32,rcfopcitm,5,9,6,20.020000000000003
50000,32,rcfopcitm,5,9,7,19.950000000000003
50000,32,rcfopcitm,5,9,8,20.14
50000,32,rcfopcitm,5,9,9,20.109999999999996
50000,32,rcfopcitm,7,1,0,13.539999999999996
50000,32,rcfopcitm,7,1,1,13.549999999999995
50000,32,rcfopcitm,7,1,2,13.5
50000,32,rcfopcitm,7,1,3,13.759999999999994
50000,32,rcfopcitm,7,1,4,13.639999999999997
50000,32,rcfopcitm,7,1,5,13.849999999999996
50000,32,rcfopcitm,7,1,6,13.460000000000004
50000,32,rcfopcitm,7,1,7,13.62
50000,32,rcfopcitm,7,1,8,13.5
50000,32,rcfopcitm,7,1,9,13.680000000000003
50000,32,rcfopcitm,7,10,0,20.05
50000,32,rcfopcitm,7,10,1,20.06
50000,32,rcfopcitm,7,10,2,20.430000000000003
50000,32,rcfopcitm,7,10,3,19.650000000000002
50000,32,rcfopcitm,7,10,4,19.730000000000004
50000,32,rcfopcitm,7,10,5,20.089999999999996
50000,32,rcfopcitm,7,10,6,19.759999999999998
50000,32,rcfopcitm,7,10,7,20.05
50000,32,rcfopcitm,7,10,8,19.85
50000,32,rcfopcitm,7,10,9,20.209999999999994
50000,32,rcfopcitm,7,2,0,14.31
50000,32,rcfopcitm,7,2,1,14.149999999999995
50000,32,rcfopcitm,7,2,2,14.059999999999995
50000,32,rcfopcitm,7,2,3,14.180000000000003
50000,32,rcfopcitm,7,2,4,13.949999999999996
50000,32,rcfopcitm,7,2,5,14.149999999999995
50000,32,rcfopcitm,7,2,6,14.270000000000005
50000,32,rcfopcitm,7,2,7,13.919999999999998
50000,32,rcfopcitm,7,2,8,14.239999999999997
50000,32,rcfopcitm,7,2,9,14.329999999999998
50000,32,rcfopcitm,7,3,0,14.359999999999996
50000,32,rcfopcitm,7,3,1,14.610000000000001
50000,32,rcfopcitm,7,3,2,14.280000000000005
50000,32,rcfopcitm,7,3,3,14.549999999999997
50000,32,rcfopcitm,7,3,4,14.259999999999994
50000,32,rcfopcitm,7,3,5,14.529999999999998
50000,32,rcfopcitm,7,3,6,14.349999999999996
50000,32,rcfopcitm,7,3,7,14.42
50000,32,rcfopcitm,7,3,8,14.559999999999995
50000,32,rcfopcitm,7,3,9,14.249999999999996
50000,32,rcfopcitm,7,4,0,15.139999999999997
50000,32,rcfopcitm,7,4,1,15.000000000000002
50000,32,rcfopcitm,7,4,2,14.849999999999996
50000,32,rcfopcitm,7,4,3,14.900000000000002
50000,32,rcfopcitm,7,4,4,15.010000000000002
50000,32,rcfopcitm,7,4,5,15.039999999999997
50000,32,rcfopcitm,7,4,6,15.380000000000004
50000,32,rcfopcitm,7,4,7,14.959999999999996
50000,32,rcfopcitm,7,4,8,14.93
50000,32,rcfopcitm,7,4,9,15.090000000000003
50000,32,rcfopcitm,7,5,0,16.01
50000,32,rcfopcitm,7,5,1,16.43
50000,32,rcfopcitm,7,5,2,15.690000000000005
50000,32,rcfopcitm,7,5,3,15.920000000000002
50000,32,rcfopcitm,7,5,4,16.23
50000,32,rcfopcitm,7,5,5,15.959999999999997
50000,32,rcfopcitm,7,5,6,16.310000000000002
50000,32,rcfopcitm,7,5,7,15.72
50000,32,rcfopcitm,7,5,8,16.279999999999994
50000,32,rcfopcitm,7,5,9,16.110000000000003
50000,32,rcfopcitm,7,6,0,17.849999999999998
50000,32,rcfopcitm,7,6,1,17.110000000000003
50000,32,rcfopcitm,7,6,2,16.859999999999996
50000,32,rcfopcitm,7,6,3,17.130000000000003
50000,32,rcfopcitm,7,6,4,17.01
50000,32,rcfopcitm,7,6,5,17.32
50000,32,rcfopcitm,7,6,6,17.390000000000004
50000,32,rcfopcitm,7,6,7,17.130000000000003
50000,32,rcfopcitm,7,6,8,17.14
50000,32,rcfopcitm,7,6,9,17.469999999999995
50000,32,rcfopcitm,7,7,0,19.35
50000,32,rcfopcitm,7,7,1,19.799999999999997
50000,32,rcfopcitm,7,7,2,19.94
50000,32,rcfopcitm,7,7,3,19.899999999999995
50000,32,rcfopcitm,7,7,4,19.53
50000,32,rcfopcitm,7,7,5,20.669999999999998
50000,32,rcfopcitm,7,7,6,19.730000000000004
50000,32,rcfopcitm,7,7,7,20.509999999999994
50000,32,rcfopcitm,7,7,8,19.710000000000004
50000,32,rcfopcitm,7,7,9,19.46
50000,32,rcfopcitm,7,8,0,19.96
50000,32,rcfopcitm,7,8,1,20.030000000000005
50000,32,rcfopcitm,7,8,2,20.130000000000003
50000,32,rcfopcitm,7,8,3,19.379999999999995
50000,32,rcfopcitm,7,8,4,20.509999999999994
50000,32,rcfopcitm,7,8,5,20.689999999999998
50000,32,rcfopcitm,7,8,6,20.07
50000,32,rcfopcitm,7,8,7,19.930000000000003
50000,32,rcfopcitm,7,8,8,20.099999999999994
50000,32,rcfopcitm,7,8,9,19.979999999999997
50000,32,rcfopcitm,7,9,0,20.020000000000003
50000,32,rcfopcitm,7,9,1,19.950000000000003
50000,32,rcfopcitm,7,9,2,20.14
50000,32,rcfopcitm,7,9,3,19.950000000000003
50000,32,rcfopcitm,7,9,4,19.869999999999997
50000,32,rcfopcitm,7,9,5,20.399999999999995
50000,32,rcfopcitm,7,9,6,19.47
50000,32,rcfopcitm,7,9,7,20.109999999999996
50000,32,rcfopcitm,7,9,8,20.150000000000002
50000,32,rcfopcitm,7,9,9,20.040000000000003
50000,512,fwd,,,0,12.380000000000003
50000,512,fwd,,,1,12.829999999999997
50000,512,fwd,,,2,12.590000000000002
50000,512,fwd,,,3,12.250000000000005
50000,512,fwd,,,4,12.5
50000,512,fwd,,,5,12.460000000000004
50000,512,fwd,,,6,12.680000000000003
50000,512,fwd,,,7,12.970000000000004
50000,512,fwd,,,8,12.439999999999996
50000,512,fwd,,,9,12.250000000000005
50000,512,rcfopcitm,10,1,0,12.170000000000003
50000,512,rcfopcitm,10,1,1,12.0
50000,512,rcfopcitm,10,1,2,12.439999999999996
50000,512,rcfopcitm,10,1,3,12.050000000000004
50000,512,rcfopcitm,10,1,4,11.660000000000004
50000,512,rcfopcitm,10,1,5,12.250000000000005
50000,512,rcfopcitm,10,1,6,12.150000000000006
50000,512,rcfopcitm,10,1,7,12.129999999999995
50000,512,rcfopcitm,10,1,8,12.039999999999996
50000,512,rcfopcitm,10,1,9,11.760000000000003
50000,512,rcfopcitm,10,10,0,15.480000000000004
50000,512,rcfopcitm,10,10,1,15.54
50000,512,rcfopcitm,10,10,2,15.659999999999997
50000,512,rcfopcitm,10,10,3,15.649999999999997
50000,512,rcfopcitm,10,10,4,15.71
50000,512,rcfopcitm,10,10,5,15.82
50000,512,rcfopcitm,10,10,6,15.559999999999995
50000,512,rcfopcitm,10,10,7,15.849999999999998
50000,512,rcfopcitm,10,10,8,16.02
50000,512,rcfopcitm,10,10,9,15.459999999999996
50000,512,rcfopcitm,10,2,0,11.850000000000005
50000,512,rcfopcitm,10,2,1,11.950000000000005
50000,512,rcfopcitm,10,2,2,12.029999999999996
50000,512,rcfopcitm,10,2,3,12.360000000000005
50000,512,rcfopcitm,10,2,4,11.780000000000001
50000,512,rcfopcitm,10,2,5,11.870000000000003
50000,512,rcfopcitm,10,2,6,11.860000000000003
50000,512,rcfopcitm,10,2,7,12.129999999999995
50000,512,rcfopcitm,10,2,8,12.260000000000005
50000,512,rcfopcitm,10,2,9,11.660000000000004
50000,512,rcfopcitm,10,3,0,11.980000000000002
50000,512,rcfopcitm,10,3,1,11.99
50000,512,rcfopcitm,10,3,2,12.080000000000002
50000,512,rcfopcitm,10,3,3,11.960000000000004
50000,512,rcfopcitm,10,3,4,12.190000000000001
50000,512,rcfopcitm,10,3,5,11.809999999999999
50000,512,rcfopcitm,10,3,6,11.839999999999995
50000,512,rcfopcitm,10,3,7,12.360000000000005
50000,512,rcfopcitm,10,3,8,12.070000000000004
50000,512,rcfopcitm,10,3,9,11.829999999999997
50000,512,rcfopcitm,10,4,0,12.080000000000002
50000,512,rcfopcitm,10,4,1,11.899999999999999
50000,512,rcfopcitm,10,4,2,11.919999999999998
50000,512,rcfopcitm,10,4,3,11.939999999999994
50000,512,rcfopcitm,10,4,4,12.050000000000004
50000,512,rcfopcitm,10,4,5,11.7
50000,512,rcfopcitm,10,4,6,11.729999999999997
50000,512,rcfopcitm,10,4,7,12.1
50000,512,rcfopcitm,10,4,8,12.270000000000003
50000,512,rcfopcitm,10,4,9,11.980000000000002
50000,512,rcfopcitm,10,5,0,12.270000000000003
50000,512,rcfopcitm,10,5,1,12.170000000000003
50000,512,rcfopcitm,10,5,2,11.929999999999996
50000,512,rcfopcitm,10,5,3,12.480000000000002
50000,512,rcfopcitm,10,5,4,11.980000000000002
50000,512,rcfopcitm,10,5,5,12.039999999999996
50000,512,rcfopcitm,10,5,6,12.2
50000,512,rcfopcitm,10,5,7,11.939999999999994
50000,512,rcfopcitm,10,5,8,12.260000000000005
50000,512,rcfopcitm,10,5,9,12.150000000000006
50000,512,rcfopcitm,10,6,0,12.319999999999997
50000,512,rcfopcitm,10,6,1,12.460000000000004
50000,512,rcfopcitm,10,6,2,12.490000000000002
50000,512,rcfopcitm,10,6,3,12.339999999999996
50000,512,rcfopcitm,10,6,4,12.519999999999998
50000,512,rcfopcitm,10,6,5,12.509999999999998
50000,512,rcfopcitm,10,6,6,12.580000000000002
50000,512,rcfopcitm,10,6,7,12.549999999999994
50000,512,rcfopcitm,10,6,8,12.570000000000004
50000,512,rcfopcitm,10,6,9,12.590000000000002
50000,512,rcfopcitm,10,7,0,13.870000000000005
50000,512,rcfopcitm,10,7,1,13.449999999999996
50000,512,rcfopcitm,10,7,2,13.970000000000004
50000,512,rcfopcitm,10,7,3,13.790000000000003
50000,512,rcfopcitm,10,7,4,13.549999999999995
50000,512,rcfopcitm,10,7,5,14.080000000000004
50000,512,rcfopcitm,10,7,6,13.580000000000004
50000,512,rcfopcitm,10,7,7,13.260000000000005
50000,512,rcfopcitm,10,7,8,14.129999999999999
50000,512,rcfopcitm,10,7,9,13.61
50000,512,rcfopcitm,10,8,0,14.71
50000,512,rcfopcitm,10,8,1,14.749999999999996
50000,512,rcfopcitm,10,8,2,14.439999999999998
50000,512,rcfopcitm,10,8,3,14.680000000000003
50000,512,rcfopcitm,10,8,4,15.059999999999995
50000,512,rcfopcitm,10,8,5,14.82
50000,512,rcfopcitm,10,8,6,14.590000000000003
50000,512,rcfopcitm,10,8,7,14.490000000000002
50000,512,rcfopcitm,10,8,8,14.770000000000005
50000,512,rcfopcitm,10,8,9,14.800000000000002
50000,512,rcfopcitm,10,9,0,16.12
50000,512,rcfopcitm,10,9,1,15.890000000000004
50000,512,rcfopcitm,10,9,2,15.669999999999995
50000,512,rcfopcitm,10,9,3,16.110000000000003
50000,512,rcfopcitm,10,9,4,15.83
50000,512,rcfopcitm,10,9,5,15.82
50000,512,rcfopcitm,10,9,6,16.000000000000004
50000,512,rcfopcitm,10,9,7,16.390000000000004
50000,512,rcfopcitm,10,9,8,15.749999999999996
50000,512,rcfopcitm,10,9,9,16.080000000000005
50000,512,rcfopcitm,12,1,0,11.970000000000002
50000,512,rcfopcitm,12,1,1,12.0
50000,512,rcfopcitm,12,1,2,11.950000000000005
50000,512,rcfopcitm,12,1,3,11.970000000000002
50000,512,rcfopcitm,12,1,4,12.029999999999996
50000,512,rcfopcitm,12,1,5,11.929999999999996
50000,512,rcfopcitm,12,1,6,11.880000000000003
50000,512,rcfopcitm,12,1,7,11.680000000000001
50000,512,rcfopcitm,12,1,8,11.719999999999997
50000,512,rcfopcitm,12,1,9,12.239999999999995
50000,512,rcfopcitm,12,10,0,15.400000000000002
50000,512,rcfopcitm,12,10,1,15.190000000000003
50000,512,rcfopcitm,12,10,2,15.459999999999996
50000,512,rcfopcitm,12,10,3,15.259999999999996
50000,512,rcfopcitm,12,10,4,15.349999999999998
50000,512,rcfopcitm,12,10,5,15.139999999999997
50000,512,rcfopcitm,12,10,6,15.369999999999994
50000,512,rcfopcitm,12,10,7,15.149999999999997
50000,512,rcfopcitm,12,10,8,15.290000000000003
50000,512,rcfopcitm,12,10,9,15.690000000000005
50000,512,rcfopcitm,12,2,0,11.980000000000002
50000,512,rcfopcitm,12,2,1,11.690000000000001
50000,512,rcfopcitm,12,2,2,11.809999999999999
50000,512,rcfopcitm,12,2,3,12.070000000000004
50000,512,rcfopcitm,12,2,4,11.939999999999994
50000,512,rcfopcitm,12,2,5,11.909999999999998
50000,512,rcfopcitm,12,2,6,11.719999999999997
50000,512,rcfopcitm,12,2,7,11.619999999999997
50000,512,rcfopcitm,12,2,8,11.690000000000001
50000,512,rcfopcitm,12,2,9,11.770000000000003
50000,512,rcfopcitm,12,3,0,11.6
50000,512,rcfopcitm,12,3,1,11.619999999999997
50000,512,rcfopcitm,12,3,2,11.790000000000001
50000,512,rcfopcitm,12,3,3,11.529999999999996
50000,512,rcfopcitm,12,3,4,11.770000000000003
50000,512,rcfopcitm,12,3,5,11.5
50000,512,rcfopcitm,12,3,6,11.950000000000005
50000,512,rcfopcitm,12,3,7,11.709999999999997
50000,512,rcfopcitm,12,3,8,11.529999999999996
50000,512,rcfopcitm,12,3,9,11.829999999999997
50000,512,rcfopcitm,12,4,0,11.919999999999998
50000,512,rcfopcitm,12,4,1,11.99
50000,512,rcfopcitm,12,4,2,11.829999999999997
50000,512,rcfopcitm,12,4,3,11.829999999999997
50000,512,rcfopcitm,12,4,4,11.919999999999998
50000,512,rcfopcitm,12,4,5,11.790000000000001
50000,512,rcfopcitm,12,4,6,12.039999999999996
50000,512,rcfopcitm,12,4,7,12.1
50000,512,rcfopcitm,12,4,8,11.809999999999999
50000,512,rcfopcitm,12,4,9,11.870000000000003
50000,512,rcfopcitm,12,5,0,12.1
50000,512,rcfopcitm,12,5,1,12.009999999999998
50000,512,rcfopcitm,12,5,2,12.509999999999998
50000,512,rcfopcitm,12,5,3,12.339999999999996
50000,512,rcfopcitm,12,5,4,12.270000000000003
50000,512,rcfopcitm,12,5,5,12.180000000000001
50000,512,rcfopcitm,12,5,6,12.350000000000005
50000,512,rcfopcitm,12,5,7,12.460000000000004
50000,512,rcfopcitm,12,5,8,12.250000000000005
50000,512,rcfopcitm,12,5,9,12.560000000000004
50000,512,rcfopcitm,12,6,0,13.370000000000005
50000,512,rcfopcitm,12,6,1,13.170000000000003
50000,512,rcfopcitm,12,6,2,13.51
50000,512,rcfopcitm,12,6,3,12.660000000000004
50000,512,rcfopcitm,12,6,4,12.790000000000001
50000,512,rcfopcitm,12,6,5,12.690000000000001
50000,512,rcfopcitm,12,6,6,12.719999999999999
50000,512,rcfopcitm,12,6,7,13.260000000000005
50000,512,rcfopcitm,12,6,8,13.180000000000003
50000,512,rcfopcitm,12,6,9,12.929999999999996
50000,512,rcfopcitm,12,7,0,14.93
50000,512,rcfopcitm,12,7,1,14.670000000000005
50000,512,rcfopcitm,12,7,2,14.670000000000005
50000,512,rcfopcitm,12,7,3,14.600000000000001
50000,512,rcfopcitm,12,7,4,14.759999999999994
50000,512,rcfopcitm,12,7,5,14.92
50000,512,rcfopcitm,12,7,6,14.729999999999999
50000,512,rcfopcitm,12,7,7,14.649999999999997
50000,512,rcfopcitm,12,7,8,15.03
50000,512,rcfopcitm,12,7,9,14.41
50000,512,rcfopcitm,12,8,0,15.600000000000003
50000,512,rcfopcitm,12,8,1,15.82
50000,512,rcfopcitm,12,8,2,16.23
50000,512,rcfopcitm,12,8,3,16.069999999999997
50000,512,rcfopcitm,12,8,4,16.200000000000003
50000,512,rcfopcitm,12,8,5,15.980000000000006
50000,512,rcfopcitm,12,8,6,15.600000000000003
50000,512,rcfopcitm,12,8,7,15.590000000000003
50000,512,rcfopcitm,12,8,8,16.590000000000003
50000,512,rcfopcitm,12,8,9,15.83
50000,512,rcfopcitm,12,9,0,14.92
50000,512,rcfopcitm,12,9,1,15.469999999999995
50000,512,rcfopcitm,12,9,2,15.229999999999999
50000,512,rcfopcitm,12,9,3,15.510000000000002
50000,512,rcfopcitm,12,9,4,15.069999999999995
50000,512,rcfopcitm,12,9,5,15.200000000000003
50000,512,rcfopcitm,12,9,6,15.110000000000001
50000,512,rcfopcitm,12,9,7,14.980000000000004
50000,512,rcfopcitm,12,9,8,14.859999999999996
50000,512,rcfopcitm,12,9,9,14.93
50000,512,rcfopcitm,2,1,0,12.960000000000004
50000,512,rcfopcitm,2,1,1,12.360000000000005
50000,512,rcfopcitm,2,1,2,12.649999999999995
50000,512,rcfopcitm,2,1,3,12.270000000000003
50000,512,rcfopcitm,2,1,4,12.319999999999997
50000,512,rcfopcitm,2,1,5,12.639999999999995
50000,512,rcfopcitm,2,1,6,12.519999999999998
50000,512,rcfopcitm,2,1,7,12.370000000000003
50000,512,rcfopcitm,2,1,8,12.829999999999997
50000,512,rcfopcitm,2,1,9,12.529999999999998
50000,512,rcfopcitm,2,10,0,13.260000000000005
50000,512,rcfopcitm,2,10,1,13.200000000000001
50000,512,rcfopcitm,2,10,2,13.149999999999995
50000,512,rcfopcitm,2,10,3,13.319999999999999
50000,512,rcfopcitm,2,10,4,13.249999999999995
50000,512,rcfopcitm,2,10,5,13.370000000000005
50000,512,rcfopcitm,2,10,6,13.260000000000005
50000,512,rcfopcitm,2,10,7,13.41
50000,512,rcfopcitm,2,10,8,13.209999999999999
50000,512,rcfopcitm,2,10,9,13.449999999999996
50000,512,rcfopcitm,2,2,0,12.61
50000,512,rcfopcitm,2,2,1,12.819999999999999
50000,512,rcfopcitm,2,2,2,12.219999999999997
50000,512,rcfopcitm,2,2,3,12.519999999999998
50000,512,rcfopcitm,2,2,4,12.739999999999995
50000,512,rcfopcitm,2,2,5,12.39
50000,512,rcfopcitm,2,2,6,12.260000000000005
50000,512,rcfopcitm,2,2,7,12.480000000000002
50000,512,rcfopcitm,2,2,8,12.980000000000002
50000,512,rcfopcitm,2,2,9,12.429999999999996
50000,512,rcfopcitm,2,3,0,12.990000000000002
50000,512,rcfopcitm,2,3,1,12.6
50000,512,rcfopcitm,2,3,2,12.350000000000005
50000,512,rcfopcitm,2,3,3,12.460000000000004
50000,512,rcfopcitm,2,3,4,12.619999999999997
50000,512,rcfopcitm,2,3,5,12.91
50000,512,rcfopcitm,2,3,6,12.860000000000005
50000,512,rcfopcitm,2,3,7,12.409999999999998
50000,512,rcfopcitm,2,3,8,12.3
50000,512,rcfopcitm,2,3,9,12.680000000000003
50000,512,rcfopcitm,2,4,0,12.680000000000003
50000,512,rcfopcitm,2,4,1,12.409999999999998
50000,512,rcfopcitm,2,4,2,12.649999999999995
50000,512,rcfopcitm,2,4,3,12.790000000000001
50000,512,rcfopcitm,2,4,4,12.280000000000001
50000,512,rcfopcitm,2,4,5,12.8
50000,512,rcfopcitm,2,4,6,12.960000000000004
50000,512,rcfopcitm,2,4,7,12.8
50000,512,rcfopcitm,2,4,8,12.429999999999996
50000,512,rcfopcitm,2,4,9,12.629999999999997
50000,512,rcfopcitm,2,5,0,12.590000000000002
50000,512,rcfopcitm,2,5,1,12.6
50000,512,rcfopcitm,2,5,2,12.6
50000,512,rcfopcitm,2,5,3,13.229999999999997
50000,512,rcfopcitm,2,5,4,12.739999999999995
50000,512,rcfopcitm,2,5,5,12.749999999999995
50000,512,rcfopcitm,2,5,6,12.919999999999998
50000,512,rcfopcitm,2,5,7,12.61
50000,512,rcfopcitm,2,5,8,12.709999999999999
50000,512,rcfopcitm,2,5,9,12.970000000000004
50000,512,rcfopcitm,2,6,0,12.860000000000005
50000,512,rcfopcitm,2,6,1,12.8
50000,512,rcfopcitm,2,6,2,12.990000000000002
50000,512,rcfopcitm,2,6,3,12.829999999999997
50000,512,rcfopcitm,2,6,4,12.8
50000,512,rcfopcitm,2,6,5,12.690000000000001
50000,512,rcfopcitm,2,6,6,12.949999999999996
50000,512,rcfopcitm,2,6,7,12.709999999999999
50000,512,rcfopcitm,2,6,8,13.080000000000002
50000,512,rcfopcitm,2,6,9,12.680000000000003
50000,512,rcfopcitm,2,7,0,13.139999999999997
50000,512,rcfopcitm,2,7,1,12.91
50000,512,rcfopcitm,2,7,2,13.200000000000001
50000,512,rcfopcitm,2,7,3,12.980000000000002
50000,512,rcfopcitm,2,7,4,13.019999999999998
50000,512,rcfopcitm,2,7,5,12.91
50000,512,rcfopcitm,2,7,6,12.780000000000003
50000,512,rcfopcitm,2,7,7,12.929999999999996
50000,512,rcfopcitm,2,7,8,12.929999999999996
50000,512,rcfopcitm,2,7,9,12.919999999999998
50000,512,rcfopcitm,2,8,0,12.929999999999996
50000,512,rcfopcitm,2,8,1,12.760000000000005
50000,512,rcfopcitm,2,8,2,13.170000000000003
50000,512,rcfopcitm,2,8,3,13.039999999999996
50000,512,rcfopcitm,2,8,4,13.070000000000004
50000,512,rcfopcitm,2,8,5,12.990000000000002
50000,512,rcfopcitm,2,8,6,13.0
50000,512,rcfopcitm,2,8,7,13.100000000000001
50000,512,rcfopcitm,2,8,8,13.129999999999997
50000,512,rcfopcitm,2,8,9,13.160000000000005
50000,512,rcfopcitm,2,9,0,13.219999999999999
50000,512,rcfopcitm,2,9,1,13.200000000000001
50000,512,rcfopcitm,2,9,2,13.280000000000003
50000,512,rcfopcitm,2,9,3,12.9
50000,512,rcfopcitm,2,9,4,13.139999999999997
50000,512,rcfopcitm,2,9,5,13.239999999999997
50000,512,rcfopcitm,2,9,6,13.029999999999998
50000,512,rcfopcitm,2,9,7,13.070000000000004
50000,512,rcfopcitm,2,9,8,13.219999999999999
50000,512,rcfopcitm,2,9,9,13.060000000000006
50000,512,rcfopcitm,3,1,0,12.39
50000,512,rcfopcitm,3,1,1,12.509999999999998
50000,512,rcfopcitm,3,1,2,12.949999999999996
50000,512,rcfopcitm,3,1,3,12.649999999999995
50000,512,rcfopcitm,3,1,4,12.509999999999998
50000,512,rcfopcitm,3,1,5,12.280000000000001
50000,512,rcfopcitm,3,1,6,12.709999999999999
50000,512,rcfopcitm,3,1,7,12.5
50000,512,rcfopcitm,3,1,8,12.639999999999995
50000,512,rcfopcitm,3,1,9,12.209999999999999
50000,512,rcfopcitm,3,10,0,13.61
50000,512,rcfopcitm,3,10,1,13.560000000000006
50000,512,rcfopcitm,3,10,2,13.460000000000004
50000,512,rcfopcitm,3,10,3,13.290000000000003
50000,512,rcfopcitm,3,10,4,13.580000000000004
50000,512,rcfopcitm,3,10,5,13.270000000000003
50000,512,rcfopcitm,3,10,6,13.370000000000005
50000,512,rcfopcitm,3,10,7,13.560000000000006
50000,512,rcfopcitm,3,10,8,13.080000000000002
50000,512,rcfopcitm,3,10,9,13.229999999999997
50000,512,rcfopcitm,3,2,0,12.639999999999995
50000,512,rcfopcitm,3,2,1,12.749999999999995
50000,512,rcfopcitm,3,2,2,12.519999999999998
50000,512,rcfopcitm,3,2,3,12.719999999999999
50000,512,rcfopcitm,3,2,4,12.360000000000005
50000,512,rcfopcitm,3,2,5,12.980000000000002
50000,512,rcfopcitm,3,2,6,12.209999999999999
50000,512,rcfopcitm,3,2,7,12.380000000000003
50000,512,rcfopcitm,3,2,8,12.409999999999998
50000,512,rcfopcitm,3,2,9,12.860000000000005
50000,512,rcfopcitm,3,3,0,12.919999999999998
50000,512,rcfopcitm,3,3,1,12.549999999999994
50000,512,rcfopcitm,3,3,2,12.839999999999996
50000,512,rcfopcitm,3,3,3,12.480000000000002
50000,512,rcfopcitm,3,3,4,13.080000000000002
50000,512,rcfopcitm,3,3,5,12.380000000000003
50000,512,rcfopcitm,3,3,6,12.690000000000001
50000,512,rcfopcitm,3,3,7,12.960000000000004
50000,512,rcfopcitm,3,3,8,12.690000000000001
50000,512,rcfopcitm,3,3,9,12.570000000000004
50000,512,rcfopcitm,3,4,0,13.100000000000001
50000,512,rcfopcitm,3,4,1,12.780000000000003
50000,512,rcfopcitm,3,4,2,12.9
50000,512,rcfopcitm,3,4,3,12.970000000000004
50000,512,rcfopcitm,3,4,4,12.949999999999996
50000,512,rcfopcitm,3,4,5,12.749999999999995
50000,512,rcfopcitm,3,4,6,13.139999999999997
50000,512,rcfopcitm,3,4,7,12.490000000000002
50000,512,rcfopcitm,3,4,8,12.6
50000,512,rcfopcitm,3,4,9,12.629999999999997
50000,512,rcfopcitm,3,5,0,12.729999999999997
50000,512,rcfopcitm,3,5,1,12.939999999999996
50000,512,rcfopcitm,3,5,2,12.790000000000001
50000,512,rcfopcitm,3,5,3,12.929999999999996
50000,512,rcfopcitm,3,5,4,12.8
50000,512,rcfopcitm,3,5,5,13.049999999999995
50000,512,rcfopcitm,3,5,6,12.91
50000,512,rcfopcitm,3,5,7,13.119999999999997
50000,512,rcfopcitm,3,5,8,13.249999999999995
50000,512,rcfopcitm,3,5,9,12.839999999999996
50000,512,rcfopcitm,3,6,0,12.91
50000,512,rcfopcitm,3,6,1,13.160000000000005
50000,512,rcfopcitm,3,6,2,13.209999999999999
50000,512,rcfopcitm,3,6,3,12.949999999999996
50000,512,rcfopcitm,3,6,4,13.060000000000006
50000,512,rcfopcitm,3,6,5,13.039999999999996
50000,512,rcfopcitm,3,6,6,12.919999999999998
50000,512,rcfopcitm,3,6,7,13.419999999999998
50000,512,rcfopcitm,3,6,8,13.039999999999996
50000,512,rcfopcitm,3,6,9,13.090000000000002
50000,512,rcfopcitm,3,7,0,13.3
50000,512,rcfopcitm,3,7,1,13.080000000000002
50000,512,rcfopcitm,3,7,2,13.119999999999997
50000,512,rcfopcitm,3,7,3,13.080000000000002
50000,512,rcfopcitm,3,7,4,13.049999999999995
50000,512,rcfopcitm,3,7,5,13.490000000000002
50000,512,rcfopcitm,3,7,6,13.41
50000,512,rcfopcitm,3,7,7,13.209999999999999
50000,512,rcfopcitm,3,7,8,13.200000000000001
50000,512,rcfopcitm,3,7,9,13.639999999999997
50000,512,rcfopcitm,3,8,0,13.419999999999998
50000,512,rcfopcitm,3,8,1,13.070000000000004
50000,512,rcfopcitm,3,8,2,13.01
50000,512,rcfopcitm,3,8,3,13.719999999999999
50000,512,rcfopcitm,3,8,4,13.160000000000005
50000,512,rcfopcitm,3,8,5,13.419999999999998
50000,512,rcfopcitm,3,8,6,13.139999999999997
50000,512,rcfopcitm,3,8,7,13.360000000000005
50000,512,rcfopcitm,3,8,8,13.3
50000,512,rcfopcitm,3,8,9,13.049999999999995
50000,512,rcfopcitm,3,9,0,13.41
50000,512,rcfopcitm,3,9,1,13.190000000000001
50000,512,rcfopcitm,3,9,2,13.280000000000003
50000,512,rcfopcitm,3,9,3,13.290000000000003
50000,512,rcfopcitm,3,9,4,13.219999999999999
50000,512,rcfopcitm,3,9,5,13.639999999999997
50000,512,rcfopcitm,3,9,6,13.339999999999996
50000,512,rcfopcitm,3,9,7,13.090000000000002
50000,512,rcfopcitm,3,9,8,13.549999999999995
50000,512,rcfopcitm,3,9,9,13.3
50000,512,rcfopcitm,5,1,0,12.760000000000005
50000,512,rcfopcitm,5,1,1,12.629999999999997
50000,512,rcfopcitm,5,1,2,12.309999999999999
50000,512,rcfopcitm,5,1,3,11.99
50000,512,rcfopcitm,5,1,4,12.250000000000005
50000,512,rcfopcitm,5,1,5,12.470000000000002
50000,512,rcfopcitm,5,1,6,12.519999999999998
50000,512,rcfopcitm,5,1,7,12.409999999999998
50000,512,rcfopcitm,5,1,8,12.350000000000005
50000,512,rcfopcitm,5,1,9,12.770000000000003
50000,512,rcfopcitm,5,10,0,13.239999999999997
50000,512,rcfopcitm,5,10,1,13.0
50000,512,rcfopcitm,5,10,2,13.700000000000001
50000,512,rcfopcitm,5,10,3,13.219999999999999
50000,512,rcfopcitm,5,10,4,13.71
50000,512,rcfopcitm,5,10,5,13.460000000000004
50000,512,rcfopcitm,5,10,6,13.62
50000,512,rcfopcitm,5,10,7,13.290000000000003
50000,512,rcfopcitm,5,10,8,13.339999999999996
50000,512,rcfopcitm,5,10,9,13.5
50000,512,rcfopcitm,5,2,0,12.529999999999998
50000,512,rcfopcitm,5,2,1,12.460000000000004
50000,512,rcfopcitm,5,2,2,12.419999999999998
50000,512,rcfopcitm,5,2,3,12.339999999999996
50000,512,rcfopcitm,5,2,4,12.380000000000003
50000,512,rcfopcitm,5,2,5,12.139999999999995
50000,512,rcfopcitm,5,2,6,12.760000000000005
50000,512,rcfopcitm,5,2,7,12.170000000000003
50000,512,rcfopcitm,5,2,8,12.270000000000003
50000,512,rcfopcitm,5,2,9,12.580000000000002
50000,512,rcfopcitm,5,3,0,12.360000000000005
50000,512,rcfopcitm,5,3,1,12.629999999999997
50000,512,rcfopcitm,5,3,2,12.4
50000,512,rcfopcitm,5,3,3,12.350000000000005
50000,512,rcfopcitm,5,3,4,12.749999999999995
50000,512,rcfopcitm,5,3,5,12.450000000000006
50000,512,rcfopcitm,5,3,6,12.61
50000,512,rcfopcitm,5,3,7,12.680000000000003
50000,512,rcfopcitm,5,3,8,12.319999999999997
50000,512,rcfopcitm,5,3,9,12.4
50000,512,rcfopcitm,5,4,0,12.370000000000003
50000,512,rcfopcitm,5,4,1,12.729999999999997
50000,512,rcfopcitm,5,4,2,12.450000000000006
50000,512,rcfopcitm,5,4,3,12.309999999999999
50000,512,rcfopcitm,5,4,4,12.409999999999998
50000,512,rcfopcitm,5,4,5,12.429999999999996
50000,512,rcfopcitm,5,4,6,12.61
50000,512,rcfopcitm,5,4,7,12.790000000000001
50000,512,rcfopcitm,5,4,8,12.419999999999998
50000,512,rcfopcitm,5,4,9,12.839999999999996
50000,512,rcfopcitm,5,5,0,12.670000000000003
50000,512,rcfopcitm,5,5,1,12.819999999999999
50000,512,rcfopcitm,5,5,2,12.690000000000001
50000,512,rcfopcitm,5,5,3,12.590000000000002
50000,512,rcfopcitm,5,5,4,12.429999999999996
50000,512,rcfopcitm,5,5,5,12.480000000000002
50000,512,rcfopcitm,5,5,6,12.460000000000004
50000,512,rcfopcitm,5,5,7,13.160000000000005
50000,512,rcfopcitm,5,5,8,12.89
50000,512,rcfopcitm,5,5,9,12.670000000000003
50000,512,rcfopcitm,5,6,0,12.739999999999995
50000,512,rcfopcitm,5,6,1,12.429999999999996
50000,512,rcfopcitm,5,6,2,12.860000000000005
50000,512,rcfopcitm,5,6,3,12.5
50000,512,rcfopcitm,5,6,4,12.770000000000003
50000,512,rcfopcitm,5,6,5,12.629999999999997
50000,512,rcfopcitm,5,6,6,12.739999999999995
50000,512,rcfopcitm,5,6,7,12.670000000000003
50000,512,rcfopcitm,5,6,8,12.709999999999999
50000,512,rcfopcitm,5,6,9,12.990000000000002
50000,512,rcfopcitm,5,7,0,12.570000000000004
50000,512,rcfopcitm,5,7,1,12.619999999999997
50000,512,rcfopcitm,5,7,2,12.780000000000003
50000,512,rcfopcitm,5,7,3,12.450000000000006
50000,512,rcfopcitm,5,7,4,12.480000000000002
50000,512,rcfopcitm,5,7,5,12.560000000000004
50000,512,rcfopcitm,5,7,6,12.590000000000002
50000,512,rcfopcitm,5,7,7,12.709999999999999
50000,512,rcfopcitm,5,7,8,12.8
50000,512,rcfopcitm,5,7,9,12.849999999999994
50000,512,rcfopcitm,5,8,0,12.570000000000004
50000,512,rcfopcitm,5,8,1,12.490000000000002
50000,512,rcfopcitm,5,8,2,12.549999999999994
50000,512,rcfopcitm,5,8,3,12.770000000000003
50000,512,rcfopcitm,5,8,4,12.61
50000,512,rcfopcitm,5,8,5,12.809999999999999
50000,512,rcfopcitm,5,8,6,12.239999999999995
50000,512,rcfopcitm,5,8,7,12.429999999999996
50000,512,rcfopcitm,5,8,8,12.749999999999995
50000,512,rcfopcitm,5,8,9,12.450000000000006
50000,512,rcfopcitm,5,9,0,12.919999999999998
50000,512,rcfopcitm,5,9,1,12.719999999999999
50000,512,rcfopcitm,5,9,2,12.670000000000003
50000,512,rcfopcitm,5,9,3,12.739999999999995
50000,512,rcfopcitm,5,9,4,12.749999999999995
50000,512,rcfopcitm,5,9,5,12.439999999999996
50000,512,rcfopcitm,5,9,6,12.6
50000,512,rcfopcitm,5,9,7,12.260000000000005
50000,512,rcfopcitm,5,9,8,12.7
50000,512,rcfopcitm,5,9,9,12.670000000000003
50000,512,rcfopcitm,7,1,0,12.429999999999996
50000,512,rcfopcitm,7,1,1,12.139999999999995
50000,512,rcfopcitm,7,1,2,12.719999999999999
50000,512,rcfopcitm,7,1,3,12.190000000000001
50000,512,rcfopcitm,7,1,4,12.4
50000,512,rcfopcitm,7,1,5,11.980000000000002
50000,512,rcfopcitm,7,1,6,12.39
50000,512,rcfopcitm,7,1,7,12.419999999999998
50000,512,rcfopcitm,7,1,8,12.209999999999999
50000,512,rcfopcitm,7,1,9,11.839999999999995
50000,512,rcfopcitm,7,10,0,14.429999999999998
50000,512,rcfopcitm,7,10,1,14.339999999999996
50000,512,rcfopcitm,7,10,2,14.600000000000001
50000,512,rcfopcitm,7,10,3,14.180000000000003
50000,512,rcfopcitm,7,10,4,14.600000000000001
50000,512,rcfopcitm,7,10,5,14.600000000000001
50000,512,rcfopcitm,7,10,6,14.529999999999998
50000,512,rcfopcitm,7,10,7,14.629999999999999
50000,512,rcfopcitm,7,10,8,14.249999999999996
50000,512,rcfopcitm,7,10,9,14.590000000000003
50000,512,rcfopcitm,7,2,0,12.3
50000,512,rcfopcitm,7,2,1,12.429999999999996
50000,512,rcfopcitm,7,2,2,12.380000000000003
50000,512,rcfopcitm,7,2,3,12.470000000000002
50000,512,rcfopcitm,7,2,4,12.380000000000003
50000,512,rcfopcitm,7,2,5,12.270000000000003
50000,512,rcfopcitm,7,2,6,12.1
50000,512,rcfopcitm,7,2,7,12.239999999999995
50000,512,rcfopcitm,7,2,8,12.360000000000005
50000,512,rcfopcitm,7,2,9,12.270000000000003
50000,512,rcfopcitm,7,3,0,12.280000000000001
50000,512,rcfopcitm,7,3,1,12.380000000000003
50000,512,rcfopcitm,7,3,2,12.439999999999996
50000,512,rcfopcitm,7,3,3,12.150000000000006
50000,512,rcfopcitm,7,3,4,12.229999999999997
50000,512,rcfopcitm,7,3,5,12.209999999999999
50000,512,rcfopcitm,7,3,6,12.350000000000005
50000,512,rcfopcitm,7,3,7,12.039999999999996
50000,512,rcfopcitm,7,3,8,11.970000000000002
50000,512,rcfopcitm,7,3,9,12.270000000000003
50000,512,rcfopcitm,7,4,0,12.350000000000005
50000,512,rcfopcitm,7,4,1,12.290000000000001
50000,512,rcfopcitm,7,4,2,12.450000000000006
50000,512,rcfopcitm,7,4,3,12.239999999999995
50000,512,rcfopcitm,7,4,4,12.429999999999996
50000,512,rcfopcitm,7,4,5,12.39
50000,512,rcfopcitm,7,4,6,12.619999999999997
50000,512,rcfopcitm,7,4,7,12.209999999999999
50000,512,rcfopcitm,7,4,8,12.260000000000005
50000,512,rcfopcitm,7,4,9,12.060000000000004
50000,512,rcfopcitm,7,5,0,12.280000000000001
50000,512,rcfopcitm,7,5,1,12.070000000000004
50000,512,rcfopcitm,7,5,2,12.39
50000,512,rcfopcitm,7,5,3,12.129999999999995
50000,512,rcfopcitm,7,5,4,12.290000000000001
50000,512,rcfopcitm,7,5,5,12.509999999999998
50000,512,rcfopcitm,7,5,6,12.170000000000003
50000,512,rcfopcitm,7,5,7,12.519999999999998
50000,512,rcfopcitm,7,5,8,12.380000000000003
50000,512,rcfopcitm,7,5,9,12.360000000000005
50000,512,rcfopcitm,7,6,0,12.309999999999999
50000,512,rcfopcitm,7,6,1,12.229999999999997
50000,512,rcfopcitm,7,6,2,12.619999999999997
50000,512,rcfopcitm,7,6,3,12.529999999999998
50000,512,rcfopcitm,7,6,4,12.360000000000005
50000,512,rcfopcitm,7,6,5,12.3
50000,512,rcfopcitm,7,6,6,12.209999999999999
50000,512,rcfopcitm,7,6,7,12.09
50000,512,rcfopcitm,7,6,8,12.129999999999995
50000,512,rcfopcitm,7,6,9,12.309999999999999
50000,512,rcfopcitm,7,7,0,12.549999999999994
50000,512,rcfopcitm,7,7,1,12.529999999999998
50000,512,rcfopcitm,7,7,2,12.649999999999995
50000,512,rcfopcitm,7,7,3,12.639999999999995
50000,512,rcfopcitm,7,7,4,12.639999999999995
50000,512,rcfopcitm,7,7,5,12.280000000000001
50000,512,rcfopcitm,7,7,6,12.380000000000003
50000,512,rcfopcitm,7,7,7,12.629999999999997
50000,512,rcfopcitm,7,7,8,12.670000000000003
50000,512,rcfopcitm,7,7,9,12.529999999999998
50000,512,rcfopcitm,7,8,0,12.749999999999995
50000,512,rcfopcitm,7,8,1,12.429999999999996
50000,512,rcfopcitm,7,8,2,12.629999999999997
50000,512,rcfopcitm,7,8,3,12.539999999999996
50000,512,rcfopcitm,7,8,4,12.6
50000,512,rcfopcitm,7,8,5,13.100000000000001
50000,512,rcfopcitm,7,8,6,12.660000000000004
50000,512,rcfopcitm,7,8,7,12.729999999999997
50000,512,rcfopcitm,7,8,8,12.360000000000005
50000,512,rcfopcitm,7,8,9,12.490000000000002
50000,512,rcfopcitm,7,9,0,14.239999999999997
50000,512,rcfopcitm,7,9,1,14.249999999999996
50000,512,rcfopcitm,7,9,2,14.049999999999995
50000,512,rcfopcitm,7,9,3,14.219999999999999
50000,512,rcfopcitm,7,9,4,14.000000000000002
50000,512,rcfopcitm,7,9,5,14.239999999999997
50000,512,rcfopcitm,7,9,6,13.8
50000,512,rcfopcitm,7,9,7,13.51
50000,512,rcfopcitm,7,9,8,13.919999999999998
50000,512,rcfopcitm,7,9,9,14.270000000000005
50000,64,fwd,,,0,12.429999999999996
50000,64,fwd,,,1,12.670000000000003
50000,64,fwd,,,2,12.309999999999999
50000,64,fwd,,,3,12.470000000000002
50000,64,fwd,,,4,12.580000000000002
50000,64,fwd,,,5,12.729999999999997
50000,64,fwd,,,6,12.139999999999995
50000,64,fwd,,,7,12.4
50000,64,fwd,,,8,12.460000000000004
50000,64,fwd,,,9,12.219999999999997
50000,64,rcfopcitm,10,1,0,12.560000000000004
50000,64,rcfopcitm,10,1,1,12.509999999999998
50000,64,rcfopcitm,10,1,2,12.490000000000002
50000,64,rcfopcitm,10,1,3,12.870000000000005
50000,64,rcfopcitm,10,1,4,12.470000000000002
50000,64,rcfopcitm,10,1,5,12.809999999999999
50000,64,rcfopcitm,10,1,6,12.380000000000003
50000,64,rcfopcitm,10,1,7,12.670000000000003
50000,64,rcfopcitm,10,1,8,12.61
50000,64,rcfopcitm,10,1,9,12.8
50000,64,rcfopcitm,10,10,0,18.44
50000,64,rcfopcitm,10,10,1,18.35
50000,64,rcfopcitm,10,10,2,18.120000000000005
50000,64,rcfopcitm,10,10,3,18.330000000000002
50000,64,rcfopcitm,10,10,4,18.400000000000006
50000,64,rcfopcitm,10,10,5,18.489999999999995
50000,64,rcfopcitm,10,10,6,17.800000000000004
50000,64,rcfopcitm,10,10,7,18.830000000000002
50000,64,rcfopcitm,10,10,8,18.669999999999998
50000,64,rcfopcitm,10,10,9,18.479999999999997
50000,64,rcfopcitm,10,2,0,12.91
50000,64,rcfopcitm,10,2,1,12.719999999999999
50000,64,rcfopcitm,10,2,2,12.960000000000004
50000,64,rcfopcitm,10,2,3,13.200000000000001
50000,64,rcfopcitm,10,2,4,13.029999999999998
50000,64,rcfopcitm,10,2,5,12.809999999999999
50000,64,rcfopcitm,10,2,6,13.039999999999996
50000,64,rcfopcitm,10,2,7,12.89
50000,64,rcfopcitm,10,2,8,12.729999999999997
50000,64,rcfopcitm,10,2,9,13.119999999999997
50000,64,rcfopcitm,10,3,0,13.419999999999998
50000,64,rcfopcitm,10,3,1,13.81
50000,64,rcfopcitm,10,3,2,13.51
50000,64,rcfopcitm,10,3,3,13.570000000000004
50000,64,rcfopcitm,10,3,4,13.600000000000001
50000,64,rcfopcitm,10,3,5,13.439999999999996
50000,64,rcfopcitm,10,3,6,13.959999999999994
50000,64,rcfopcitm,10,3,7,13.270000000000003
50000,64,rcfopcitm,10,3,8,13.539999999999996
50000,64,rcfopcitm,10,3,9,13.229999999999997
50000,64,rcfopcitm,10,4,0,14.900000000000002
50000,64,rcfopcitm,10,4,1,14.990000000000004
50000,64,rcfopcitm,10,4,2,15.329999999999998
50000,64,rcfopcitm,10,4,3,15.159999999999997
50000,64,rcfopcitm,10,4,4,14.839999999999998
50000,64,rcfopcitm,10,4,5,15.080000000000005
50000,64,rcfopcitm,10,4,6,14.949999999999996
50000,64,rcfopcitm,10,4,7,15.410000000000002
50000,64,rcfopcitm,10,4,8,15.200000000000003
50000,64,rcfopcitm,10,4,9,15.069999999999995
50000,64,rcfopcitm,10,5,0,17.62
50000,64,rcfopcitm,10,5,1,17.62
50000,64,rcfopcitm,10,5,2,17.01
50000,64,rcfopcitm,10,5,3,18.53
50000,64,rcfopcitm,10,5,4,18.200000000000006
50000,64,rcfopcitm,10,5,5,18.510000000000005
50000,64,rcfopcitm,10,5,6,17.379999999999995
50000,64,rcfopcitm,10,5,7,17.459999999999997
50000,64,rcfopcitm,10,5,8,17.56
50000,64,rcfopcitm,10,5,9,17.73
50000,64,rcfopcitm,10,6,0,18.42
50000,64,rcfopcitm,10,6,1,18.169999999999998
50000,64,rcfopcitm,10,6,2,18.03
50000,64,rcfopcitm,10,6,3,17.549999999999997
50000,64,rcfopcitm,10,6,4,18.42
50000,64,rcfopcitm,10,6,5,17.97
50000,64,rcfopcitm,10,6,6,18.85
50000,64,rcfopcitm,10,6,7,18.899999999999995
50000,64,rcfopcitm,10,6,8,18.54
50000,64,rcfopcitm,10,6,9,18.379999999999995
50000,64,rcfopcitm,10,7,0,18.330000000000002
50000,64,rcfopcitm,10,7,1,18.689999999999994
50000,64,rcfopcitm,10,7,2,18.510000000000005
50000,64,rcfopcitm,10,7,3,18.310000000000002
50000,64,rcfopcitm,10,7,4,18.810000000000006
50000,64,rcfopcitm,10,7,5,19.179999999999996
50000,64,rcfopcitm,10,7,6,18.110000000000003
50000,64,rcfopcitm,10,7,7,18.669999999999998
50000,64,rcfopcitm,10,7,8,18.459999999999997
50000,64,rcfopcitm,10,7,9,18.14
50000,64,rcfopcitm,10,8,0,18.300000000000004
50000,64,rcfopcitm,10,8,1,18.15
50000,64,rcfopcitm,10,8,2,18.010000000000005
50000,64,rcfopcitm,10,8,3,18.400000000000006
50000,64,rcfopcitm,10,8,4,18.669999999999998
50000,64,rcfopcitm,10,8,5,18.03
50000,64,rcfopcitm,10,8,6,18.289999999999996
50000,64,rcfopcitm,10,8,7,18.25
50000,64,rcfopcitm,10,8,8,17.92
50000,64,rcfopcitm,10,8,9,18.520000000000003
50000,64,rcfopcitm,10,9,0,18.36
50000,64,rcfopcitm,10,9,1,18.04
50000,64,rcfopcitm,10,9,2,18.23
50000,64,rcfopcitm,10,9,3,18.459999999999997
50000,64,rcfopcitm,10,9,4,18.220000000000002
50000,64,rcfopcitm,10,9,5,18.06
50000,64,rcfopcitm,10,9,6,18.379999999999995
50000,64,rcfopcitm,10,9,7,18.389999999999993
50000,64,rcfopcitm,10,9,8,18.179999999999996
50000,64,rcfopcitm,10,9,9,17.93
50000,64,rcfopcitm,12,1,0,12.629999999999997
50000,64,rcfopcitm,12,1,1,12.749999999999995
50000,64,rcfopcitm,12,1,2,12.519999999999998
50000,64,rcfopcitm,12,1,3,12.380000000000003
50000,64,rcfopcitm,12,1,4,12.880000000000003
50000,64,rcfopcitm,12,1,5,12.7
50000,64,rcfopcitm,12,1,6,12.760000000000005
50000,64,rcfopcitm,12,1,7,12.639999999999995
50000,64,rcfopcitm,12,1,8,12.5
50000,64,rcfopcitm,12,1,9,12.280000000000001
50000,64,rcfopcitm,12,10,0,17.779999999999994
50000,64,rcfopcitm,12,10,1,17.84
50000,64,rcfopcitm,12,10,2,17.93
50000,64,rcfopcitm,12,10,3,18.369999999999997
50000,64,rcfopcitm,12,10,4,18.010000000000005
50000,64,rcfopcitm,12,10,5,17.54
50000,64,rcfopcitm,12,10,6,18.130000000000003
50000,64,rcfopcitm,12,10,7,17.94
50000,64,rcfopcitm,12,10,8,18.34
50000,64,rcfopcitm,12,10,9,17.959999999999997
50000,64,rcfopcitm,12,2,0,14.029999999999998
50000,64,rcfopcitm,12,2,1,13.539999999999996
50000,64,rcfopcitm,12,2,2,13.41
50000,64,rcfopcitm,12,2,3,13.539999999999996
50000,64,rcfopcitm,12,2,4,13.41
50000,64,rcfopcitm,12,2,5,13.339999999999996
50000,64,rcfopcitm,12,2,6,13.560000000000006
50000,64,rcfopcitm,12,2,7,13.859999999999994
50000,64,rcfopcitm,12,2,8,13.439999999999996
50000,64,rcfopcitm,12,2,9,13.370000000000005
50000,64,rcfopcitm,12,3,0,15.390000000000004
50000,64,rcfopcitm,12,3,1,15.21
50000,64,rcfopcitm,12,3,2,15.380000000000004
50000,64,rcfopcitm,12,3,3,14.880000000000004
50000,64,rcfopcitm,12,3,4,14.93
50000,64,rcfopcitm,12,3,5,15.010000000000002
50000,64,rcfopcitm,12,3,6,15.229999999999999
50000,64,rcfopcitm,12,3,7,15.180000000000005
50000,64,rcfopcitm,12,3,8,15.239999999999998
50000,64,rcfopcitm,12,3,9,15.000000000000002
50000,64,rcfopcitm,12,4,0,17.43
50000,64,rcfopcitm,12,4,1,17.390000000000004
50000,64,rcfopcitm,12,4,2,17.689999999999994
50000,64,rcfopcitm,12,4,3,17.56
50000,64,rcfopcitm,12,4,4,17.959999999999997
50000,64,rcfopcitm,12,4,5,17.740000000000002
50000,64,rcfopcitm,12,4,6,17.410000000000004
50000,64,rcfopcitm,12,4,7,17.75
50000,64,rcfopcitm,12,4,8,17.73
50000,64,rcfopcitm,12,4,9,17.75
50000,64,rcfopcitm,12,5,0,18.459999999999997
50000,64,rcfopcitm,12,5,1,18.289999999999996
50000,64,rcfopcitm,12,5,2,18.310000000000002
50000,64,rcfopcitm,12,5,3,18.04
50000,64,rcfopcitm,12,5,4,18.789999999999996
50000,64,rcfopcitm,12,5,5,17.800000000000004
50000,64,rcfopcitm,12,5,6,18.110000000000003
50000,64,rcfopcitm,12,5,7,18.459999999999997
50000,64,rcfopcitm,12,5,8,18.020000000000003
50000,64,rcfopcitm,12,5,9,18.069999999999997
50000,64,rcfopcitm,12,6,0,18.769999999999996
50000,64,rcfopcitm,12,6,1,18.369999999999997
50000,64,rcfopcitm,12,6,2,18.089999999999996
50000,64,rcfopcitm,12,6,3,18.04
50000,64,rcfopcitm,12,6,4,18.400000000000006
50000,64,rcfopcitm,12,6,5,18.000000000000004
50000,64,rcfopcitm,12,6,6,18.110000000000003
50000,64,rcfopcitm,12,6,7,18.65
50000,64,rcfopcitm,12,6,8,18.200000000000006
50000,64,rcfopcitm,12,6,9,18.200000000000006
50000,64,rcfopcitm,12,7,0,18.179999999999996
50000,64,rcfopcitm,12,7,1,18.330000000000002
50000,64,rcfopcitm,12,7,2,17.410000000000004
50000,64,rcfopcitm,12,7,3,17.789999999999996
50000,64,rcfopcitm,12,7,4,18.03
50000,64,rcfopcitm,12,7,5,18.400000000000006
50000,64,rcfopcitm,12,7,6,17.86
50000,64,rcfopcitm,12,7,7,17.800000000000004
50000,64,rcfopcitm,12,7,8,17.93
50000,64,rcfopcitm,12,7,9,17.73
50000,64,rcfopcitm,12,8,0,18.389999999999993
50000,64,rcfopcitm,12,8,1,17.849999999999998
50000,64,rcfopcitm,12,8,2,18.259999999999998
50000,64,rcfopcitm,12,8,3,17.759999999999998
50000,64,rcfopcitm,12,8,4,17.810000000000002
50000,64,rcfopcitm,12,8,5,17.84
50000,64,rcfopcitm,12,8,6,17.879999999999995
50000,64,rcfopcitm,12,8,7,18.14
50000,64,rcfopcitm,12,8,8,18.05
50000,64,rcfopcitm,12,8,9,18.369999999999997
50000,64,rcfopcitm,12,9,0,18.079999999999995
50000,64,rcfopcitm,12,9,1,17.56
50000,64,rcfopcitm,12,9,2,17.64
50000,64,rcfopcitm,12,9,3,17.64
50000,64,rcfopcitm,12,9,4,17.93
50000,64,rcfopcitm,12,9,5,18.069999999999997
50000,64,rcfopcitm,12,9,6,18.410000000000004
50000,64,rcfopcitm,12,9,7,17.959999999999997
50000,64,rcfopcitm,12,9,8,18.269999999999996
50000,64,rcfopcitm,12,9,9,17.679999999999996
50000,64,rcfopcitm,2,1,0,12.760000000000005
50000,64,rcfopcitm,2,1,1,12.170000000000003
50000,64,rcfopcitm,2,1,2,12.519999999999998
50000,64,rcfopcitm,2,1,3,12.250000000000005
50000,64,rcfopcitm,2,1,4,12.529999999999998
50000,64,rcfopcitm,2,1,5,12.560000000000004
50000,64,rcfopcitm,2,1,6,12.539999999999996
50000,64,rcfopcitm,2,1,7,12.639999999999995
50000,64,rcfopcitm,2,1,8,12.39
50000,64,rcfopcitm,2,1,9,12.490000000000002
50000,64,rcfopcitm,2,10,0,13.080000000000002
50000,64,rcfopcitm,2,10,1,13.039999999999996
50000,64,rcfopcitm,2,10,2,13.3
50000,64,rcfopcitm,2,10,3,12.829999999999997
50000,64,rcfopcitm,2,10,4,13.090000000000002
50000,64,rcfopcitm,2,10,5,13.090000000000002
50000,64,rcfopcitm,2,10,6,12.8
50000,64,rcfopcitm,2,10,7,13.139999999999997
50000,64,rcfopcitm,2,10,8,12.980000000000002
50000,64,rcfopcitm,2,10,9,13.029999999999998
50000,64,rcfopcitm,2,2,0,12.560000000000004
50000,64,rcfopcitm,2,2,1,12.580000000000002
50000,64,rcfopcitm,2,2,2,12.629999999999997
50000,64,rcfopcitm,2,2,3,12.160000000000004
50000,64,rcfopcitm,2,2,4,12.39
50000,64,rcfopcitm,2,2,5,12.580000000000002
50000,64,rcfopcitm,2,2,6,12.270000000000003
50000,64,rcfopcitm,2,2,7,12.380000000000003
50000,64,rcfopcitm,2,2,8,12.91
50000,64,rcfopcitm,2,2,9,12.419999999999998
50000,64,rcfopcitm,2,3,0,12.519999999999998
50000,64,rcfopcitm,2,3,1,12.690000000000001
50000,64,rcfopcitm,2,3,2,12.539999999999996
50000,64,rcfopcitm,2,3,3,12.709999999999999
50000,64,rcfopcitm,2,3,4,12.780000000000003
50000,64,rcfopcitm,2,3,5,12.219999999999997
50000,64,rcfopcitm,2,3,6,12.549999999999994
50000,64,rcfopcitm,2,3,7,12.350000000000005
50000,64,rcfopcitm,2,3,8,12.380000000000003
50000,64,rcfopcitm,2,3,9,12.439999999999996
50000,64,rcfopcitm,2,4,0,12.749999999999995
50000,64,rcfopcitm,2,4,1,12.409999999999998
50000,64,rcfopcitm,2,4,2,12.470000000000002
50000,64,rcfopcitm,2,4,3,12.460000000000004
50000,64,rcfopcitm,2,4,4,12.350000000000005
50000,64,rcfopcitm,2,4,5,12.6
50000,64,rcfopcitm,2,4,6,12.429999999999996
50000,64,rcfopcitm,2,4,7,12.819999999999999
50000,64,rcfopcitm,2,4,8,12.719999999999999
50000,64,rcfopcitm,2,4,9,12.639999999999995
50000,64,rcfopcitm,2,5,0,12.929999999999996
50000,64,rcfopcitm,2,5,1,12.519999999999998
50000,64,rcfopcitm,2,5,2,12.729999999999997
50000,64,rcfopcitm,2,5,3,12.509999999999998
50000,64,rcfopcitm,2,5,4,12.549999999999994
50000,64,rcfopcitm,2,5,5,12.61
50000,64,rcfopcitm,2,5,6,12.61
50000,64,rcfopcitm,2,5,7,12.649999999999995
50000,64,rcfopcitm,2,5,8,12.839999999999996
50000,64,rcfopcitm,2,5,9,12.749999999999995
50000,64,rcfopcitm,2,6,0,12.949999999999996
50000,64,rcfopcitm,2,6,1,12.729999999999997
50000,64,rcfopcitm,2,6,2,12.649999999999995
50000,64,rcfopcitm,2,6,3,12.829999999999997
50000,64,rcfopcitm,2,6,4,12.460000000000004
50000,64,rcfopcitm,2,6,5,12.729999999999997
50000,64,rcfopcitm,2,6,6,12.690000000000001
50000,64,rcfopcitm,2,6,7,12.739999999999995
50000,64,rcfopcitm,2,6,8,12.729999999999997
50000,64,rcfopcitm,2,6,9,12.860000000000005
50000,64,rcfopcitm,2,7,0,12.729999999999997
50000,64,rcfopcitm,2,7,1,12.719999999999999
50000,64,rcfopcitm,2,7,2,12.949999999999996
50000,64,rcfopcitm,2,7,3,12.749999999999995
50000,64,rcfopcitm,2,7,4,12.819999999999999
50000,64,rcfopcitm,2,7,5,12.809999999999999
50000,64,rcfopcitm,2,7,6,12.980000000000002
50000,64,rcfopcitm,2,7,7,12.680000000000003
50000,64,rcfopcitm,2,7,8,12.880000000000003
50000,64,rcfopcitm,2,7,9,12.6
50000,64,rcfopcitm,2,8,0,12.949999999999996
50000,64,rcfopcitm,2,8,1,12.939999999999996
50000,64,rcfopcitm,2,8,2,12.91
50000,64,rcfopcitm,2,8,3,13.029999999999998
50000,64,rcfopcitm,2,8,4,12.819999999999999
50000,64,rcfopcitm,2,8,5,12.760000000000005
50000,64,rcfopcitm,2,8,6,12.719999999999999
50000,64,rcfopcitm,2,8,7,12.829999999999997
50000,64,rcfopcitm,2,8,8,12.970000000000004
50000,64,rcfopcitm,2,8,9,12.709999999999999
50000,64,rcfopcitm,2,9,0,12.990000000000002
50000,64,rcfopcitm,2,9,1,13.200000000000001
50000,64,rcfopcitm,2,9,2,13.039999999999996
50000,64,rcfopcitm,2,9,3,12.770000000000003
50000,64,rcfopcitm,2,9,4,12.880000000000003
50000,64,rcfopcitm,2,9,5,12.739999999999995
50000,64,rcfopcitm,2,9,6,12.960000000000004
50000,64,rcfopcitm,2,9,7,13.260000000000005
50000,64,rcfopcitm,2,9,8,13.080000000000002
50000,64,rcfopcitm,2,9,9,12.719999999999999
50000,64,rcfopcitm,3,1,0,12.690000000000001
50000,64,rcfopcitm,3,1,1,12.560000000000004
50000,64,rcfopcitm,3,1,2,12.639999999999995
50000,64,rcfopcitm,3,1,3,12.4
50000,64,rcfopcitm,3,1,4,12.560000000000004
50000,64,rcfopcitm,3,1,5,12.1
50000,64,rcfopcitm,3,1,6,12.519999999999998
50000,64,rcfopcitm,3,1,7,12.419999999999998
50000,64,rcfopcitm,3,1,8,12.409999999999998
50000,64,rcfopcitm,3,1,9,12.629999999999997
50000,64,rcfopcitm,3,10,0,14.229999999999999
50000,64,rcfopcitm,3,10,1,14.190000000000003
50000,64,rcfopcitm,3,10,2,14.52
50000,64,rcfopcitm,3,10,3,14.039999999999997
50000,64,rcfopcitm,3,10,4,14.270000000000005
50000,64,rcfopcitm,3,10,5,14.859999999999996
50000,64,rcfopcitm,3,10,6,13.900000000000002
50000,64,rcfopcitm,3,10,7,14.380000000000004
50000,64,rcfopcitm,3,10,8,14.729999999999999
50000,64,rcfopcitm,3,10,9,14.21
50000,64,rcfopcitm,3,2,0,12.460000000000004
50000,64,rcfopcitm,3,2,1,12.429999999999996
50000,64,rcfopcitm,3,2,2,12.690000000000001
50000,64,rcfopcitm,3,2,3,12.2
50000,64,rcfopcitm,3,2,4,12.519999999999998
50000,64,rcfopcitm,3,2,5,12.290000000000001
50000,64,rcfopcitm,3,2,6,12.6
50000,64,rcfopcitm,3,2,7,12.450000000000006
50000,64,rcfopcitm,3,2,8,12.5
50000,64,rcfopcitm,3,2,9,12.470000000000002
50000,64,rcfopcitm,3,3,0,12.680000000000003
50000,64,rcfopcitm,3,3,1,12.549999999999994
50000,64,rcfopcitm,3,3,2,12.880000000000003
50000,64,rcfopcitm,3,3,3,12.490000000000002
50000,64,rcfopcitm,3,3,4,12.470000000000002
50000,64,rcfopcitm,3,3,5,12.309999999999999
50000,64,rcfopcitm,3,3,6,12.370000000000003
50000,64,rcfopcitm,3,3,7,12.649999999999995
50000,64,rcfopcitm,3,3,8,12.539999999999996
50000,64,rcfopcitm,3,3,9,12.660000000000004
50000,64,rcfopcitm,3,4,0,12.809999999999999
50000,64,rcfopcitm,3,4,1,12.829999999999997
50000,64,rcfopcitm,3,4,2,12.309999999999999
50000,64,rcfopcitm,3,4,3,12.839999999999996
50000,64,rcfopcitm,3,4,4,12.770000000000003
50000,64,rcfopcitm,3,4,5,12.819999999999999
50000,64,rcfopcitm,3,4,6,12.760000000000005
50000,64,rcfopcitm,3,4,7,12.860000000000005
50000,64,rcfopcitm,3,4,8,12.89
50000,64,rcfopcitm,3,4,9,12.519999999999998
50000,64,rcfopcitm,3,5,0,12.880000000000003
50000,64,rcfopcitm,3,5,1,13.129999999999997
50000,64,rcfopcitm,3,5,2,12.739999999999995
50000,64,rcfopcitm,3,5,3,13.090000000000002
50000,64,rcfopcitm,3,5,4,12.849999999999994
50000,64,rcfopcitm,3,5,5,12.590000000000002
50000,64,rcfopcitm,3,5,6,12.9
50000,64,rcfopcitm,3,5,7,12.880000000000003
50000,64,rcfopcitm,3,5,8,12.660000000000004
50000,64,rcfopcitm,3,5,9,12.9
50000,64,rcfopcitm,3,6,0,12.739999999999995
50000,64,rcfopcitm,3,6,1,12.880000000000003
50000,64,rcfopcitm,3,6,2,13.090000000000002
50000,64,rcfopcitm,3,6,3,13.0
50000,64,rcfopcitm,3,6,4,12.960000000000004
50000,64,rcfopcitm,3,6,5,13.160000000000005
50000,64,rcfopcitm,3,6,6,12.880000000000003
50000,64,rcfopcitm,3,6,7,12.809999999999999
50000,64,rcfopcitm,3,6,8,12.970000000000004
50000,64,rcfopcitm,3,6,9,12.819999999999999
50000,64,rcfopcitm,3,7,0,13.249999999999995
50000,64,rcfopcitm,3,7,1,13.160000000000005
50000,64,rcfopcitm,3,7,2,13.439999999999996
50000,64,rcfopcitm,3,7,3,13.390000000000002
50000,64,rcfopcitm,3,7,4,13.339999999999996
50000,64,rcfopcitm,3,7,5,12.980000000000002
50000,64,rcfopcitm,3,7,6,13.170000000000003
50000,64,rcfopcitm,3,7,7,13.039999999999996
50000,64,rcfopcitm,3,7,8,12.960000000000004
50000,64,rcfopcitm,3,7,9,13.090000000000002
50000,64,rcfopcitm,3,8,0,14.059999999999995
50000,64,rcfopcitm,3,8,1,13.939999999999998
50000,64,rcfopcitm,3,8,2,13.580000000000004
50000,64,rcfopcitm,3,8,3,13.690000000000001
50000,64,rcfopcitm,3,8,4,13.719999999999999
50000,64,rcfopcitm,3,8,5,13.319999999999999
50000,64,rcfopcitm,3,8,6,13.470000000000004
50000,64,rcfopcitm,3,8,7,13.490000000000002
50000,64,rcfopcitm,3,8,8,13.419999999999998
50000,64,rcfopcitm,3,8,9,13.249999999999995
50000,64,rcfopcitm,3,9,0,14.349999999999996
50000,64,rcfopcitm,3,9,1,13.859999999999994
50000,64,rcfopcitm,3,9,2,14.32
50000,64,rcfopcitm,3,9,3,14.029999999999998
50000,64,rcfopcitm,3,9,4,13.859999999999994
50000,64,rcfopcitm,3,9,5,13.729999999999997
50000,64,rcfopcitm,3,9,6,13.81
50000,64,rcfopcitm,3,9,7,14.059999999999995
50000,64,rcfopcitm,3,9,8,13.759999999999994
50000,64,rcfopcitm,3,9,9,13.8
50000,64,rcfopcitm,5,1,0,12.670000000000003
50000,64,rcfopcitm,5,1,1,12.329999999999997
50000,64,rcfopcitm,5,1,2,12.580000000000002
50000,64,rcfopcitm,5,1,3,12.329999999999997
50000,64,rcfopcitm,5,1,4,12.61
50000,64,rcfopcitm,5,1,5,12.660000000000004
50000,64,rcfopcitm,5,1,6,12.350000000000005
50000,64,rcfopcitm,5,1,7,12.580000000000002
50000,64,rcfopcitm,5,1,8,12.270000000000003
50000,64,rcfopcitm,5,1,9,12.4
50000,64,rcfopcitm,5,10,0,19.299999999999994
50000,64,rcfopcitm,5,10,1,19.489999999999995
50000,64,rcfopcitm,5,10,2,19.46
50000,64,rcfopcitm,5,10,3,19.020000000000003
50000,64,rcfopcitm,5,10,4,19.389999999999997
50000,64,rcfopcitm,5,10,5,19.189999999999998
50000,64,rcfopcitm,5,10,6,19.610000000000007
50000,64,rcfopcitm,5,10,7,19.210000000000004
50000,64,rcfopcitm,5,10,8,19.389999999999997
50000,64,rcfopcitm,5,10,9,19.679999999999996
50000,64,rcfopcitm,5,2,0,12.760000000000005
50000,64,rcfopcitm,5,2,1,12.709999999999999
50000,64,rcfopcitm,5,2,2,12.749999999999995
50000,64,rcfopcitm,5,2,3,12.590000000000002
50000,64,rcfopcitm,5,2,4,12.360000000000005
50000,64,rcfopcitm,5,2,5,12.809999999999999
50000,64,rcfopcitm,5,2,6,12.709999999999999
50000,64,rcfopcitm,5,2,7,12.380000000000003
50000,64,rcfopcitm,5,2,8,12.4
50000,64,rcfopcitm,5,2,9,12.729999999999997
50000,64,rcfopcitm,5,3,0,12.849999999999994
50000,64,rcfopcitm,5,3,1,12.849999999999994
50000,64,rcfopcitm,5,3,2,12.809999999999999
50000,64,rcfopcitm,5,3,3,12.919999999999998
50000,64,rcfopcitm,5,3,4,13.0
50000,64,rcfopcitm,5,3,5,12.880000000000003
50000,64,rcfopcitm,5,3,6,12.570000000000004
50000,64,rcfopcitm,5,3,7,12.9
50000,64,rcfopcitm,5,3,8,12.549999999999994
50000,64,rcfopcitm,5,3,9,12.560000000000004
50000,64,rcfopcitm,5,4,0,12.990000000000002
50000,64,rcfopcitm,5,4,1,13.060000000000006
50000,64,rcfopcitm,5,4,2,13.270000000000003
50000,64,rcfopcitm,5,4,3,12.680000000000003
50000,64,rcfopcitm,5,4,4,12.760000000000005
50000,64,rcfopcitm,5,4,5,13.029999999999998
50000,64,rcfopcitm,5,4,6,12.829999999999997
50000,64,rcfopcitm,5,4,7,13.0
50000,64,rcfopcitm,5,4,8,12.809999999999999
50000,64,rcfopcitm,5,4,9,13.100000000000001
50000,64,rcfopcitm,5,5,0,12.749999999999995
50000,64,rcfopcitm,5,5,1,13.11
50000,64,rcfopcitm,5,5,2,13.239999999999997
50000,64,rcfopcitm,5,5,3,13.529999999999998
50000,64,rcfopcitm,5,5,4,13.309999999999999
50000,64,rcfopcitm,5,5,5,13.019999999999998
50000,64,rcfopcitm,5,5,6,13.090000000000002
50000,64,rcfopcitm,5,5,7,13.170000000000003
50000,64,rcfopcitm,5,5,8,13.249999999999995
50000,64,rcfopcitm,5,5,9,13.119999999999997
50000,64,rcfopcitm,5,6,0,13.260000000000005
50000,64,rcfopcitm,5,6,1,13.660000000000005
50000,64,rcfopcitm,5,6,2,13.380000000000003
50000,64,rcfopcitm,5,6,3,13.590000000000002
50000,64,rcfopcitm,5,6,4,14.090000000000003
50000,64,rcfopcitm,5,6,5,13.380000000000003
50000,64,rcfopcitm,5,6,6,13.529999999999998
50000,64,rcfopcitm,5,6,7,13.81
50000,64,rcfopcitm,5,6,8,13.539999999999996
50000,64,rcfopcitm,5,6,9,13.470000000000004
50000,64,rcfopcitm,5,7,0,14.290000000000003
50000,64,rcfopcitm,5,7,1,14.3
50000,64,rcfopcitm,5,7,2,14.759999999999994
50000,64,rcfopcitm,5,7,3,14.11
50000,64,rcfopcitm,5,7,4,14.32
50000,64,rcfopcitm,5,7,5,14.270000000000005
50000,64,rcfopcitm,5,7,6,14.080000000000004
50000,64,rcfopcitm,5,7,7,14.42
50000,64,rcfopcitm,5,7,8,14.510000000000002
50000,64,rcfopcitm,5,7,9,14.729999999999999
50000,64,rcfopcitm,5,8,0,15.239999999999998
50000,64,rcfopcitm,5,8,1,15.239999999999998
50000,64,rcfopcitm,5,8,2,15.239999999999998
50000,64,rcfopcitm,5,8,3,15.42
50000,64,rcfopcitm,5,8,4,15.039999999999997
50000,64,rcfopcitm,5,8,5,15.359999999999996
50000,64,rcfopcitm,5,8,6,15.700000000000003
50000,64,rcfopcitm,5,8,7,15.200000000000003
50000,64,rcfopcitm,5,8,8,14.870000000000005
50000,64,rcfopcitm,5,8,9,15.269999999999994
50000,64,rcfopcitm,5,9,0,16.410000000000004
50000,64,rcfopcitm,5,9,1,16.479999999999993
50000,64,rcfopcitm,5,9,2,16.310000000000002
50000,64,rcfopcitm,5,9,3,16.390000000000004
50000,64,rcfopcitm,5,9,4,16.590000000000003
50000,64,rcfopcitm,5,9,5,16.369999999999997
50000,64,rcfopcitm,5,9,6,16.259999999999998
50000,64,rcfopcitm,5,9,7,16.300000000000004
50000,64,rcfopcitm,5,9,8,16.569999999999997
50000,64,rcfopcitm,5,9,9,16.279999999999994
50000,64,rcfopcitm,7,1,0,12.819999999999999
50000,64,rcfopcitm,7,1,1,12.290000000000001
50000,64,rcfopcitm,7,1,2,12.309999999999999
50000,64,rcfopcitm,7,1,3,12.460000000000004
50000,64,rcfopcitm,7,1,4,12.329999999999997
50000,64,rcfopcitm,7,1,5,12.7
50000,64,rcfopcitm,7,1,6,12.5
50000,64,rcfopcitm,7,1,7,12.580000000000002
50000,64,rcfopcitm,7,1,8,12.280000000000001
50000,64,rcfopcitm,7,1,9,12.590000000000002
50000,64,rcfopcitm,7,10,0,20.36
50000,64,rcfopcitm,7,10,1,20.409999999999997
50000,64,rcfopcitm,7,10,2,20.27
50000,64,rcfopcitm,7,10,3,19.46
50000,64,rcfopcitm,7,10,4,20.609999999999996
50000,64,rcfopcitm,7,10,5,20.340000000000003
50000,64,rcfopcitm,7,10,6,20.420000000000005
50000,64,rcfopcitm,7,10,7,19.53
50000,64,rcfopcitm,7,10,8,20.46
50000,64,rcfopcitm,7,10,9,20.49
50000,64,rcfopcitm,7,2,0,12.539999999999996
50000,64,rcfopcitm,7,2,1,12.6
50000,64,rcfopcitm,7,2,2,12.549999999999994
50000,64,rcfopcitm,7,2,3,12.729999999999997
50000,64,rcfopcitm,7,2,4,12.429999999999996
50000,64,rcfopcitm,7,2,5,12.960000000000004
50000,64,rcfopcitm,7,2,6,12.849999999999994
50000,64,rcfopcitm,7,2,7,12.709999999999999
50000,64,rcfopcitm,7,2,8,12.839999999999996
50000,64,rcfopcitm,7,2,9,12.990000000000002
50000,64,rcfopcitm,7,3,0,12.91
50000,64,rcfopcitm,7,3,1,13.149999999999995
50000,64,rcfopcitm,7,3,2,12.970000000000004
50000,64,rcfopcitm,7,3,3,13.080000000000002
50000,64,rcfopcitm,7,3,4,12.61
50000,64,rcfopcitm,7,3,5,13.039999999999996
50000,64,rcfopcitm,7,3,6,13.149999999999995
50000,64,rcfopcitm,7,3,7,13.119999999999997
50000,64,rcfopcitm,7,3,8,12.790000000000001
50000,64,rcfopcitm,7,3,9,12.709999999999999
50000,64,rcfopcitm,7,4,0,13.180000000000003
50000,64,rcfopcitm,7,4,1,13.41
50000,64,rcfopcitm,7,4,2,13.370000000000005
50000,64,rcfopcitm,7,4,3,13.570000000000004
50000,64,rcfopcitm,7,4,4,13.360000000000005
50000,64,rcfopcitm,7,4,5,13.670000000000005
50000,64,rcfopcitm,7,4,6,13.439999999999996
50000,64,rcfopcitm,7,4,7,13.339999999999996
50000,64,rcfopcitm,7,4,8,13.180000000000003
50000,64,rcfopcitm,7,4,9,13.62
50000,64,rcfopcitm,7,5,0,14.390000000000002
50000,64,rcfopcitm,7,5,1,14.159999999999995
50000,64,rcfopcitm,7,5,2,14.429999999999998
50000,64,rcfopcitm,7,5,3,14.059999999999995
50000,64,rcfopcitm,7,5,4,14.290000000000003
50000,64,rcfopcitm,7,5,5,14.149999999999995
50000,64,rcfopcitm,7,5,6,14.080000000000004
50000,64,rcfopcitm,7,5,7,14.049999999999995
50000,64,rcfopcitm,7,5,8,14.429999999999998
50000,64,rcfopcitm,7,5,9,14.180000000000003
50000,64,rcfopcitm,7,6,0,15.21
50000,64,rcfopcitm,7,6,1,14.680000000000003
50000,64,rcfopcitm,7,6,2,15.200000000000003
50000,64,rcfopcitm,7,6,3,15.480000000000004
50000,64,rcfopcitm,7,6,4,15.549999999999997
50000,64,rcfopcitm,7,6,5,15.190000000000003
50000,64,rcfopcitm,7,6,6,15.090000000000003
50000,64,rcfopcitm,7,6,7,15.03
50000,64,rcfopcitm,7,6,8,15.21
50000,64,rcfopcitm,7,6,9,15.010000000000002
50000,64,rcfopcitm,7,7,0,16.810000000000002
50000,64,rcfopcitm,7,7,1,16.890000000000004
50000,64,rcfopcitm,7,7,2,17.069999999999997
50000,64,rcfopcitm,7,7,3,16.800000000000004
50000,64,rcfopcitm,7,7,4,17.000000000000004
50000,64,rcfopcitm,7,7,5,16.74
50000,64,rcfopcitm,7,7,6,16.910000000000004
50000,64,rcfopcitm,7,7,7,16.95
50000,64,rcfopcitm,7,7,8,17.06
50000,64,rcfopcitm,7,7,9,16.590000000000003
50000,64,rcfopcitm,7,8,0,21.030000000000005
50000,64,rcfopcitm,7,8,1,20.399999999999995
50000,64,rcfopcitm,7,8,2,20.020000000000003
50000,64,rcfopcitm,7,8,3,20.05
50000,64,rcfopcitm,7,8,4,19.759999999999998
50000,64,rcfopcitm,7,8,5,20.289999999999996
50000,64,rcfopcitm,7,8,6,20.279999999999998
50000,64,rcfopcitm,7,8,7,20.330000000000005
50000,64,rcfopcitm,7,8,8,20.58
50000,64,rcfopcitm,7,8,9,19.630000000000003
50000,64,rcfopcitm,7,9,0,21.109999999999996
50000,64,rcfopcitm,7,9,1,20.279999999999998
50000,64,rcfopcitm,7,9,2,20.199999999999996
50000,64,rcfopcitm,7,9,3,20.46
50000,64,rcfopcitm,7,9,4,20.040000000000003
50000,64,rcfopcitm,7,9,5,19.720000000000006
50000,64,rcfopcitm,7,9,6,20.920000000000005
50000,64,rcfopcitm,7,9,7,20.650000000000002
50000,64,rcfopcitm,7,9,8,20.830000000000005
50000,64,rcfopcitm,7,9,9,20.199999999999996
